seq_id	AKAP8L_K562	AQR_HepG2	AQR_K562	BUD13_HepG2	BUD13_K562	CDC40_HepG2	DDX42_K562	EFTUD2_HepG2	EFTUD2_K562	EWSR1_K562	FMR1_K562	FUS_HepG2	FUS_K562	GEMIN5_K562	GPKOW_K562	HNRNPA1_HepG2	HNRNPA1_K562	HNRNPC_HepG2	HNRNPC_K562	HNRNPK_HepG2	HNRNPK_K562	HNRNPL_HepG2	HNRNPL_K562	HNRNPM_HepG2	HNRNPM_K562	HNRNPU_HepG2	HNRNPU_K562	KHDRBS1_K562	KHSRP_HepG2	KHSRP_K562	MATR3_HepG2	MATR3_K562	NCBP2_HepG2	NCBP2_K562	NONO_K562	PCBP1_HepG2	PCBP1_K562	PCBP2_HepG2	PPIG_HepG2	PRPF4_HepG2	PRPF8_HepG2	PRPF8_K562	PTBP1_HepG2	PTBP1_K562	QKI_HepG2	QKI_K562	RBFOX2_HepG2	RBFOX2_K562	RBM15_HepG2	RBM15_K562	RBM22_HepG2	RBM22_K562	RBM5_HepG2	SAFB_HepG2	SAFB_K562	SF3A3_HepG2	SF3B1_K562	SF3B4_HepG2	SF3B4_K562	SFPQ_HepG2	SMNDC1_HepG2	SMNDC1_K562	SND1_HepG2	SND1_K562	SRSF1_HepG2	SRSF1_K562	SRSF7_HepG2	SRSF7_K562	SRSF9_HepG2	SUGP2_HepG2	TARDBP_K562	TIA1_HepG2	TIA1_K562	TIAL1_HepG2	TRA2A_HepG2	TRA2A_K562	U2AF1_HepG2	U2AF1_K562	U2AF2_HepG2	U2AF2_K562	ZRANB2_K562
chr1:11802880:-:chr1:11802880:C>T	-0.0006949468	-0.01059064	-0.022363879	-0.00033140182	-0.0006995201	-0.0006124323	7.44733e-05	-0.00083138724	-0.0005086552	0.00037876042	8.233027e-05	0.00038968434	0.0005571842	-0.00044420632	-0.0010597922	0.00011812015	0.00018408081	4.2481857e-05	0.00032860582	5.2332878e-05	0.00028971108	0.00045091455	0.0007851124	-0.000103847546	1.2300231e-05	0.00028398904	9.097294e-05	0.0003695488	0.00048633057	-0.00014721263	0.00017019836	0.0003126101	0.0005012967	0.00054455886	0.00023720482	0.00064412033	0.0007390705	0.00039815903	0.00042583726	0.0005542582	-0.005843607	-0.003937331	0.00018835068	0.00057001004	0.0004941117	0.000595743	6.4373016e-06	0.00015948036	-3.077767e-05	-0.00031539527	-1.560558e-06	0.00041116367	-0.00024410812	6.997585e-05	0.00025970285	0.00020217354	-0.00032232024	-0.00010856173	-0.0024139015	0.00013377449	0.0004207817	3.2511625e-07	-0.00018869746	0.0007699728	6.9899994e-07	0.00033693964	-1.3161789e-05	0.00030357728	-2.173402e-05	0.00023193793	0.00022177263	-0.000114061615	-0.00022022291	0.0002404343	0.00027575277	0.00010476329	4.1203064e-05	-1.6916882e-05	-2.650781e-05	-6.3874504e-05	0.0007246299
chr1:26731605:+:chr1:26731605:G>C	-0.00048388133	-0.0228348	-0.038392846	-0.002443487	-0.0016275753	-0.0009352077	0.00095501816	-0.004091306	-0.00311431	0.0014055208	0.0008910082	0.0009379387	0.001503771	-0.0008207885	-0.0032349066	0.0011696165	0.0013004433	0.00060324237	0.00063618744	0.0013342228	0.0021858325	0.00088130345	0.0014594469	0.00090829894	0.00080451096	0.0012395165	0.0011765957	0.0007091435	0.0006250035	7.729097e-05	0.0005248243	0.00093347376	0.0012021716	0.0013819174	0.0013160706	0.0012575604	0.0023567893	0.003930439	-0.0002540675	0.0009687597	-0.019143408	-0.010004586	0.0007284121	0.0015989434	0.001097755	0.0014551445	0.0005757375	0.0009610003	-0.0001707077	-0.0005059676	0.0007129582	0.0016631647	0.00011933933	0.0008145029	0.0010142543	9.996241e-05	-0.0010345633	-0.0014747923	-0.012331269	0.0011438456	0.0016015227	0.0008096695	0.0004234043	0.0011451624	0.00038103623	0.00075713074	0.0006469163	0.0011186383	0.0009781773	0.00077598746	0.00083135476	0.0007311864	0.0003354116	0.0014556971	0.0010159016	0.0012100394	0.00102106	0.00063815987	0.0005073764	0.00040366434	0.0015564398
chr1:26767787:+:chr1:26767787:C>G	0.00043751978	-0.0005644885	-0.0003331141	8.2232735e-05	-2.1674417e-07	0.00014723431	7.387725e-05	-4.5667995e-05	-2.5098974e-05	4.2481857e-05	0.0001445792	8.945032e-05	0.00021531364	0.00024648148	-0.0005934672	1.5280464e-06	-1.8921766e-05	5.582246e-05	0.0002803369	-0.00010702827	-0.00016979738	-0.000184601	-0.00010518594	4.293702e-05	3.325939e-05	0.00016663292	2.8913671e-05	2.1392649e-05	4.686009e-05	-6.190213e-05	0.00032394583	4.7640366e-05	0.00042813475	0.00027667393	0.00017400221	0.0005924918	0.00018780882	-0.000192989	0.0005716519	0.000870683	-0.00014623729	-0.00013505328	0.00048182227	0.00029433856	1.94853e-05	0.00027743253	9.753487e-08	0.00027825616	0.00033166193	0.00029429523	0.00015342236	6.385283e-05	-0.0002478036	-5.9171158e-05	0.00012137673	-0.0011461865	0.00017632138	-0.00046084143	-0.00078946893	0.000112425194	0.00023759496	-0.00031128796	0.0002580502	0.000814362	0.00027857043	0.0010342598	0.0010005344	0.002095309	0.0002966686	3.3053486e-05	0.00029557402	6.051497e-05	6.643208e-05	4.1517345e-05	0.00080201845	0.0006557161	-0.00028324127	-0.00074187195	-0.0016747605	-0.0016054023	0.0001811331
chr1:26772633:+:chr1:26772633:G>A	-0.00013477152	-0.007980433	-0.01751982	-0.0004861138	-0.00048060852	-8.518046e-05	0.0023537548	-0.001027454	-0.0010189143	0.0010471344	0.0024192876	0.0011723258	0.0013065338	-6.7992645e-05	-0.0017206018	0.004285032	0.0030891679	0.0015623353	0.0015239932	0.002067696	0.00091257965	0.0007946708	0.0016734817	0.0010645606	0.0017517697	0.0010202582	0.002193776	0.001007817	0.0006164204	0.00045403567	8.721785e-05	0.00016854027	0.001353914	0.0013899152	0.0009972398	0.0003017729	0.00080781634	0.0018645633	0.00017346036	0.0006237897	-0.017716754	-0.0042120325	0.0004079125	0.0006451173	0.0017176542	0.0007012107	0.0031479923	0.0006704764	0.0005407767	-3.008409e-05	0.00025012277	0.0015049197	-0.00012302399	0.0017577518	0.0003578446	8.880009e-05	-0.0011178796	0.00014077533	-0.002789194	0.0006780841	0.0006320043	0.0003913316	0.00062880735	0.000450286	0.0018352595	0.00037423047	0.0010675517	0.0005797256	0.0014048707	0.0007747737	0.0002939376	0.0022224514	0.00063579733	0.001515085	0.0013045181	0.0019703778	0.001530734	0.0009183667	0.00047284906	0.0007281737	0.0011906191
chr1:26773899:+:chr1:26773899:G>A	-0.0011436072	-0.024720235	-0.040187012	-0.001580195	-0.0014240091	-0.0016273152	0.0028703862	-0.003168106	-0.0023609942	0.001970031	0.006641041	0.0009768226	0.0018649643	-0.0007146922	-0.004411437	0.0037401805	0.0025317452	0.0003762137	0.0007922324	0.0012576364	0.000988711	0.0004338568	0.0010328726	0.0029197389	0.0021341064	0.0015384067	0.0026013851	0.0009928074	0.0006201051	-5.4792923e-05	0.0001667196	0.0003105727	0.0026313716	0.0020227106	0.0013538924	0.0011490042	0.0014710318	0.0016097047	0.003564011	0.001763463	-0.024060857	-0.0075344173	0.0005947677	0.001413963	0.0006819097	0.0013150193	0.00013160706	0.00048691576	0.0003079501	-0.0011386438	-0.00014907663	0.00033399733	-0.0011146285	0.0017101548	0.0007666241	0.00017792528	-0.0068844883	0.0001180172	-0.008815787	0.0015382116	0.0016367002	0.00072364375	0.004729818	0.0028592944	0.005796476	0.0031310862	0.0036508604	0.0030599507	0.0055211675	0.0005199909	0.001774647	0.00037000395	0.00027289175	0.00015735626	0.0040861475	0.0046663284	0.0023601055	0.0013068806	0.00043056227	0.0006494522	0.0019839893
chr1:26773899:+:chr1:26773899:G>C	-0.0014245077	-0.025105953	-0.040355336	-0.0019943498	-0.0017806833	-0.0018184836	0.002160159	-0.0032444866	-0.0025467873	0.0014683116	0.005055341	0.000619975	0.0011185841	-0.0009232001	-0.004570441	0.0021647105	0.001772187	0.00027492913	0.00043313068	0.001091697	0.00082519924	0.00040481306	0.0007086234	0.0024068356	0.0018922199	0.0012719848	0.0018287356	0.0005273277	0.00037102264	-0.0006047162	3.832037e-05	0.00017931244	0.0022859683	0.0014860522	0.0011027292	0.00081807916	0.0010515884	0.0013030551	0.002812689	0.001455513	-0.02415449	-0.0077337786	0.0005379807	0.0011999066	0.00068832526	0.0010459964	-0.00081409106	0.0002441623	-0.0001113198	-0.0012134638	-0.0004282431	0.00022081354	-0.0012464523	0.000987183	0.0006242665	-2.4123625e-05	-0.0070443586	-6.22706e-05	-0.008916703	0.0012300882	0.0013187799	0.00065601955	0.004373144	0.0026311928	0.005425063	0.0032884425	0.0035931198	0.002851703	0.005572839	0.00037915056	0.0012787364	2.5380741e-05	0.00039743294	5.1715157e-05	0.0034579365	0.0037539222	0.002010367	0.0010424528	0.00034031	0.0004913157	0.0017018751
chr1:26773899:+:chr1:26773899:G>T	-0.0008183176	-0.023523634	-0.039149806	-0.0013066638	-0.001061006	-0.0012514808	0.0027188389	-0.0027595	-0.0018637831	0.0021657944	0.0066649695	0.0013550845	0.0016201301	-0.00042109055	-0.0039632972	0.007054979	0.005685546	0.0007453073	0.0006238656	0.0017145331	0.0015948144	0.0013675039	0.0018435825	0.0028906085	0.0028417327	0.0018512119	0.002526912	0.0012985901	0.00090586056	0.0005638816	0.00042109055	0.0005146157	0.0033846877	0.0019918464	0.0017371828	0.0015593442	0.0017537529	0.002103968	0.003308253	0.0019404129	-0.02213218	-0.0064397724	0.001228961	0.0018160668	0.0012868859	0.001529336	0.00097118726	0.0008402087	0.0013690428	0.0008051179	0.00035281616	0.000874839	-0.00075006485	0.0019301068	0.0011026643	0.00039332564	-0.0064659985	-5.3384087e-05	-0.008550536	0.0015017986	0.001969099	0.001069394	0.0048466865	0.0035488876	0.0056770067	0.0032118016	0.0041596023	0.0032303117	0.0050921873	0.0008309754	0.0020314455	0.0011014722	0.00020394543	0.00045737354	0.004609108	0.0043007242	0.0027427024	0.0018238588	0.00074800575	0.0010675084	0.0024587458
chr1:26775575:+:chr1:26775575:A>T	0.00054292247	0.00011838566	-0.00031562286	0.0004852902	-4.0856274e-05	0.0007259412	0.0007390976	0.00011864575	8.496371e-06	0.00044631958	0.0016365484	0.00062875316	0.00048656898	0.00056570227	-0.0004454526	-0.002427578	-0.0021602025	0.0022687912	0.00028690425	0.0005186254	0.0004552061	-7.51452e-05	-0.00016301329	0.0030636787	0.0032162233	0.00040812927	0.00082518836	0.0003442114	0.000538956	9.3871895e-05	0.0005461953	0.00056744704	0.0013108253	0.0004827543	0.00054734404	0.00059331546	0.00035421413	0.00064804335	0.0013345805	0.0010453571	0.00026919626	8.572231e-05	0.0005126866	0.0002519651	0.00042865492	0.0005731799	0.00024665485	0.00042650916	0.0020820445	0.002717495	0.0002773025	0.00016701221	0.0021643206	5.1498413e-05	0.0009271015	-0.0013394789	-0.00046534973	0.0037592107	0.0008787675	0.0006330447	0.00049625745	0.0003527728	0.0016533245	0.00091466034	0.002308412	0.0034216968	0.0015221942	0.00053724373	0.010745656	0.00060662354	0.0010641705	0.0018821196	0.0003055822	0.000533765	0.00053505466	0.0012834289	-0.0015095797	-0.0020614536	-0.0012130087	-0.0019424612	0.00055852806
chr1:46196730:-:chr1:46196730:C>T	-0.00076474925	-0.011026057	-0.030496836	-0.001741496	-0.0017550642	-0.0012468641	0.0007889054	-0.0024678058	-0.0025797973	0.0002168742	0.0027175546	-7.024678e-05	0.00014333292	-0.0007176833	-0.0029625027	0.0004970811	0.00019962137	0.0004116405	4.868074e-05	0.00063193927	7.2630966e-05	-0.0001792691	1.7859718e-05	0.00074551324	0.0010325692	-0.0003491315	0.00035879828	-0.00015127659	-0.00013403459	-0.00025354733	-0.0002240051	-0.00017939914	0.000496951	2.2292137e-05	-0.00020922314	-2.1685253e-05	-2.961809e-05	-0.00044142117	9.084831e-05	0.0002518459	-0.025783105	-0.010363839	-0.00021184575	-3.7063253e-06	0.0001026392	0.00019754063	0.00051316345	-0.00032650342	-0.00025029617	-0.00083151733	-0.0008733706	0.0007755323	-0.0010399818	-7.705255e-05	9.211627e-05	-0.00035825642	-0.0019732388	-0.00039857085	-0.005009684	0.00012417273	0.0001872236	-0.00037839197	0.0020116458	0.00069562957	0.0011571537	0.00055759604	0.0010810115	0.00032948365	0.0015179894	-6.9943344e-05	8.154999e-05	-0.0007671226	-0.00080199674	-0.00045897745	0.0006000129	0.0012051626	0.0006913272	0.000395298	8.186427e-05	0.0001541051	0.00021149895
chr1:50970498:+:chr1:50970498:G>T	-2.9488043e-05	-0.0091433525	-0.02289785	-0.0012379126	-0.0007862828	-0.0004560514	6.204302e-06	-0.0009224415	-0.0014483278	0.00021191077	0.00019592047	0.00025926938	0.00015484203	-0.00010171803	-0.0024588867	0.00037067587	0.0008522164	0.00031661987	0.00022058054	2.3180788e-05	0.00019489093	0.00012461706	0.00028268856	-6.9824135e-05	-3.221902e-05	0.00024113872	0.00026231463	0.00064992905	-3.5936184e-05	-0.00034017998	8.839911e-05	5.35629e-05	0.00040235303	0.00021847812	0.00024265592	0.00015161255	0.000213493	0.00027050756	-0.00015735626	0.00015584989	-0.0077193975	-0.004585591	8.192929e-06	6.736408e-05	0.00018783049	0.0002057769	-0.00021518902	0.0002826344	-7.6489014e-05	9.490143e-05	-0.0006589998	0.0001676191	6.339767e-05	0.0003076033	0.00012299148	4.425916e-05	-0.00079552695	-0.0002590526	-0.0042711603	0.00051977416	0.00012134422	-7.705255e-05	1.0219487e-05	0.00011888417	6.4773994e-05	0.00025874918	-2.1403486e-05	0.00017324903	1.8201092e-05	0.00031317363	0.0010960969	-0.0003016862	-0.00033784995	-0.0001721924	0.00018333305	0.00023112514	0.00017603961	-4.4324183e-06	0.00013317844	-3.9718366e-06	0.00013587692
chr1:75732642:+:chr1:75732642:A>G	-0.0010579283	0.00044025073	-7.013841e-05	-0.00022680109	-0.00027916647	-0.0005788803	-0.0006487586	-0.00017244165	-0.00025367737	-0.0007557002	-0.0007693009	-0.0009255843	-0.00094008446	-0.0003837672	-0.00055451825	-0.001030185	-0.0011015371	0.0005679997	-0.00059240515	-0.0008945465	-0.0018666874	-0.0008435683	-0.0010182641	-0.00047562338	0.00012397766	-0.00074750726	-0.00056284125	-0.00069709256	-0.00042672592	-4.588474e-05	-0.0010692857	-0.0007611188	-0.001376152	-0.0017410625	-0.0010316588	-0.00077793817	-0.0010622632	-0.0015799348	-0.0007847873	-0.0011617487	0.00013455478	0.00010065599	-0.00076077203	-0.0010308352	-0.00011920929	-0.00016039069	-0.00022563068	-0.0004714619	-0.00063523377	0.00031896072	-0.00041874973	4.26986e-06	7.074529e-05	-0.0009197755	-0.000695532	-8.730455e-05	-0.0018154491	0.0012382594	-0.0005350113	-0.00096347113	-0.0007755106	-0.0009863593	-0.0015340068	-0.00090254436	0.002133543	0.0016455217	-0.0006157702	-0.0006990433	7.386641e-05	-0.00058165466	-0.0009729212	-6.740743e-05	0.002520106	-0.00013661385	-0.00096347113	-0.0014554803	0.0015505011	-0.0022543126	0.0013432936	-0.0007053722	-0.00082232733
chr1:75734789:+:chr1:75734789:A>G	0.00012545152	-0.0007178567	-0.00026065652	-1.1053952e-05	-0.00015241449	0.0005224835	0.00055196066	0.0001205531	-8.097562e-05	0.0003205646	0.0036334775	0.00035966525	0.00018882751	0.00017525932	-0.0007760741	-0.00010927157	6.2747436e-06	0.0004961274	0.0002561916	0.00058492745	8.127906e-05	6.036325e-06	-1.9246881e-05	0.0012845993	0.00077243283	0.00045091455	0.0004724156	8.3901665e-05	2.4535439e-05	-5.8325855e-05	0.00022103569	7.79412e-05	0.00054069	-0.00016815012	0.0006217523	0.0004808686	-9.909543e-05	0.00047549335	0.0004174059	0.00078274985	-2.4286184e-05	-8.420511e-05	0.0007324219	0.00052980945	0.000243317	0.0005047538	0.00044051083	0.0007096637	0.00052777206	0.0009498596	0.00016119263	-5.3860927e-06	0.00036486713	0.0002749183	0.0004963875	-0.000721628	-5.635348e-05	-8.151748e-05	-0.00068582187	0.00029520554	0.0006650578	-0.00045681	0.0013090913	0.0020028895	0.0008356788	0.0010450537	0.0020848622	0.0016624277	0.00049395993	0.00023495067	0.00040338255	0.0006603761	0.0052389666	0.00016769496	0.0013645346	0.0010024201	0.0010688956	-0.00038433075	-0.00092662463	-0.001818917	0.00036772815
chr1:75750450:+:chr1:75750450:G>A	-0.0022611185	0.0039912136	0.0029853473	0.0004194433	-0.0008581335	-0.001095425	-0.0010808598	-0.00049625745	0.00030925058	-0.0014214083	-0.009113745	-0.0022216276	-0.002490347	-0.0015335516	0.00022766808	-0.010613701	-0.009138107	-8.578734e-05	-0.0013262575	-0.0018379905	-0.0016338609	-0.0008777272	-0.0009398244	7.265264e-05	-0.0029036782	-0.0006159002	-0.0028624102	-0.0015372797	0.00018579309	0.0005045804	-0.0011307109	-0.0007592548	-0.0021701292	-0.0030212402	-0.0011537726	-0.0016707507	-0.0020210526	-0.00070500374	-0.0020205758	-0.0022441258	0.00043617596	0.0015218041	-0.001384345	-0.0018972917	0.0003577796	6.687641e-05	-0.0015673204	-0.0021233559	-0.0016998812	-0.0017321326	-0.00078105927	-0.00016919049	-0.0010361238	-0.0024843216	-0.0016382391	0.0042691664	-0.0003380342	0.007629828	0.0040884884	-0.0011062622	-0.00076476013	0.001639973	-0.005355683	-0.0024640777	-0.0053204624	-0.0025936908	-0.0027341843	-0.002575484	-0.0029056722	-0.0010488684	-0.0016992743	-0.00021494519	-0.0010307919	-0.00012122501	-0.0018746202	-0.004110813	-0.0065397783	-0.014499318	-0.0057959124	-0.010500127	-0.002522035
chr1:77964252:-:chr1:77964252:A>C	5.6922436e-05	-0.0006969517	-0.00065118074	-3.0262903e-05	1.327558e-06	-3.5605648e-05	-0.00032337688	-8.6307526e-05	-1.27933245e-05	5.115704e-05	-0.00054132397	7.162853e-05	0.00015715578	0.000116581265	-5.4879623e-05	0.00018029864	0.00032295965	7.797371e-06	0.000119886616	-0.00031198698	4.047697e-05	0.00033908	0.00023167784	-0.0002949075	-0.00028975445	0.00011338971	-0.00019269098	0.00058509543	0.00016974319	0.0002110763	-4.7120182e-05	2.6041811e-05	0.00017264215	-1.1920929e-05	0.00014013593	-5.395304e-05	0.00012899529	-3.5947018e-05	-6.981329e-05	-2.596595e-05	-0.0024092197	-0.00048578327	4.4437973e-05	-1.4429743e-05	0.0003195405	0.00036764145	-0.00017235496	0.00029712374	-4.3180855e-05	-0.00015625628	-6.963448e-05	2.1842394e-05	0.00048536062	1.4998696e-05	-1.4077534e-05	0.0001518943	-3.361702e-05	-2.9439276e-05	-0.00015749173	9.429455e-05	6.2173065e-05	0.0001912713	-0.00090500986	9.385022e-06	-0.00026888197	0.00020066717	-0.00020162626	-0.0001349124	-0.0002760833	3.0165369e-05	0.00013276664	1.4662743e-05	-5.382841e-05	6.630746e-05	-0.00017987598	-0.00025465272	-0.00011901422	-0.00012149594	-1.3638626e-05	-5.4039738e-05	8.4102154e-05
chr1:92833539:+:chr1:92833539:T>G	0.00074150343	-0.00024743515	0.00050822174	-0.00028431957	6.663799e-05	0.0016198809	0.00058568607	9.319999e-06	0.00072499836	0.0013519363	0.00021956184	0.0013094111	0.001042236	0.0010534417	0.00023634867	0.00075475196	0.00057245384	0.006464915	0.0014583197	0.0013625134	0.0015915632	0.0019802614	0.002170308	0.0014765263	0.0009090034	0.0017838586	0.001678082	0.0014118064	0.0020190424	0.0020224452	0.0012338161	0.0018521656	0.0015150796	0.0018697598	0.0023042343	0.0011125911	0.0021808418	0.0033432515	0.00045740604	0.00080826064	9.2934475e-05	0.003441675	0.0017331459	0.00132875	0.0029604922	0.0028777122	0.00091378257	0.0016181577	0.0009952621	0.0010034442	0.0014864965	0.002184131	0.0020408034	0.0009093664	0.001630485	0.00039776348	-0.0018384673	0.00026604263	-0.0030237762	0.0019440218	0.0017303553	0.00090982695	0.00020962412	0.0008179816	4.0086834e-05	0.0007833134	0.0009832219	0.00062488427	0.00064297696	0.0015431046	0.001174504	0.008811414	0.0073352945	0.0061974307	0.0007746545	0.0009205287	9.064241e-05	-0.0048712385	-0.0049995077	-0.0059853466	0.0027442088
chr1:92834778:+:chr1:92834778:G>A	-0.0029855424	0.0013936217	0.00086272846	-0.001081846	-0.0014932372	-0.0019063517	-0.0014634837	-0.00055946	0.00014308366	-0.0017194044	-0.0011463057	-0.0024197644	-0.0024614767	-0.0032550856	0.00047724898	-0.0013360544	-0.0014896664	-0.00041179766	-0.0020091534	-0.0012209091	-0.0025372126	-0.0016047738	-0.0019305185	-0.0005024238	-0.0008784153	-0.0021595522	-0.001778207	-0.0018471371	-0.00036738135	0.00058948994	-0.0023915335	-0.0016889356	-0.0033565706	-0.0029393109	-0.0022981437	-0.0032474669	-0.002766051	-0.0022720585	-0.0021716573	-0.0035182238	0.0001438802	0.0004607168	-0.0032246546	-0.0022840553	-0.0006407391	-0.0017998869	-0.00062731723	-0.002484885	-0.0027616078	-0.0024027065	-0.0010319136	-0.0007131479	-0.0013856996	-0.0021959543	-0.0028541414	0.0017825257	-0.000468059	0.0024927205	0.0032629534	-0.0017136877	-0.00039348818	0.0016433109	-0.0015904144	-0.003404509	-0.0012890155	-0.001754143	-0.0012502074	-0.0020804459	-0.0010917783	-0.0021329576	-0.002032865	-0.00090602855	-0.0008566	-0.0004698905	-0.0025495996	-0.002000191	-0.00083324587	-0.0011215861	0.0010893561	0.0012623613	-0.0011162703
chr1:108924216:+:chr1:108924216:T>C	-0.00043641438	-0.01107742	-0.03052965	-0.0013061003	-0.0012351599	-0.00043809414	-0.00011757829	-0.0008142211	-0.0007879626	-0.0001518618	8.8258224e-05	-0.0002001795	-0.00021097877	-0.0002554005	-0.0010610439	-9.466301e-06	-1.7415394e-05	-1.9208952e-05	-5.9951435e-05	-4.5835972e-05	-0.00013889508	3.873218e-05	1.4874068e-05	-3.8493763e-05	-7.712841e-05	-0.00013193759	-0.000110604546	-0.00012925538	-0.00021601265	-0.00025326555	-0.00015223026	-0.00019281561	-0.00013218143	-0.00012719631	-0.0001413172	-0.00031365047	-0.0001856468	-0.00010619922	-0.00037990374	-0.00012723966	-0.016267348	-0.0028579019	-0.00018599359	-0.00020526756	-6.914139e-06	-0.0002086596	0.0015805851	0.0009024577	-0.00035302748	-0.00057554245	-0.00036004998	-0.0008095611	-0.0002208027	-0.00015419722	-0.00022229823	-0.00012210282	-0.00024202195	-2.4811789e-05	-0.0019781156	-0.0001647689	-0.000102422455	-3.111904e-05	5.5519016e-05	-0.00020756504	3.366037e-05	-3.9339066e-05	4.8507343e-05	-2.1766533e-05	0.00010469285	-0.000101479614	-8.1013546e-05	-0.00017203526	0.0001375025	-0.00020843744	-5.5242668e-05	8.584694e-05	3.0723486e-06	-1.354651e-06	-1.7366627e-05	-2.3077835e-05	-0.0003042221
chr1:154990526:+:chr1:154990526:C>T	-0.0011499145	-0.012997758	-0.020707346	-0.001252998	-0.0015025139	-0.0005950494	-4.6599995e-05	-0.00083760783	-0.0008760149	6.4329666e-05	-0.00025727533	0.00023284825	0.00011001934	-0.0010784756	-0.0016107559	0.00033941053	0.00015414845	0.0013701699	8.444353e-05	0.0005047105	0.00054905633	0.00050700794	0.00054376776	0.00025064294	0.0006396987	9.385022e-05	-6.5435066e-05	-0.00014604222	7.4343247e-06	0.000327197	-0.00023419206	-0.0001656359	0.00014296445	-0.0005827817	0.0006599643	-0.00032940778	-0.00039399753	0.00045108795	-0.00061704894	-0.00011164492	-0.009347179	-0.0047560604	-0.00026132845	-0.0003248995	0.00044126945	8.977543e-05	0.000118298965	-0.00022736462	0.00046862254	0.00095163693	0.00014892491	0.002509724	-0.00043418191	0.0001242811	0.00013540009	-2.861023e-06	-0.0017468279	-0.00010610169	-0.0031728311	0.00026479634	4.824725e-05	0.00012516975	-0.0008825822	-0.00049083884	-6.854534e-05	-0.00015085394	-0.00012595003	-0.00027587198	-0.0001508973	0.0002686544	0.00048559363	0.0015402708	-0.00024401057	0.00082308595	8.8214874e-05	-8.838827e-05	0.00022513216	7.8157944e-05	0.0002616102	0.00020479072	1.6992743e-05
chr1:154992790:+:chr1:154992790:A>G	0.0002228997	-0.0003349239	-0.00044168124	1.350858e-05	8.532134e-05	0.00012800911	0.00013976748	7.105957e-05	0.0001160665	0.00040174613	4.8035927e-05	0.00023760578	0.00021195412	0.00012629683	4.126809e-05	0.00027407298	0.0003187548	0.00032118234	6.185879e-05	0.0003006025	0.00015020912	0.0002224662	0.00037230144	0.00015230071	0.00016981905	0.0001086105	0.00016500191	0.00026914207	0.00018258528	0.000119035896	0.00015872717	0.00023006309	7.2788105e-05	8.640506e-05	0.00022784146	9.2121685e-05	0.00013562223	0.0007000403	1.6635115e-05	0.00033054568	-0.00066559965	-9.161776e-05	0.00013267453	0.00011782755	0.00023268569	0.00012869727	0.0015097965	0.00032326308	0.00011989745	5.5605717e-05	9.543787e-05	2.5229021e-05	0.0006732074	0.00030126356	0.00021490725	6.429716e-05	1.1747534e-05	0.00023872744	-3.8374554e-05	0.0001343272	0.00015813654	9.9940735e-05	2.8626486e-05	7.028471e-05	5.407225e-05	0.00010024959	0.0001224767	0.00012835047	7.725845e-05	0.00018423254	7.260388e-05	2.4622137e-05	5.35629e-05	2.861023e-05	9.91442e-05	0.00013560057	0.00021623481	0.000396295	0.00021227924	0.00031984935	0.00010647557
chr1:161203435:+:chr1:161203435:A>G	-7.04852e-05	-0.0004669536	-0.0006258704	4.863739e-05	-0.00017677654	0.00012922287	5.3145668e-05	-0.00015796315	-0.000151981	0.00013238733	-7.672744e-06	5.904111e-05	-1.9420277e-05	5.1368366e-05	-0.0006243099	-0.0007316416	-0.00040643866	9.20946e-05	-7.451664e-05	0.00019676035	0.000119100914	-9.07291e-05	-0.00010611794	0.0003786087	0.0010036122	0.00010663813	0.00020642714	5.895441e-06	5.0804832e-05	-5.7393856e-05	8.942864e-05	4.2113392e-05	9.675459e-05	-7.399646e-05	0.00037912888	-5.3622505e-05	-7.843971e-05	0.00018817728	0.00054545834	0.00037921558	-0.00017894398	-8.973208e-06	0.00021214919	0.00010017915	5.2755528e-05	0.00025926938	0.00040513818	0.00016845357	9.08158e-05	-9.653785e-05	6.281246e-05	2.9823997e-05	3.4679066e-05	-7.577376e-05	6.584688e-05	-0.00037011234	-0.00017374213	-0.00016307831	-0.00064355676	0.00018293207	0.0002412796	-2.4968927e-05	0.001652154	0.00064201787	0.0029867345	0.0018033114	0.0012674332	0.0010205182	0.0021812266	6.736408e-05	0.00034683401	0.00031221996	0.0033313578	6.7212364e-05	0.00051871216	0.00051546097	-9.207292e-05	-0.00057775324	0.00011946938	0.00026650864	0.00020686063
chr1:161212480:+:chr1:161212480:G>A	-0.0003184622	-0.006093329	-0.0076129218	-0.0004886497	-0.00022927197	-0.0006961606	8.5613945e-05	-0.00019047478	-0.000112403526	0.00018236855	-0.0013066314	0.00028722937	-0.00016006557	-0.00014815548	-0.00035728107	0.0014820966	0.0015995719	0.00056791306	3.073432e-05	0.0009247173	-0.000108442524	-9.402362e-05	0.00016472557	0.001148484	0.001404979	-0.00033682043	-3.372539e-05	-0.00024153969	0.000590151	0.002159292	-4.4389206e-05	-0.00017356873	-7.498264e-05	0.0003126101	0.0001699491	-0.00028156152	0.0003850677	0.00043591586	-0.0007109642	0.00017263672	-0.004661387	-0.001505635	7.4126506e-06	-4.7098507e-05	1.6992743e-05	-0.0005963445	0.0031871796	-0.00010186976	-3.9794228e-05	0.0005521991	0.0011632226	0.0014486964	-5.4294414e-05	0.00011266361	-0.00035839732	-0.00016055325	-0.00038424405	9.363348e-06	-0.0008208968	-0.00022719124	3.591451e-05	3.7431717e-05	-0.0015539527	-0.0011695786	-0.00031217662	-0.00044482405	-0.0002283183	-0.00016964566	-0.000851241	-0.0002387437	-0.00013108687	0.0032333026	0.00021911752	0.0019567662	-0.00017699329	-8.431348e-06	-3.636967e-05	0.0005576827	0.00018598816	0.00044692645	-0.00013923645
chr1:161213926:+:chr1:161213926:G>A	-0.0017014958	-0.00866904	-0.025051994	-0.0013466314	-0.0017389167	-0.0011501096	-0.00014590133	-0.0014690702	-0.0013712861	0.00018582561	0.00015312433	-3.3877113e-05	0.00036426025	-0.0016943325	-0.0016247901	0.00058128615	0.0010091175	7.016009e-05	0.0002525503	-1.3145534e-05	-9.233301e-06	0.00017913905	0.00024684993	-7.228418e-06	-5.7946552e-05	0.00014732101	-3.9772553e-06	-2.4600463e-06	-0.00033419783	-0.00036978722	-0.0005763661	-0.00044280832	0.00030993333	-4.044446e-05	6.66705e-05	-0.00014853477	-4.2525204e-05	-0.0001447851	-0.00019738892	2.7158043e-05	-0.009704265	-0.0050337533	-0.00042937018	-9.478222e-05	9.874864e-05	0.00011335178	-4.334883e-05	6.827441e-07	-0.00041066518	-0.00079910323	-0.0004108494	2.317537e-05	-0.00069309364	2.7959998e-06	-9.519404e-05	-0.0001662482	-0.0009375485	-8.031455e-05	-0.0023991575	9.067492e-05	-4.536455e-05	-4.2806972e-05	0.00020443309	0.0005154935	5.7464295e-05	0.00031431156	0.00022484497	0.00040643866	0.00012029843	-6.642125e-05	0.00013079426	-0.00015720454	-0.00018082965	-0.0003722906	0.00019759481	0.0002019297	7.064776e-05	-1.7420813e-05	1.5556812e-05	-2.045523e-05	-1.3914975e-05
chr1:182385558:-:chr1:182385558:T>C	-0.0010698925	-0.0015370629	-0.00086038763	-0.001086105	-0.0017704531	-0.00071885367	-0.00021212752	-0.0007565238	-0.0009745685	-0.0004936565	-0.00016267733	-0.000679753	-0.00079152803	-0.0010251999	-0.0019350052	-0.0013083111	-0.0015600378	-0.00021288612	-0.00060341577	-0.00018696352	-0.00072414224	-0.00051996927	-0.0008156516	0.00045938927	4.4150787e-05	-0.00069652905	-0.0004555312	-0.000884793	-0.0006269542	-0.00022376668	-0.0009889603	-0.0007889921	-0.0007219748	-0.0009090467	-0.00050718134	-0.0006847815	-0.00095347926	-0.00054922974	-0.0009133599	-0.00081504474	-0.00021331961	-0.00082934985	-0.00075617706	-0.0006663149	-0.00045492433	-0.00052558293	6.641041e-05	-0.0008254051	-0.0006732724	-0.0007295392	-0.00040867113	-0.000120943245	-0.0005712509	-0.0008420944	-0.00084443524	-0.00043318488	-0.001338872	0.0006757649	-0.0007659739	-0.0006203868	-0.0007089702	-0.0011475737	-0.00014143098	-0.0005784089	-0.00015637008	-0.00066510116	-0.00018975952	-0.00064037065	-0.00018066168	-0.00064433704	-0.00050930545	-0.00026331164	-0.00036783653	-0.0003312718	-0.0006331097	-0.00056185503	-0.0005915165	-0.0017623901	-0.0012810447	-0.0019779205	-0.00060671027
chr1:182386404:-:chr1:182386404:T>C	-0.0003963817	-0.0030714383	-0.00090265274	-0.0013751984	-0.0031225032	-0.00046691028	0.00015965375	-0.0003204779	-0.0017290548	0.000120162964	0.00011420792	0.00049946527	0.00041367792	-0.00035281616	-0.009834897	-3.8298695e-05	-0.000416734	0.006399675	0.0013028925	0.00043063815	-0.00042271614	0.00044590776	0.00010900064	0.00065118616	0.00068963657	0.00021514026	0.0003070398	-0.00031622974	2.002716e-05	-0.0003940409	-0.00025211682	-0.00021808798	0.0006901134	-0.0005520474	0.00019793077	0.0005087419	-0.0001132705	0.0010031137	0.00055048685	0.00079337036	-0.00052131305	-0.0005850792	0.00032619995	-0.00016437877	0.00038281354	0.00058689987	0.0001666871	0.00014032017	0.0010667715	0.0023677133	0.00070192595	0.00039751965	0.0012844693	-0.0001931624	0.0005950928	0.0010512526	-0.0026008	0.001693032	-0.0015382767	0.00019142845	0.00023997914	-0.005969221	9.867278e-05	0.00028028272	0.00035244768	0.00030417877	0.0006830476	-0.00040786917	0.00084417517	0.0003698956	-0.00021401318	0.0023521727	0.0020452358	0.00078753993	0.00011864575	0.0002913475	-0.0029446862	-0.009959654	-0.007144408	-0.012194547	0.0005716844
chr1:193233155:+:chr1:193233155:G>A	0.00022201105	-0.0036479668	-0.015975475	-0.0006347569	-0.00027797438	0.00054901297	0.00034494835	-0.0011077578	-0.001616608	0.000784939	-0.00032273747	0.0004981431	0.0007296042	0.00039243698	-0.0016468439	0.000546347	0.0007188754	0.00011451136	0.00021141226	0.00035572052	0.00091069395	0.00013702567	0.0006998452	0.00026771156	8.488785e-05	0.0004932555	0.0007964698	0.00090824475	0.00044298172	0.00040635196	0.00049682095	0.0004646995	0.0005100749	0.00040954893	0.0005706874	0.0005418929	0.00055947085	0.00037273494	3.4137206e-06	0.00045894494	-0.009848464	-0.0030736274	0.00031343373	0.0005572276	0.0004897334	0.0007309047	0.00014511021	0.0004559647	0.00017819622	-3.415888e-05	-0.00031460414	0.0024886348	-5.2148647e-05	0.000658187	0.00060543144	9.710139e-05	0.00025469606	-7.236546e-05	-0.0016347062	0.0005816763	0.00048860634	0.0001086105	-0.00017474456	0.0005609231	3.3183533e-05	0.00015704198	0.00010186976	0.0005489371	0.0001404719	0.00029540062	0.0003674789	0.00015870007	-0.00022576073	0.0004646995	0.0004340085	0.00026586922	0.00027900393	9.26798e-05	0.00015937198	6.6247856e-05	0.0005452199
chr1:235175183:-:chr1:235175183:C>A	-0.00013559515	-0.010702827	-0.024348909	-0.0014101159	-0.0010636937	-1.8488277e-05	-0.00021947514	-0.0008350069	-0.0012847944	0.00031769276	-0.00023997371	0.0002556118	0.00023957816	-0.00022368539	-0.0021914786	0.0005421855	0.0009209676	0.00037509744	0.00027938324	4.4584274e-05	0.00034133953	0.00047792087	0.00085828523	-0.00013379617	-3.854795e-05	0.00031034512	0.0002806837	0.0013639927	0.00037477232	0.00021995198	9.948557e-06	-1.7556276e-05	0.00039072472	0.0001946471	0.00058517675	0.00019321659	0.00010123578	0.00034708326	-0.00035415997	9.244139e-06	-0.01958666	-0.00669319	-2.779744e-05	2.184781e-05	0.0006896149	0.0004798499	-0.00017780607	0.00026395105	-2.014637e-05	-0.0004067421	-0.00072498753	0.0025701956	-0.0005000288	0.00030414623	0.00014123591	-0.00017094612	-0.00020997091	-0.0004289096	-0.005072561	0.0009108782	0.00038910995	8.486618e-05	-0.00027957288	9.0571964e-05	-0.00010035255	0.00013940442	-7.558953e-06	5.3275715e-05	4.3370506e-05	0.00036047806	0.00067739055	-9.714474e-05	-0.0005817739	0.00023722649	9.929592e-05	6.824732e-05	5.2289528e-05	-8.713116e-06	8.366867e-05	4.2861157e-06	0.00017492879
chr10:3780231:-:chr10:3780231:T>C	-0.00040685048	-0.00081976975	-0.00043746558	-0.0008961721	-0.0009422086	-0.00019734557	-0.0001355518	-0.00014162064	-0.00012294813	0.00010260669	-0.0001666004	4.5006924e-05	-0.0002939051	-0.00031251257	-0.001105612	1.2972138e-05	3.9566647e-05	0.00010194562	-0.00043780153	0.00015567649	2.5023113e-05	-5.3709202e-05	-6.6247856e-05	0.00011969696	0.0001494451	-0.00014242259	-7.289106e-05	-0.00018127398	-0.0002578822	0.00012869184	-0.00027302178	-0.00010623715	-0.000731013	-0.0007349361	0.00026039642	-0.0009785566	-0.0006123023	-0.00021501021	-0.0012542551	-0.00053765555	-9.9702316e-05	-9.309162e-05	-0.0003737103	-0.00036207112	-0.00011416999	-0.00035613234	0.00012063438	-0.00015945868	-0.00036329572	-0.00029963796	-5.923618e-05	0.00014480678	0.00016615608	-0.00013057752	-0.00014645403	0.00022768974	-0.0002933849	0.00041522764	-4.0422787e-05	4.5082787e-05	-0.00023674965	-0.00017865137	-0.00016527827	-0.00088375265	-0.00031481005	-0.0006140362	-0.0002376383	-0.0007080815	-0.00017237663	4.2806972e-05	-0.00010766766	0.00011607192	0.00027920984	5.6884506e-05	-0.00038448247	-0.00039214437	-0.00045312534	-0.00095916877	-0.00071525574	-0.00076435914	-0.00019154766
chr10:3782215:-:chr10:3782215:C>G	-1.1942603e-05	0.0002040863	0.00021596388	-0.00032433597	-0.00024392387	2.0894136e-05	-0.00037613782	-0.00015830994	-0.00024756519	3.4852463e-05	-0.0011176522	-2.2953207e-05	-0.0002716021	-3.886223e-05	-0.00037657132	-0.00022927197	-0.00010707162	0.00031356377	-0.00017812035	0.00015341151	0.0001906265	0.0006594658	0.0005578995	-0.00018007105	-0.0007430423	-8.435683e-05	-3.8710506e-05	-1.4727766e-05	2.4058602e-06	0.00024153969	0.00010845878	5.973469e-05	-0.000539758	-0.00029996308	0.00011283701	-0.00023896043	-0.00016041235	2.4253672e-05	-0.0006868839	-0.00030967323	-2.8696928e-05	0.00011851571	-0.0001733303	-2.3885206e-05	0.00016067245	-5.7588924e-05	0.0015670602	9.441376e-05	-0.00013769757	1.6472557e-05	-0.0001596971	-5.1888554e-05	4.3999065e-05	-5.197525e-05	4.833395e-05	0.0010980259	0.00015176427	0.003549619	0.0010711496	-9.328669e-05	0.00013659218	0.0005236539	-0.0011665929	-0.0005434318	-0.00092185626	-0.0004515648	-0.00047742238	-0.000275937	-0.00096594205	3.086437e-05	0.00013243068	1.11731615e-05	-0.0008005662	8.6513435e-05	-0.00031698833	-0.0004516515	-0.00013689561	-0.00086715	0.00054801593	-9.848855e-05	-0.00041341782
chr10:12089256:+:chr10:12089256:G>T	-0.0013227463	-0.016031742	-0.027225755	-0.0013544776	-0.0014373605	-0.0009887218	-0.00031008504	-0.001186761	-0.0011816458	0.00025150992	-0.00044013152	9.504231e-05	0.000418533	-0.0011373434	-0.0025120215	0.00031508098	0.00032780386	0.00017623468	7.100539e-05	-0.0001513416	0.00010941787	0.00024570117	0.00061154366	-5.9799713e-05	-0.00033059987	-6.3787804e-05	-0.00017339532	-0.00014289943	0.000112598595	0.00035468015	-0.00043953548	-0.00014612892	0.00025114146	0.00026566332	0.00017560612	-0.00071866944	0.00019444119	-8.34465e-07	-0.00011168827	-0.000103202736	-0.012424123	-0.0064581092	-0.00045516275	-5.911697e-05	0.00012927706	-0.00012617219	-0.00018985705	-0.00032656844	-0.00037421964	-0.00044372948	9.337338e-05	0.0011989746	-0.0005965883	-6.695227e-05	2.4448742e-05	-0.00059383566	-0.0009693666	-0.00046371872	-0.0071690734	8.350069e-05	-3.3172695e-05	1.2018464e-05	-0.00053333695	-0.0003839027	-0.0002493479	-1.1899255e-05	-0.00010465492	0.00018942356	-9.996782e-05	6.185879e-05	-0.00013676015	0.0004489205	-0.00095163693	0.000761639	-6.1154366e-05	8.864837e-06	-0.00029838085	-0.00046940285	-0.00033068657	-0.00045044857	-0.00013444641
chr10:87931044:+:chr10:87931044:A>G	0.0010832007	-0.0036621094	-0.001899806	0.0006557811	-0.0026179226	0.0020214429	0.0057194885	0.0014004274	-0.00045741687	0.0024358577	0.007935703	0.0014922402	0.0024362043	0.0011796084	-0.003942663	0.0005438653	0.0011616945	0.009093198	0.0012450651	0.0048321052	0.0017681122	-1.2571161e-05	-0.00012605841	0.007341504	0.005275206	0.0041200463	0.00288027	-8.53972e-06	-0.0003401583	0.00058037584	0.0005489696	0.00062942505	0.0065226555	0.0024657683	0.0042828647	0.0019293699	-0.0002486489	0.0049593667	0.0102756675	0.0076956316	0.00040583176	0.002839446	0.0029726895	0.0037687041	0.0014838956	0.0016245409	0.0029519147	0.0015848334	0.005205848	0.010541309	0.005175807	0.0010521195	0.0014886856	0.0012487065	0.002236453	0.00267562	0.0004972978	0.0032140126	-0.0033362994	0.0013932749	0.00466156	-0.003162991	0.01037524	0.011587316	0.010267908	0.01149507	0.0123331435	0.010215759	0.010935285	0.0016590465	0.0024671122	0.011424444	0.0058491067	0.0025059094	0.011290615	0.012736928	-0.0030054613	-0.012828654	-0.007886193	-0.011908185	0.0017346469
chr10:87933252:+:chr10:87933252:G>A	-0.00028944016	-0.001148083	-0.01042999	-0.0005712184	-0.00027965417	-0.00021493435	-0.00020056422	-0.00068768044	-0.00066735526	-9.7177246e-05	-0.00046032126	-0.000100016594	-0.00011750243	-0.000108729706	-0.00047982822	-9.4039875e-05	-0.00012746724	-3.2262367e-05	-0.00017464161	-0.00013440306	-4.9309296e-05	-1.3801185e-05	-4.1739506e-05	-0.00017719377	-0.00020290505	-0.00010737506	-0.00010110573	-6.128441e-05	-8.286671e-05	-0.00016484478	-0.000101371246	-5.419146e-05	-0.00021624024	-0.00021403487	-9.034981e-05	-0.0001732707	-7.89599e-05	-0.00016408075	-0.00032805855	-0.00016383691	-0.0033166409	-0.0004168857	-0.00015638092	-8.9639965e-05	-5.66786e-05	-2.383644e-05	-0.00022640011	-8.523464e-05	-0.00021527031	-0.00018823147	-0.00014062361	0.00027689608	-0.0001488924	-9.610436e-05	-7.3443756e-05	-0.00015032833	-8.289923e-05	-0.0001739372	-0.0007268461	-8.149581e-06	-0.00016899001	-0.00010300225	-0.0003119978	-0.0001541051	-0.00024452535	-0.00018088926	-0.0002210953	-0.00025967575	-0.00029515137	-7.550283e-05	-7.0756134e-05	-2.2227114e-05	-5.2490017e-05	5.526976e-06	-0.00023898212	-0.00029069185	-9.787083e-05	-7.092953e-05	-4.024939e-05	-5.2858482e-05	-8.4595245e-05
chr10:87952116:+:chr10:87952116:A>G	-0.00068547507	-6.610697e-05	-2.7504835e-05	-1.7339534e-07	-0.00074551324	-8.4790314e-05	4.0769577e-05	-0.00010503422	-6.762418e-06	-0.00021136891	0.0008804798	-0.0001968037	-0.00018624826	-0.00034789604	-0.00031254507	-0.0009478439	-0.0018304695	-9.8315155e-05	-9.27665e-05	0.00012371757	-0.000278733	-0.00056091225	-0.0003465089	2.8913671e-05	0.00011758371	-0.00012224371	-6.671385e-05	-0.0004067096	-5.5345623e-05	-7.4234877e-06	-0.00014068863	-0.00012315404	-0.00037958406	-0.0007514087	-0.00015536221	-0.00032195178	-0.00052775035	-0.00038779865	-0.00041883643	-0.00022829663	5.8683483e-05	4.4627624e-05	-0.00015462529	-0.00030309503	6.2639065e-06	-0.0002710169	0.00021683086	-0.0003872568	-4.8507343e-05	-1.7642975e-05	-4.6599995e-05	-9.4896015e-05	0.00035849484	-0.00048394638	-0.00010434064	0.0012268587	6.732074e-05	0.0022443424	0.0009786432	-0.00028876823	-5.8520924e-05	0.00012115999	0.0002907948	-0.00029505382	0.00043634934	8.331646e-05	-5.6093388e-05	-0.00026410277	0.00011812557	-6.450306e-05	-0.00055521185	5.4760414e-05	0.0071333107	0.00020097602	4.161488e-06	-0.00030729987	-8.1539154e-05	-0.0003578446	-0.0010387681	-0.00066813553	-0.00035051865
chr10:87957850:+:chr10:87957850:C>G	0.00041502173	-0.0013856888	-0.0014012076	-0.00013104352	-0.00011066957	0.00024440073	0.00035923178	-0.0001523278	-8.838827e-05	0.00039984964	0.0014511239	0.0004981648	0.00072700327	0.0002672022	-0.0004645261	0.00013316762	0.00010681152	0.00016459552	0.0004085194	0.00057341834	0.00043591586	0.00012384761	0.00012857263	0.00060983136	0.000828743	0.00044506247	0.00032221188	0.0003709793	5.7762318e-05	3.4223904e-05	0.000258229	0.00023469058	0.0008754947	0.00042642246	0.00042616238	0.00056581065	0.00038049437	0.00054082	0.000733809	0.0009504015	-0.0016088053	-0.00044027242	0.00049057876	0.00038441745	0.00022433022	0.0005419471	0.00049044867	0.0005240874	0.0005305897	0.0005743287	0.0003972487	0.00010040673	0.00033538992	0.00027188388	0.00036347995	-0.0013072707	-0.00020846454	-0.0010844144	-0.00061980163	0.00015922026	0.00037847867	-0.00031809372	0.001163667	0.001009746	0.0015262257	0.0017164404	0.001405976	0.0009774294	0.0015246652	0.0002577955	0.0013931014	0.0002872944	0.0019545122	0.00011476604	0.0008888678	0.0011998956	5.5399807e-05	-0.0005255612	-0.0003840273	-0.00044610284	0.000601335
chr10:87957850:+:chr10:87957850:C>A	0.00048706747	-0.0007254861	-0.0009792068	-1.3438138e-05	9.66679e-05	0.0003679449	0.00051129947	-0.00013290752	-0.00023980574	0.0006255237	0.0004584356	0.00061472977	0.0011993322	0.00037648462	-0.0006366643	0.00017049095	0.00014604222	0.00015759468	0.0006907203	0.00053015625	0.00047943808	4.891916e-05	0.00014706091	0.000594746	0.00034809113	0.0005539981	0.00060181186	0.0003424341	0.00013615868	2.9823997e-05	0.00048802115	0.00027309766	0.0009877682	0.00075929816	0.00046396255	0.0010938428	0.00054370274	0.0005734617	0.00091262296	0.00093431905	-0.0014061928	-0.0001031052	0.000547149	0.0006171573	-6.818771e-05	0.0005590699	0.00020308928	0.00044098767	0.00064771826	0.0006073605	0.00040431457	6.5185806e-05	4.1094692e-05	0.00046309558	0.00058403885	-0.0015092763	-0.0002394156	-0.0026631788	-0.000963081	0.00042330136	0.00057376514	-0.00072505255	0.0010403828	0.0013500344	0.0007912896	0.0009691065	0.0011600148	0.001217582	0.0011713721	0.00037613782	0.0009575324	0.00027114694	-0.0005424673	0.00010973757	0.0011657801	0.0011344389	-0.00015770305	-0.0010766116	-0.00047627362	-0.0006578619	0.00049591064
chr10:87957851:+:chr10:87957851:A>C	0.00010143627	0.00016828017	0.00028657913	-0.00010512092	-7.2219154e-05	5.236539e-05	0.00013893301	-3.970753e-05	-9.772994e-05	0.0001296997	0.00036256964	0.00017786026	-0.00011665171	0.00016958063	-0.00028649243	-0.00070233777	-0.00038593466	3.9577484e-05	-0.00013966994	0.000330058	0.0003167499	-0.0001520677	-0.00018466603	0.0002284917	0.00012722882	2.9823997e-05	0.000129613	0.00013472816	0.00018210844	0.0001347932	7.308613e-05	0.00010460073	-0.00019006296	-7.915497e-05	0.00024981934	-3.539432e-05	-1.3828278e-05	0.0005484494	-1.0447068e-05	6.612865e-05	0.00015544891	0.00015154752	8.656762e-05	-1.300465e-06	0.00010863217	0.00020885468	0.0003272837	2.1240929e-05	0.00013095682	0.00016446547	7.273934e-05	8.0531296e-05	0.00021201913	-5.5876644e-05	-1.560558e-06	-0.00011387738	-0.00022181598	0.0028787092	0.0003026182	0.0003896193	0.00013793599	0.00013988669	0.00018106807	-7.8613106e-05	0.00020495328	0.00023000891	0.00034670395	1.9897114e-05	0.00020647049	6.450306e-05	0.0009980202	0.00041974674	0.0031510266	0.0003686168	9.801171e-05	0.00019264221	-0.00017166138	-0.0006726872	-0.00016489896	-0.00037076257	-2.301823e-05
chr10:87957852:+:chr10:87957852:G>C	-0.0005051223	1.187758e-05	-2.7439812e-05	-0.00052980945	-0.0005580295	-0.00041025336	-0.00049283286	-0.00027526508	-0.00020558183	-0.00047098508	-0.0019465793	-0.000613516	-0.0011972081	-0.00052079285	-0.0006275177	-0.0010472861	-0.00084450026	-3.936074e-05	-0.0007254427	-0.00041766601	-0.00036321988	0.00019914453	5.3384087e-05	-0.0004852035	-0.000627431	-0.00056808646	-0.00047042154	-0.00028204918	-0.00013056668	3.6044556e-05	-0.000533234	-0.00039254536	-0.0011849403	-0.0008351369	-0.0005136403	-0.0010856065	-0.0007032264	-0.00042971698	-0.0010025501	-0.0010105913	0.00014192407	2.115423e-05	-0.00074698706	-0.0006473931	0.00031154806	-0.0003656474	7.681413e-05	-0.00055265427	-0.00049955194	-0.0003229488	-0.0004697713	-1.8184835e-05	-0.00048008832	-0.00049807806	-0.0006436868	0.00035741113	-0.0003902912	0.0020914944	0.00037873874	-0.00047115845	-0.0005863363	-0.00023156946	-0.00093844807	-0.0012164767	-0.0006744645	-0.0008160418	-0.00077004865	-0.0008822788	-0.0008854866	-0.0004974712	-0.0007985722	5.8520923e-06	-0.0002826344	-8.563562e-05	-0.0008589788	-0.00097094884	-7.863478e-05	-0.00047033484	9.939887e-05	-0.0002462647	-0.000790596
chr10:87958020:+:chr10:87958020:G>T	-0.00071493065	-0.0060666366	-0.016528064	-0.0011874654	-0.0008503036	-0.0009403337	-0.000994509	-0.0014602597	-0.0010767579	-0.0004932826	-0.00158958	-0.00015271251	-0.00014671413	-0.00047925927	-0.0019193725	-0.00015650554	-0.00017453865	0.00067852304	-9.548122e-05	-0.000770661	-0.0002705509	0.00033017722	-0.00010533224	-0.0005808256	-0.0005118955	-0.0004838705	-0.00038537654	-9.416992e-05	-0.00016845898	-0.00029141793	-0.0004063682	-0.00023168325	-0.0007954348	-0.00067116454	-0.00037386743	-0.00011204048	-0.00014107335	-0.0005825866	-0.00080030074	-0.00031385096	-0.008902517	-0.0016588514	-0.0004945885	-0.0005039898	-0.00020842119	-9.512901e-05	-0.00084816327	1.2451952e-05	-0.0007303411	-0.00056985836	-0.0009781177	0.0012659702	-0.0005561059	-0.00029409473	-0.00028753822	-0.00024239042	-0.0006741719	-0.00017343326	-0.0026144006	0.00023269112	-0.00054883416	-0.00021475012	-0.0012346127	-0.00023400784	-0.0005387122	-0.00016154484	-0.0005977479	-0.0004179857	-0.0010546229	-0.00022875179	-0.00012563034	-0.00023417581	-0.0004907955	-0.000103359875	-0.0011320169	-0.00087093766	-0.0002783049	-0.00011192127	0.00015034458	-6.0195274e-05	0.00028851358
chr10:87961118:+:chr10:87961118:G>A	-0.0012648539	-0.008836519	-0.019899238	-0.0026828863	-0.0026186272	-0.0012600205	-0.0019737536	-0.001834295	-0.0021895387	-0.002208092	-0.0033955465	-0.0010638562	-0.0011811148	-0.0014815764	-0.0033737312	-0.00071970443	-0.00067699497	-0.0012342009	-0.00033700466	-0.0025459202	-0.0032671527	-0.00054597855	-0.0011314154	-0.0022133372	-0.0009084994	-0.0024626364	-0.00084152	0.00010008703	-0.000114104965	-0.0006388426	-0.0008695396	-0.0007656487	-0.002856233	-0.002219352	-0.002565991	-0.001943572	-0.0007232211	-0.0026259639	-0.0033881231	-0.0021357753	-0.032889184	-0.012032639	-0.0014309667	-0.002913551	-0.0006923296	-0.0009495128	-0.00088415365	-0.0007217093	-0.0020128218	-0.0036107735	-0.0025151318	-0.00019873273	-0.0024641915	-0.00063985586	-0.0013204488	-0.0019749673	-0.0013925813	-0.0005283356	-0.0026443275	-0.0015530153	-0.0039270576	-0.0013875365	-0.002162917	-0.0031745487	-0.0012073788	-0.0016553185	-0.0021889373	-0.0027871728	-0.002568944	-0.0007786317	-0.0006704005	-0.0018383969	-0.0007397207	-0.00052346964	-0.0025800304	-0.0021620556	-0.0012036617	-0.00045854395	-0.0004208684	-0.0004301288	-0.0011234175
chr10:87961119:+:chr10:87961119:G>A	-0.0009788816	-0.0067685028	-0.018740134	-0.001707451	-0.0017424551	-0.0007613139	-0.0011296001	-0.0012847944	-0.0013701916	-0.0012311176	-0.002125144	-0.0007966161	-0.0010181774	-0.0010753437	-0.0022751526	-0.000418533	-0.00031378595	-0.0011722174	-0.00039711865	-0.0017036633	-0.0018704317	-0.0004133528	-0.00068041956	-0.0012607899	-0.0005215244	-0.0012754147	-0.00046553396	-1.4819882e-05	-0.0001373562	-0.0002162023	-0.0006929094	-0.0007189783	-0.0016312654	-0.0013565366	-0.001317669	-0.001355052	-0.000807903	-0.0015271198	-0.0019708385	-0.0014559627	-0.01410467	-0.0051669586	-0.0010272589	-0.0015846383	-0.00041468578	-0.0005956346	-0.00056272745	-0.000562527	-0.0013426109	-0.0024549852	-0.0017659231	-4.898418e-05	-0.0017203417	-0.00022715871	-0.0009519783	-0.0010779933	-0.00088925794	-0.0003839406	-0.0020958618	-0.0009069551	-0.0020631931	-0.0006808747	-0.0011375059	-0.0018990256	-0.00067410147	-0.0011225614	-0.001372153	-0.001312115	-0.0016024654	-0.0005036159	-0.0003325614	-0.0014405575	-0.0007166429	-0.00063763425	-0.0016149933	-0.0013375228	-0.00072483585	-0.0002912012	-0.0002967282	-0.00026337666	-0.0008856058
chr10:87961119:+:chr10:87961119:G>C	-0.0007324002	-0.0068864226	-0.019499518	-0.0014966998	-0.001655091	-0.00048746847	-0.0009114092	-0.0011060346	-0.0011331602	-0.0009460395	-0.0019889364	-0.0006743182	-0.00089170714	-0.0009115718	-0.0017244112	-0.00028673085	-0.00021969188	-0.00035905297	-0.00024752182	-0.0013590726	-0.0013886474	-0.00020259077	-0.00028364768	-0.00092920935	-0.00037537378	-0.00091934204	-0.0003003207	1.8818811e-05	1.08968125e-05	0.00022206524	-0.0005649003	-0.00045798582	-0.0013122613	-0.0009740862	-0.0008874265	-0.0011561025	-0.00036700207	-0.0012333881	-0.0018498573	-0.0013022802	-0.01366125	-0.0047871307	-0.0008027337	-0.000999998	-3.0902298e-05	-0.0001830838	-0.00041578573	-0.00035097383	-0.0012173111	-0.0020973466	-0.0013089721	0.00034956497	-0.0014645078	-0.0001546849	-0.0007401163	-0.00061998045	-0.0004980239	-0.00026718053	-0.0019248291	-0.000544082	-0.0015044484	4.2275948e-05	-0.0009890578	-0.0017552213	-0.0006165234	-0.0011779015	-0.0011433418	-0.0011899851	-0.0013864095	-0.00037794764	-0.00029395384	-0.00019554117	0.00048251587	-2.1132555e-05	-0.0012814457	-0.0011367961	-0.0005732775	-0.00019022009	-0.00017082691	-0.00017827208	-0.0006634647
chr10:87961119:+:chr10:87961119:G>T	-0.00088316743	-0.0071371524	-0.018745987	-0.0020404188	-0.0019178336	-0.0011459914	-0.0015005686	-0.0015871092	-0.0018763109	-0.0019136288	-0.002264738	-0.0009407943	-0.0010103963	-0.00112552	-0.0028150245	-0.0006140579	-0.0006567294	-0.0012560379	-0.00036705082	-0.0019612638	-0.0024639748	-0.00021360138	-0.0011678934	-0.0015803955	-0.00069469755	-0.0018265193	-0.00070694904	-0.0008171417	-0.00059416617	-0.0013399016	-0.0009643165	-0.0009855411	-0.002164261	-0.0016933247	-0.0019447858	-0.0013811697	-0.0012103536	-0.0017218535	-0.0021515002	-0.0014653151	-0.014342416	-0.005533424	-0.0012005134	-0.0023507746	-0.00083943387	-0.00070311804	-0.0007580248	-0.0006261197	-0.0015317526	-0.0028239542	-0.0021496199	8.856167e-05	-0.0021448515	-0.0005962957	-0.0011357773	-0.0016991604	-0.0013458133	-0.00042787465	-0.002301731	-0.0009492852	-0.0027720875	-0.0013650927	-0.001312245	-0.0021698528	-0.00074540486	-0.0011180964	-0.0015928637	-0.0017455979	-0.001771656	-0.0007534623	-0.0004898526	-0.0017780229	-0.001166089	-0.0009248473	-0.0019703344	-0.001487927	-0.0008740263	-0.0003159263	-0.00026267226	-0.00027967582	-0.0008478977
chr10:87961120:+:chr10:87961120:T>G	-0.0003734502	-0.004076876	-0.014819991	-0.0010457418	-0.0010242354	-0.00058048964	-0.00079471956	-0.0009720542	-0.00089819863	-0.00088300486	-0.0017122139	-0.0005843423	-0.0008211082	-0.0005460111	-0.0013727437	-0.00020742958	-0.00011888417	-9.6434895e-05	-8.5494736e-05	-0.0010130026	-0.0011385734	-9.441376e-05	-0.00034590744	-0.0006764585	-0.0002429702	-0.0007267811	-0.00027779015	-0.0001954924	-0.00020718575	7.988106e-05	-0.0005320094	-0.0004867803	-0.0009997379	-0.0008348064	-0.0007314086	-0.0009093339	-0.0006884499	-0.00092759455	-0.0013014133	-0.00091154466	-0.005528851	-0.0018070991	-0.0007329041	-0.0009780851	-1.9815836e-05	-0.00018723444	-0.00028379398	-0.00027277795	-0.0008318966	-0.0016900626	-0.0010615696	5.7502228e-05	-0.0010836504	-0.00017349828	-0.0006231774	-0.00081472506	-0.00040862235	-0.00023049116	-0.0014889295	-0.00033857606	-0.0012875362	-0.0003555146	-0.0006793033	-0.0009423874	-0.00041140753	-0.0008279627	-0.00090140646	-0.000782143	-0.00116895	-0.00034017453	-0.00022091107	-0.0011726781	0.00016611273	-0.0008621866	-0.0011118	-0.00089608	-0.0004092238	-0.0001250397	-0.00014239008	-0.00012845342	-0.0004401261
chr10:87965285:+:chr10:87965285:A>T	0.0018872782	0.0039735273	0.002808831	0.00022055885	0.0007025979	0.002447215	0.0029933236	0.0017499056	0.0024648146	0.0024639477	0.00084170426	0.0030789375	0.0010651242	0.0042488794	-0.0013115623	0.00088665704	0.0006458543	0.0054639904	0.0023056811	0.0026582154	0.0031671524	0.0019421144	0.002886317	0.003782619	0.0025468306	0.004370993	0.0032569712	0.002015244	0.004266912	0.0019385598	0.0036956181	0.0052977474	0.0010376193	0.0022869976	0.00356115	0.0008562695	0.0026993752	0.0030221073	-0.0011888851	-2.822009e-05	0.00021917169	0.00436306	0.002774152	0.0034483129	0.002407811	0.0020047969	0.0013058836	0.001713796	0.0023594769	0.001613877	0.002065832	0.0023764698	0.0031961962	0.003627517	0.004637718	0.0030954534	0.0047256295	0.005277807	0.0035187982	0.0020809174	0.0027544715	-0.002741727	0.0007592765	0.000989047	-0.00033317914	0.00057775324	0.00060716545	-3.8060276e-05	0.00049192255	0.004716353	0.00071213464	0.008225604	0.007784486	0.008692893	0.0012403185	5.8824367e-05	0.002308759	-0.004322399	0.003775163	0.002370661	0.0014745538
chr10:89010538:+:chr10:89010538:G>C	-0.0030389265	0.00976181	0.0008416176	0.0033366464	0.0036864714	-0.0001557957	0.00017560612	0.0005448515	0.00132396	-0.00015661934	-0.00059360807	-0.001180302	-0.0021937543	-0.0011083863	0.004452012	-0.00068049	-0.0012897361	0.0026117237	-9.545413e-05	-0.00082250073	-0.0031210294	0.0005063577	0.0010256767	-0.00045897745	-0.00025402417	0.0003986792	-0.0005411018	-0.00037210638	0.0009171963	0.0005857619	-0.0006443804	-0.00014697421	-0.0024442673	0.0007312081	-0.0018194806	-0.0025724932	-0.00042278116	0.00018605319	-2.080744e-05	-0.0033518618	-6.931478e-05	0.0017742243	-0.001755476	-0.0011973814	-0.00039173255	-0.000634421	0.00037128275	-0.0015955839	0.00013906305	0.003009016	6.881627e-05	-0.00044972787	0.00058104773	-0.00019819086	-0.00028679587	0.0023743024	-0.00056141074	0.0010488684	0.004722075	-0.00014419989	0.00024214658	0.004803224	-0.00069384143	-0.0022616386	-4.460595e-05	-0.00024349039	-0.00092885713	-0.00070415845	0.000112598595	0.0002873594	-0.005811171	0.00029055637	0.0006479079	6.32026e-05	-0.00050952216	-0.0006819638	0.001627532	0.00044788013	0.0010076436	0.0024557114	-0.0037718685
chr10:102630065:+:chr10:102630065:G>A	0.00012527812	-0.0012922504	-0.0005624294	-0.00043072485	-0.00042891502	6.2053856e-05	0.00017145005	6.8599526e-05	0.00021584467	0.000437238	2.7672811e-05	0.00027922067	0.00023083253	0.00031896072	-0.00037998502	1.9945881e-05	9.059906e-06	0.00024845926	0.00022183765	0.00022889809	0.00091362	0.00069449167	0.0007408099	0.00023334134	0.00011932308	0.000380153	0.0001283017	0.00034564192	0.00044707817	0.00049016695	0.00043783404	0.00035348805	-0.00015752966	8.0693855e-05	0.00050108	0.00033852187	0.00025559554	0.0011804755	-0.00025497784	-5.5865807e-05	-0.0003798658	-8.3132225e-05	0.00010593371	0.0003504753	0.0005691377	0.00033709136	6.938523e-05	9.684129e-05	0.00013906305	0.00035415997	-4.4925648e-05	0.00044905057	0.0003017729	0.0001571612	0.0001746958	0.00038298694	0.00044846535	-0.00010143085	-0.0001348257	0.0004107085	0.00028773872	1.8580393e-05	1.5172092e-06	0.0002721223	1.1075626e-05	8.709864e-05	-4.0617855e-05	0.00016995994	4.6448273e-05	0.0004218925	6.350604e-05	0.00028677422	-5.0978226e-05	0.00029905819	0.00018732656	-2.7439812e-05	-0.00019987063	-0.00064218044	-7.2305855e-05	-0.00035147232	7.0837414e-05
chr10:110601132:+:chr10:110601132:T>C	0.00042165953	-0.0003820495	-0.0076911016	-0.00015459278	-6.399371e-05	-0.00022040714	-0.00017648394	-2.5944277e-05	-5.1964413e-05	1.9127672e-06	-0.00027453358	-2.0097603e-05	0.0002879663	0.00045058943	-0.00024708293	-3.3942135e-05	-4.5505436e-05	5.850467e-05	0.0002669042	-0.00022161548	-2.0536509e-05	0.00024245544	7.819046e-05	-8.670308e-05	-9.8391014e-05	-4.044988e-05	-9.87378e-05	-6.0845505e-05	7.861853e-05	0.0003898848	-5.3888016e-05	-9.706346e-05	-0.00011986494	-7.5519085e-05	-3.7659298e-05	0.00042099302	-0.00013299422	1.14766035e-05	-6.0141087e-05	2.0867044e-05	0.0017218482	0.0001468821	-4.188581e-05	-0.000106648964	7.1796503e-06	-4.0038067e-05	-9.854815e-05	2.3305416e-05	-9.829889e-05	-9.27069e-05	-5.7047062e-05	0.00021991404	-4.425374e-05	-2.5006857e-05	-0.00012141466	-3.9192764e-05	-0.000110973015	-1.882423e-05	-0.00020034205	7.475506e-05	-0.00012351708	2.123551e-05	-0.00020159916	0.00012755935	-8.051504e-05	-7.982145e-05	-0.00014445999	-7.131425e-05	-0.0001194152	-8.6459244e-05	3.502044e-05	-2.2758137e-05	0.00027501583	-2.3121183e-05	-0.00014146349	-9.832057e-05	-5.9490852e-05	-7.759441e-06	7.0008364e-06	-4.96886e-06	9.475513e-05
chr10:133366994:-:chr10:133366994:C>A	0.0007950176	0.00044016403	-0.00040875783	0.00047141855	0.00017521599	0.00055818126	0.0013665286	0.00016021729	0.00014645403	0.001098286	0.0060673845	0.00063295796	0.0002002716	0.00019864603	-0.00015744296	0.00046998804	0.00051996927	0.00071343506	-7.7962875e-05	0.00091409683	0.00067416107	0.0006334998	0.00066137314	0.00062855805	0.0015405308	0.0005496632	0.00073268195	0.00066837395	0.00045702673	0.0007052205	0.00031046433	0.0004250353	0.0005030632	0.00069282274	0.0010768934	0.0012002642	0.00066501444	0.00089823117	0.0006103082	0.0006775206	-0.00014790622	1.45652075e-05	4.4345856e-05	0.0011105104	0.0009176406	0.00097140396	0.013491023	0.0027005023	0.0016317801	0.005102418	0.0005785769	0.00032585318	0.0005033016	0.0005087419	0.0004355474	0.0012337078	-0.00059171155	0.0020845586	0.0005703406	0.0005220933	0.0012862032	0.0007967515	0.0037593842	0.0019131358	0.0012252982	0.000368205	0.00097253104	0.0011534258	0.002002196	0.00044413048	0.0030219771	0.0006835623	-0.00013032826	0.00041543355	0.000702858	0.0012535616	-0.001204664	-0.00402676	-0.0014584281	-0.0021988263	0.00041532516
chr10:133370033:-:chr10:133370033:T>C	-0.0004489205	-0.0004337484	-0.00038433075	-0.00027912314	-0.0007049387	-0.00026624853	0.0003336343	-0.0002604181	-0.00028839978	-9.111925e-05	0.00068115647	-0.00029436024	-0.0003848943	-0.00030196796	-0.0011937835	-0.00014840472	-0.00021156398	3.5957855e-05	-0.00021639737	5.2701344e-05	-0.0003603805	-0.00013212724	-0.00017326529	0.00012588501	0.00028635154	-0.00030860034	4.972111e-05	-0.0003647154	-0.00034442815	-5.0414692e-05	-0.00041738423	-0.0002633875	-0.00013993004	-0.0005559705	-0.00012783571	-0.00061360275	-0.0005887205	-0.00039984964	-0.000112316826	-0.00031386723	0.00019981644	-0.0001782504	-0.00029886852	-9.010055e-05	-0.0001617345	-0.0001910383	0.00018600984	-0.00021990863	-0.0001280958	9.458715e-05	-3.0940228e-05	-2.2779812e-05	-0.00015752966	-8.947199e-05	-0.00022751634	-0.00014279106	-0.00055941666	0.00020482866	-0.00042178415	-0.00023776834	-0.0001356385	-0.0006436435	0.00090396404	0.00029469078	0.0010591854	-4.5733017e-05	0.0003846125	0.000105684456	0.00078311836	-0.00025601822	2.0785765e-05	4.292618e-05	0.0002819083	-0.000107960266	0.00037793678	0.00022322481	0.00013286417	-0.0004582405	-0.00073185837	-0.0006030256	-0.0002961592
chr11:721563:+:chr11:721563:A>T	-6.822022e-05	0.00035203586	0.0004906221	-0.00012393431	-7.917664e-05	4.1701576e-05	-0.00018120353	0.00021559541	0.00033717806	0.00013548677	-0.0003643415	-0.000118494034	-0.00031993605	-0.00020024994	8.110567e-05	-6.048246e-05	-8.8794666e-05	1.1048533e-05	-0.00046020205	-3.792481e-05	-0.00012018464	-4.6719204e-05	-0.00015853751	-0.00013216517	-3.842874e-05	-0.00019168854	-0.00018778714	-0.00023678216	-0.0004068288	6.502325e-06	-0.00011262027	-3.7951904e-05	-0.000264054	-0.00026901203	0.00013162872	-0.00054934894	-0.00047821348	-7.83205e-05	-0.00041634386	-0.00014387477	0.00018624826	0.00046168675	-0.00016364185	-0.00030804763	-0.00010180473	-0.00047282738	-2.4329533e-05	-5.3004784e-05	-7.115711e-05	-4.7531994e-05	-6.067753e-05	-3.737753e-05	4.1235577e-05	-0.00011530789	-0.00016514822	0.00016401031	0.00015612082	3.8726765e-05	0.000113855705	-0.00028035857	-0.00019564411	0.00019974058	-0.00035252896	-0.00060869346	-0.00011672215	-0.00019322742	-0.00015538931	-0.00028350137	-0.00019791993	-9.4771385e-05	-0.00011359562	-1.08968125e-05	-7.729097e-05	-0.00012014671	-0.00027068096	-0.00026315992	-0.00014302948	-0.00013183463	0.00018152324	6.107851e-05	-0.00039708614
chr11:10029765:-:chr11:10029765:C>T	-0.0009776137	-0.008430351	-0.020020008	-0.0016261447	-0.0010655143	-0.00080013275	-0.00035529787	-0.0014328089	-0.0014516657	-0.00016407533	-0.00019388307	-0.000131477	0.00044110688	-0.00060862844	-0.002363725	-0.00040125847	-0.0009376136	-1.4500184e-05	-0.0005328655	-0.0005744858	-0.00065424765	-0.0002174811	-0.00019329245	-0.0005637841	-0.0003142411	-0.00062992354	-0.00029657103	-0.00026936966	-0.00017986515	-0.00012107329	-0.0008690574	-0.0005109202	-0.00037660924	-0.00072260335	-0.0006488345	-0.0012184706	-0.00053782895	-0.00052137807	-0.00052133476	-5.3969296e-05	-0.005259709	-0.0035231113	-0.0008043051	-0.0008335439	-0.00026765736	-0.00047194958	-0.00046741962	-0.00063548307	-0.0005225919	-0.00066729024	-0.0002940785	0.0005836487	-0.0015547059	-0.00029689615	-0.000467994	-0.00020544637	-0.0007060008	-0.00015881928	-0.003201268	-0.00016588514	-0.0008484992	-0.00047035652	-0.00053254043	-7.3644245e-05	-0.0003952438	-0.00038953262	-0.0005498258	-0.00040231508	-0.0003724315	-0.0003597303	-9.842352e-05	-0.00032026658	-0.00019172105	-0.0002876412	-0.00068887253	-0.0002484159	-0.00026636233	-7.178025e-05	-0.00010207025	-6.2129715e-05	-0.00041887976
chr11:17523417:-:chr11:17523417:A>C	-0.0016191656	-0.011455774	-0.021498073	-0.0017968308	-0.0014839823	-0.00212548	-0.00063967705	-0.0022803654	-0.0023193576	2.3321672e-05	0.0010794293	-0.00036880103	-0.00028471512	-0.0018866062	-0.002487421	-0.00010133332	-0.00049253483	0.00042928348	-0.000392502	0.00037044828	1.560016e-05	-0.00011066957	-8.864836e-05	5.7437205e-06	-2.3690138e-05	-0.00028047778	-0.00085492566	-0.00085881626	-0.0005018386	-0.00064823846	-0.00078530743	-0.00074150343	0.00013158539	-0.0010923255	1.2484464e-05	-0.00075109437	-0.00058972836	-5.5573204e-05	-0.00026531654	1.2354417e-05	-0.019205267	-0.0056127636	-0.0011362813	-0.0007993308	0.00027618624	-0.00014754859	0.0006297935	-0.00034692071	-0.00087874586	-0.0015065453	-0.0002798384	0.00024135005	-0.00031631644	-0.0005592433	-0.0005467805	-0.00024262341	-0.003084638	-0.00014598803	-0.0032127986	-0.00031182982	0.00011319464	5.9886414e-05	0.001320465	0.00028430874	0.0013752634	0.0007516254	0.0012216893	0.00031529774	0.001283754	-0.00053260545	-0.00038853558	1.3264743e-05	0.00039948116	-0.00021641905	0.000273141	0.0003134554	0.00027185137	0.00015940449	6.4123764e-05	7.28152e-05	-0.00045741687
chr11:32427954:-:chr11:32427954:A>G	-0.0029315515	-0.022539789	-0.023092074	-0.0021178506	-0.002937837	-0.0025120864	-0.00106261	-0.00219059	-0.001582059	-0.00014521858	0.002151966	-0.00051054085	-0.0004313209	-0.0036914565	-0.0025811195	-0.00024981934	-0.00021223589	0.00014266101	-0.0012474927	-5.505302e-06	-0.00030530582	-0.00067715213	-0.0008359389	0.00056886673	4.9070877e-05	-0.00032459607	-0.00057883695	-0.00080994045	-0.0009512251	-0.00073645334	-0.002109181	-0.0016301329	0.00028341467	-0.0011141084	-7.622892e-05	-0.0009784915	-0.0013110638	-0.00024734845	-0.0006345836	-0.00019650026	-0.019210773	-0.0062499265	-0.0014304682	-0.00069691916	-3.539432e-05	-0.0003669262	0.00076441333	-0.00043498387	-0.0017988898	-0.002704057	0.0009601116	0.0009192987	-0.0011296056	-0.0008861802	-0.0012444583	-0.0005130768	-0.00395233	-0.00069531525	-0.0035965985	-0.00030149112	4.471432e-05	-7.011674e-05	0.0016654838	0.00041387297	0.0015659332	0.0008470362	0.0009199489	7.950176e-05	0.0012959567	-0.0009022626	-0.0002914667	-0.0003566742	0.0011514967	6.814436e-05	6.615032e-05	0.00057862024	0.00040375104	0.00034982507	-6.346269e-05	-0.00012471458	-3.342195e-05
chr11:47238799:+:chr11:47238799:G>A	-0.002043117	-0.0018585379	-0.0003491315	-0.0022279567	-0.0024089813	-0.0010354735	-0.0005498366	-0.000297373	-0.00045160812	-0.0007530559	-0.00038123672	-0.00080741534	-0.0006497123	-0.0015653264	-0.003292734	0.000111536545	7.241422e-05	0.00017532436	-0.0005632747	-0.00018107891	-0.0011270697	9.241971e-05	-7.182902e-05	-0.00051994756	-0.00020253658	-0.0010447502	-0.00055857137	-0.0006908937	-0.0012249079	0.00020566853	-0.0017135794	-0.00095545163	-0.001350988	-0.0021649709	-0.0005059676	-0.002121622	-0.0024359443	-0.00041753595	-0.0013127978	-0.0022038764	-0.00020081346	-8.669766e-06	-0.0013842583	-0.0018326585	-0.00023521077	-0.001440265	-0.0001205531	-0.0010159666	-0.0012255799	-0.00068144366	-0.00023412704	0.0009915829	-0.00020547347	-0.00046131827	-0.0010008812	-0.0006759817	-0.0015844866	-0.00029167262	-0.0017596591	-0.0009324334	-0.0010855414	-0.0011786981	-0.00042663378	-0.0030859709	-0.00014493683	-0.0010932576	-0.00037676637	-0.0010580583	-0.00014675748	-0.00050063565	-0.0014411752	0.00038314407	-6.154992e-05	0.0006792762	-0.0007391626	-0.0009103038	-0.001187021	-0.003551223	-0.0028436834	-0.0029306412	-0.0015873258
chr11:64807220:-:chr11:64807220:C>A	0.0003417622	-0.0002630407	-7.7030876e-05	0.00029334155	0.00033669037	0.0004161488	0.0012924671	0.00021871654	0.00013210556	0.00068439136	0.00313722	0.000502478	0.0007095337	0.0005950928	-0.000311418	0.00014806878	0.00016177785	0.00015081059	0.0002962459	0.00016480143	0.00042533875	0.00013663551	0.00033935634	0.00014480678	0.00033312495	0.0009060773	0.0009638613	0.00068534503	0.0007686615	0.0004878044	0.0004622286	0.00053683197	0.0006990433	0.00090317294	0.0008323843	0.0005865964	0.00075565686	0.0005357482	0.0009951158	0.0005433343	-6.974827e-05	0.0007165562	0.00041363455	0.0004246018	0.0005973469	0.0009887869	0.00021677668	0.00033300574	0.00027561188	0.00024860556	0.00019338998	0.00024137714	0.0001541051	0.0007033782	0.000474583	0.00026072154	0.00023967569	0.0002008785	0.000100590965	0.00095380435	0.00064286316	0.00035951353	0.00064019725	0.0014368837	-0.00028987366	-0.000414805	0.00014625896	0.00012332742	0.00034856796	0.000482906	0.00048385968	0.0006091161	-0.00044642796	0.00039046461	0.0005968267	0.0011174895	-0.0003466606	-0.0014181788	-0.00062907825	-0.0010016615	0.0008495938
chr11:68757731:-:chr11:68757731:C>A	0.00021930174	0.0012343581	0.0004124208	0.0009664189	0.00063848495	0.0013781894	0.0011889067	0.0005872033	0.0012750193	0.0013104352	0.00010341406	0.0007922866	0.00031826712	0.0007315332	0.0014161196	0.0005794005	0.00058037584	0.0027243008	0.00041779605	0.00023716147	0.0006048463	0.00023978407	0.0007894473	0.0013797067	0.0008981878	0.0018536828	0.0014966618	0.0014381409	0.00191099	0.0031847954	0.00047254562	0.00072722003	0.0009587895	0.0009956793	0.0022060222	0.00017194315	0.00054853613	0.0002098246	4.9395996e-05	0.00018089468	0.0005373521	0.002850099	0.00049489195	0.0013216626	0.0013916709	0.0011008437	0.00026279147	0.00058005075	0.0004451925	0.0007032048	0.00046006116	0.00030964072	0.0010678117	0.0027928785	0.0012488365	0.0014133453	0.0017481718	0.0009879199	0.0012735887	0.0012444583	0.0016500733	0.0025475242	5.4186042e-08	0.00039690192	1.5648928e-05	0.00023360686	0.0002840649	0.00040635196	0.00032901764	0.0016775999	0.0023607775	0.0017125823	-0.0016503767	0.001348062	0.001021602	0.0005409501	0.00081391766	0.0002774759	0.00035953522	0.00061087176	0.0007985722
chr11:72228848:+:chr11:72228848:G>A	-0.0010792776	-0.016409786	-0.022447282	-0.0017574484	-0.0017516396	-0.0010813366	-0.00018904427	-0.0017474131	-0.0019360022	9.319999e-05	0.00054963067	-7.126548e-05	-3.7561764e-05	-0.0011945855	-0.0011547263	0.0005559705	0.0005537597	0.00011530789	-0.00011201338	0.0006036325	0.0004720146	7.603385e-05	5.8412552e-05	0.00012651357	-0.00014090538	-0.00011331385	0.00020582025	-5.20186e-05	-0.00029238788	-0.0002975247	-0.00053054636	-0.00022333319	0.000104210594	-0.00017612631	1.3199719e-05	-0.00020935318	-9.356846e-05	0.00021537868	-0.0006893115	-0.00010809032	-0.013445529	-0.0062010507	-0.00035205754	-3.043088e-05	0.0001388138	0.0001392798	-0.00022157756	-0.00013403459	-0.00033411113	-0.0007228201	-0.00082657556	0.00016542998	-0.00055235083	-7.5210223e-06	-0.000121550125	6.165288e-05	-0.0014835488	-0.000120618126	-0.0025917618	3.3356926e-05	0.00018000603	-4.4844368e-05	0.00023479895	4.301288e-05	0.00010163134	-0.00017365543	0.00022779811	0.0002005317	-0.00016775998	-6.810101e-05	0.00011370399	-0.00015138496	-0.0002051917	-0.00011181831	0.00019270723	0.00013357942	0.00018980286	-8.0845575e-06	0.00011694431	4.367395e-06	-5.795739e-05
chr11:72237123:+:chr11:72237123:G>T	0.000330925	-0.0018629595	-0.0017901334	-0.00084239786	-0.0002911741	0.00036805327	0.0022842234	2.7786602e-05	0.00014638901	0.0009714257	0.0015667244	0.00078114594	0.00033890118	0.0005376989	-0.0013854287	0.0006036542	0.00029110909	0.002705986	0.0009085482	0.0009442676	0.00066326966	0.00063939526	0.0005974986	0.0020816543	0.0013655316	0.00096422975	0.0016078082	0.0003079718	0.0009480173	0.0006587289	0.0006129958	0.0004764687	-0.00014638901	8.791143e-05	0.0008818778	0.0011442683	0.0005797364	0.00077283924	-0.00014760277	0.00050985813	-0.0011167959	0.00013589859	-0.00017916072	0.0003209331	0.00016933138	0.00065168465	0.0013680025	0.00019487468	0.0016318235	0.003387733	0.00020803105	0.0009892854	0.00021275607	0.00058306346	0.0008984262	0.00042208759	-0.00013316762	-7.586046e-05	-0.0009028695	0.0006118037	0.00077063387	-0.00039170004	0.001168652	0.00094541634	0.0019069151	0.0006707365	0.00081976975	0.00033424117	0.0019226725	0.000802712	0.000423323	0.001093458	-0.0001321706	0.0009233085	0.001448458	0.0009022843	-0.0004622286	-0.0047012675	-0.0019323175	-0.003143744	0.00071359763
chr11:108271249:+:chr11:108271249:A>T	0.00016424873	7.1406364e-05	0.00042154573	0.00018067793	8.164753e-05	0.00069397147	0.0005580295	0.00044389206	0.00057606265	0.00066644495	-0.00041846794	0.00047339092	-7.521023e-05	0.00065016747	0.00037050247	3.6228786e-05	0.00019242546	0.0008018667	0.00012302399	0.00088687375	0.0007314682	0.000355222	0.0005759109	0.0006370111	0.0004809553	0.00064936554	0.00054563174	0.0007656921	0.0013017221	0.0017035224	0.0005719878	0.0007466403	0.00016411868	0.0001890876	0.0011513017	0.0001303066	0.0005403649	0.0007151257	-0.00017540022	2.5781717e-05	0.00019798496	0.0008888028	0.00048190897	0.0007038983	0.0012318437	0.0007931536	0.00081911957	0.00043340164	0.00027910146	0.00021776286	0.00056273286	0.00028580969	0.000664711	0.00049929187	0.0006266074	0.0003682917	0.0007256595	0.0003492182	0.00014567375	0.0008013465	0.000714172	0.00055287103	-0.00014817173	-0.00011843985	-5.857511e-05	-0.00020347942	2.7450647e-05	5.716627e-05	-0.0001531731	0.00061928143	0.0005716411	0.0019919656	0.003874822	0.0012409254	0.00015501543	-0.0001731569	0.00011938268	-0.00071074744	4.2828648e-05	-0.0007024245	0.0005832585
chr11:118482093:+:chr11:118482093:G>A	-0.00018024445	-0.0132136345	-0.03738555	-0.0013428602	-0.0010054328	-0.0012928356	0.0013807471	-0.0038101024	-0.003265771	0.0006745078	0.0028761516	0.00017920407	0.0007271333	-0.0010784323	-0.0031941587	0.0044716056	0.0020988637	0.00036732716	0.0002566251	0.0012404919	0.00031870062	0.00016871365	0.00036753307	0.0014487613	0.0009271015	0.00010449236	0.0015116605	0.00023029068	-6.2097206e-05	-0.0013458945	-0.00013768673	-4.098632e-05	0.0011027943	0.0005993843	0.00013338435	0.00028554958	0.00045170027	0.0003194267	0.0010985461	0.0006426031	-0.0383169	-0.017866524	-0.00011216511	0.00038240172	0.000593879	0.0005371787	0.0005212264	0.00026943468	0.00025467438	-0.000553738	-0.00038264014	0.0011770292	-0.0008626851	0.0006000779	0.000102541664	-0.00029698285	-0.0019622932	-0.0017844763	-0.0091246255	0.00045613808	0.00052337215	-6.0038133e-06	0.0030899914	0.0008662397	0.0029800588	0.0007118745	0.0024854054	0.0015603196	0.0029956645	0.00018776547	0.0004310608	-0.0005229982	-0.00045004758	-0.00025361235	0.002076149	0.0033233382	0.0017316125	7.06586e-06	0.000106573105	-6.166371e-05	0.00036508386
chr11:119278165:+:chr11:119278165:G>C	-2.9780647e-05	0.0006424297	0.0005703189	0.00014066696	0.0002900037	0.00076983194	0.0010039698	0.0005675229	0.00046747382	0.0009867712	0.00019736182	0.00054038654	0.00019370425	0.00076447835	5.927953e-05	0.00014274228	0.00016138228	0.00068621204	1.4955347e-05	0.0006905794	0.00076020847	0.00025159662	0.00094418094	0.000992233	0.00031661987	0.0013404976	0.0007751638	0.0006978512	0.0012720715	0.0010726777	0.0006028739	0.0004972545	0.0008672801	0.00058135117	0.0013864691	8.808483e-05	0.00045115297	0.0007426739	3.665144e-05	0.00021248515	0.00011183457	0.0010873512	0.0004916625	0.00095807423	0.0019477064	0.00082826614	0.00038753313	0.00015245784	0.0005171299	0.0002879663	0.0006176667	0.00019108708	0.0004282973	0.0006167672	0.0007930886	0.00064559415	0.0011581724	1.8157742e-05	0.0006308122	0.0005489913	0.0012961951	0.00058908894	9.256059e-05	0.00022509965	6.5099106e-05	0.00031701	0.00019689581	0.00036525726	0.00027384542	0.00071863696	5.4597855e-05	0.0005592108	0.001776408	0.00093940174	0.0007655404	0.00021260435	0.00031750853	-0.00049347227	-0.00020590695	-0.00029230118	0.00038021262
chr12:12718315:+:chr12:12718315:G>A	-0.0017175024	-0.01987013	-0.031951774	-0.0015146082	-0.00198607	-0.0007636981	7.3812225e-05	-0.001138037	-0.001663078	0.00023541668	0.00016127933	-3.205646e-05	0.00017855385	-0.0013669837	-0.0019418543	0.00016777082	0.00030463393	8.2308594e-05	2.4925579e-05	0.00019639189	0.00020360947	-3.0300835e-05	2.4708834e-05	-1.2988394e-05	1.0988929e-05	6.983497e-05	4.145232e-05	3.9078972e-05	-9.4890594e-05	2.4188648e-05	-0.00053019956	-0.00043795325	0.00034376167	1.828237e-05	0.000175747	-9.65812e-05	-9.55625e-05	0.00061147864	-0.00013769757	-0.000110886314	-0.0134549895	-0.0069437246	-0.0005005056	5.368753e-05	0.00020331686	0.00034456904	-7.380139e-06	-0.00034462323	-0.0002811497	-0.00050782075	0.00013497742	0.0007006038	-0.00073424255	-5.182353e-05	7.6987526e-05	-0.0003398115	-0.0020791402	-0.00024833463	-0.009039315	0.0004616434	0.00029968133	9.2289665e-05	0.00014897368	0.00034605374	8.8095665e-05	0.00019145012	8.267706e-05	0.00040712682	0.00017561154	-5.0100414e-05	5.9886414e-05	-2.5456602e-05	-9.36985e-05	-8.3576546e-05	0.00027368285	0.00028551708	0.00022808531	0.00018456849	6.7212364e-05	6.258488e-05	0.00016238472
chr12:12718824:+:chr12:12718824:G>C	-0.00041487	0.00012406436	0.000584689	-0.00033391605	-0.0006072738	-0.00033309244	-9.108673e-05	-0.00013134697	-0.00023722649	-0.00021148812	-0.0002003583	-0.00015687943	-0.00044586443	-0.00035866824	-0.0008894747	-0.00021495602	-0.00024273721	7.0756134e-05	-0.00028540872	-1.8239021e-05	-0.00013303757	0.0006241365	0.00019586086	-3.667311e-05	-3.3134766e-05	-0.00027367202	-0.00016195123	-0.00013277748	-8.537553e-05	5.950711e-05	-0.000521118	-7.943674e-05	-0.0006334023	-0.00053328817	-0.00013121149	-0.001057213	-0.00042837317	-0.000105511055	-0.000410909	-0.00054775586	-6.719611e-05	-0.00013043122	-0.00046394087	-0.00044030492	0.00017729672	-0.00020525673	-2.2622671e-05	-0.00034874136	-0.0003408302	-0.00018139319	-0.00015568733	0.000302965	-0.00011480938	-8.8951805e-05	-0.0002939051	-2.946637e-05	-0.00031555782	0.00013047998	0.0002173077	0.00032541968	-0.0004031875	-0.00024290518	-0.00018453598	-0.0010435798	-0.00011694973	-0.0008124655	-0.00015894392	-0.00069766695	-0.000104091385	-8.628585e-05	-0.0006232478	-2.60093e-07	-1.0837208e-06	8.593906e-06	-0.0004772327	-0.0002591393	-0.00018278035	-0.0006589456	0.001104008	-0.00019394267	-0.00019793077
chr12:32576447:+:chr12:32576447:C>T	-0.00033263725	-0.0061097145	-0.014321869	-0.0008700544	-0.0006086176	-5.732883e-05	-0.0002071424	-0.0002964193	-8.617748e-05	-9.246306e-05	-0.00088940427	-8.730455e-05	-0.0003610741	-0.00015458194	-0.00075184216	0.00045420908	0.00059559126	-2.8870323e-05	-0.00033842435	-0.0001093691	1.5264208e-05	7.974018e-05	2.026558e-05	-0.000333721	-0.00022788481	-6.419962e-05	-0.000100786034	0.0002462647	1.4955348e-06	8.002194e-05	-0.00014008176	-2.0915812e-05	-0.00036159428	-0.0003461621	-0.00010176138	-0.00039935112	-0.000109174034	-2.0482323e-05	-0.0008758415	-0.00047733568	-0.0019446287	0.00042013687	-0.00015310808	-0.0001474944	7.2912735e-05	-3.8027763e-05	-0.00043145093	-0.0002734661	-0.0004198768	-0.000659119	0.00056561554	0.0005090887	-1.7361208e-05	1.5735626e-05	-3.5892834e-05	-0.0001002225	-7.681413e-05	-0.00010764057	-0.00212095	-7.930669e-05	-0.000166893	8.53972e-06	-0.0013144016	-0.0003446178	-0.0010939945	-0.0006095713	-0.00047283823	-0.00058660726	-0.00073981285	3.8602135e-05	1.4901161e-05	0.00014435161	-0.00094279373	0.0002959208	-0.0005610856	-0.00067340245	-0.00029443612	-0.00021780079	-6.44272e-05	-0.00010561401	-0.00024284016
chr12:45849775:+:chr12:45849775:A>T	-1.3194301e-05	-0.00021864068	-0.0009273724	-0.00015170466	-0.00013187257	3.298846e-05	-3.8472088e-05	-9.519404e-05	-0.00015952913	-2.351674e-05	-4.855611e-05	-1.121651e-06	-1.6104092e-05	-2.817674e-07	-0.00026095996	-2.352216e-05	-2.5570393e-05	1.9810417e-05	-6.292083e-05	-3.869967e-05	-7.580627e-06	-7.499348e-06	-2.7510252e-05	-1.8797138e-05	1.6255813e-08	-1.2441115e-05	4.3890694e-07	-1.6933138e-05	6.385283e-05	0.00027994133	1.416965e-05	2.7922068e-05	-5.977804e-05	-6.395036e-05	-2.5938858e-05	-5.0739807e-05	-1.3860789e-05	-2.351674e-06	-0.00016909296	-2.8420578e-05	-0.0025882178	-0.0007370873	3.9230694e-05	-3.3091415e-05	3.4213066e-05	0.00017694994	-3.209439e-05	5.0062485e-05	-6.206469e-05	-9.529699e-05	-8.823113e-05	3.6087904e-06	-2.6074324e-05	-1.4283441e-05	-9.607185e-06	6.719069e-07	-2.822009e-05	-1.0961836e-05	-3.8168648e-05	0.00015522134	-1.9664114e-05	-1.1866743e-05	-6.943399e-05	-4.572218e-05	-3.5074623e-05	3.85046e-05	-3.121658e-05	-0.00012526187	-1.9626184e-05	3.1622974e-05	0.0008657737	9.2495575e-06	5.4987995e-05	1.8444929e-05	-3.3508648e-05	-3.2945113e-06	-5.8667225e-05	-6.382032e-05	-3.559481e-05	-5.8856876e-05	-2.5548718e-05
chr12:45904933:+:chr12:45904933:G>C	-0.00041213902	-0.0010258827	-0.0007688241	-0.00039824573	-0.00069812214	-0.00013041496	8.0737203e-07	-0.000416268	0.00020690398	0.00016248226	-9.6315685e-05	-0.0002464923	-0.00015946952	-3.474409e-05	-0.00012760813	-0.00042240185	-0.00052896957	0.00057479466	-7.798455e-05	0.00011677092	0.00023464723	0.00042875248	0.0005884387	-0.00015814738	-5.3633343e-05	6.335432e-05	0.00036646018	-0.00015377998	-2.6897951e-05	0.00044663387	-0.00031645733	-6.512078e-05	-0.0002498735	-0.0005837137	0.00033929132	-0.00049295207	-0.00037665802	-5.5145134e-05	-0.000267782	-0.0005861087	-0.00036673655	-0.00024190816	-0.00034731085	-0.0002231056	-8.597157e-05	8.080222e-05	0.000100596386	7.8905716e-05	-0.0005888289	-7.522106e-05	-0.0001695698	-4.7217716e-05	-0.00016254728	-0.00022926656	3.1937252e-05	4.495274e-05	0.00011127104	-9.100004e-05	-0.00035592643	0.00010176138	0.00022896854	-0.0003352057	-0.00011113557	0.0005085902	-0.0002328049	-0.0004383759	-5.8455902e-05	-0.0004476959	-2.8913671e-05	-6.3668595e-05	-0.001078779	0.0004804026	-0.00017028506	5.810911e-05	-7.5806274e-05	-0.0001132705	-0.0006329309	-0.0006346215	-0.002201037	-0.0019428405	-0.00026023388
chr12:49022042:-:chr12:49022042:C>A	0.00026487221	-0.0045357076	-0.0136366105	-9.223548e-05	0.00016959147	-0.00042790716	-2.9255043e-05	-0.0005976287	-0.0009555383	0.0003207597	6.0840088e-05	0.00028707765	0.0004477501	0.00016917424	-0.00062450493	0.0005275878	0.00067236746	0.00015220317	0.00038461795	8.599324e-06	0.00027840247	0.00017613714	0.00027344443	0.00018549507	-2.8485601e-05	0.00029067558	0.0001576001	0.0004834587	0.0002747178	-3.5881996e-05	0.00032878463	0.0002615831	0.00046966833	0.0003640489	0.00036260756	0.00033625148	0.00046370245	8.249283e-05	0.00051600824	0.00062184443	-0.0062822537	-0.0027276387	0.00029931826	0.00031736764	0.00027589363	0.00041986594	-4.4513832e-05	0.0005097606	0.0004207004	0.00035077875	0.000129613	0.0003500039	4.4454227e-05	0.0001727451	0.00030659002	-3.5681507e-05	-0.00022313812	-9.251724e-05	-0.0016475699	0.00037437677	0.00037088178	0.00022824244	-1.4451417e-05	0.0005493814	4.703348e-05	0.0006950172	0.00044957074	0.00061262737	0.000117562035	0.0003039349	0.00052592973	0.00010416182	2.8864904e-05	0.0001853596	0.00041675568	0.0002555143	5.2777204e-06	-2.942302e-05	-3.1590462e-06	-5.818497e-05	7.340041e-05
chr12:49027323:-:chr12:49027323:C>T	-3.1514603e-05	-0.00085202133	-0.00055447494	-0.00075838785	-0.00048284096	-3.4245577e-06	0.00018301877	-0.0004647862	-0.00042516534	8.205934e-05	-0.0003248453	0.00014391812	0.0001303933	7.256595e-05	-0.0007202625	-0.00031427902	-0.000259226	-1.4348464e-05	0.00046279214	0.00021713431	0.00014591217	5.678697e-06	5.2408737e-05	9.2939896e-05	-0.0002096783	1.0273673e-05	0.000302965	1.3308091e-05	0.00013735077	0.00018089468	9.01439e-05	6.307255e-05	-0.0006794713	-0.00015302138	-9.450046e-05	2.3538416e-05	9.688464e-06	5.310232e-05	-0.0007885369	-0.00014218417	-0.0012476661	-0.0001467358	-0.00017133626	-2.0634045e-05	0.000118212265	8.004362e-05	-0.00013975664	-0.00020777095	3.0517578e-05	2.50773e-05	-0.000543616	6.435134e-05	-0.0001406453	0.00021405653	0.00020191887	-0.00031375885	-0.00028087877	-0.0007142804	-0.0005335374	0.00015338985	-5.7003713e-06	-0.00051693484	-0.0010491718	-0.00015834245	-0.0012807846	-0.00046656348	-0.0007503683	-0.00013143366	-0.0009759556	0.00011331385	0.00019192696	-5.9908085e-05	-1.09455805e-05	5.318902e-05	-0.00033027475	-0.00018280203	-0.00097066705	-0.0021512725	-0.001260454	-0.001861659	-4.2806972e-05
chr12:49028142:-:chr12:49028142:C>T	9.5714226e-05	-2.336502e-05	-4.196167e-05	2.8480183e-05	6.905469e-05	1.614744e-05	6.5348366e-05	2.247637e-05	2.4058601e-05	0.00010598789	0.0003012202	9.538911e-05	0.00015111403	8.1495804e-05	-0.0003509088	-5.023046e-05	-5.271218e-05	-3.0344182e-07	0.00018696352	-1.0837208e-06	-6.751581e-05	-4.7683716e-06	-1.26145105e-05	-2.6724556e-05	-4.5754692e-05	4.343553e-05	4.9287624e-05	0.00011916594	4.035776e-05	-1.5778975e-05	3.6694786e-05	-1.94853e-05	-2.115423e-05	-9.450046e-06	7.6380646e-05	0.0003569343	0.00013091347	0.0003396381	0.00023252313	0.0003046556	-0.0001726584	7.646734e-05	7.052855e-05	0.00013531338	-0.00011892752	6.415627e-05	-2.9282137e-05	7.6987526e-05	0.00010104613	8.16692e-05	3.3486973e-05	-6.128441e-05	-1.2592835e-05	-5.9084457e-05	-1.3221394e-06	-0.00019719383	-0.000164097	-0.00016921217	-0.00010835041	5.1368366e-05	0.00016221133	-6.5218315e-05	0.00023718314	0.00048242917	-0.00013282082	-1.4305115e-06	7.618557e-05	0.00021414323	4.525618e-05	-4.460595e-05	-8.043376e-05	4.3988228e-05	-0.00034059177	4.5754692e-05	0.00012514809	0.00015211105	-0.00025692853	-0.0004451058	-0.0003832687	-0.0004543391	0.00023243645
chr12:49042646:-:chr12:49042646:C>G	-0.00013670055	-0.0011903372	-0.00031191652	-0.0015164722	-0.0010788657	-1.8119812e-05	0.00019303235	1.5172092e-06	-0.00038849225	0.0005288991	-0.0013312914	0.00046691028	-0.0001597838	-0.00035489688	-0.0011564385	-0.00021223589	-0.00027099522	0.00067543983	-0.00019285896	0.00049875	0.00054147025	0.00016498566	0.00028588556	0.00043158096	0.00048674236	-4.0271065e-05	0.0002454411	-0.00011697682	2.2541393e-05	0.0008233244	-1.1314045e-05	0.00029980054	-0.0012172352	-0.0009833683	0.0009114526	-0.00084502046	-0.00084933365	0.0003053275	-0.0013825677	-0.0010390715	-0.00035595894	0.00051030243	-0.00022563068	-8.1950966e-05	0.00044285168	-0.00012224371	0.0006541122	6.0818413e-05	0.00041185727	0.0013714704	0.00037466397	0.00091864844	0.00025363403	-6.935813e-05	8.730455e-05	-0.00060356746	-0.0006452907	-0.00025084344	-0.0007412542	0.00036478043	-0.00020317598	-0.001179045	-0.0010391799	-0.0011174137	-0.00049294124	-0.00061485986	-0.0004722422	-0.0006474365	-0.0003969236	0.00051931903	0.00082826614	0.0014611483	0.000892249	0.0017773672	-0.0007171197	-0.0005020879	-0.001116189	-0.0027922718	-0.001098221	-0.0013296821	-0.00034713745
chr12:49042879:-:chr12:49042879:C>T	-0.0002967011	-0.00051168964	-0.0006163337	-0.00044397873	-0.000373797	-0.00013102185	-0.000105966225	-0.00022682277	-0.00015989217	0.0001347065	-0.00019666823	3.082102e-05	6.3766136e-05	-7.3974785e-05	-0.00080793555	-3.8374554e-05	-3.1124462e-05	3.403967e-05	-5.1151624e-06	0.00015310808	0.00017352538	5.6613575e-05	2.829595e-05	-0.00012431362	-4.2059204e-05	-4.7857113e-05	5.4706226e-05	-3.0344183e-06	-0.00011969696	4.771623e-05	-0.00014042854	-3.528595e-05	-0.000247576	-0.00044439055	5.8412552e-05	-0.00018229267	-0.0003096949	0.00028124722	-0.00032578816	-0.00019699876	-0.00030229308	-6.003813e-05	-0.00026919626	-0.00010336529	-8.200516e-05	-0.00010475246	-5.9718437e-05	-5.340576e-05	-6.255237e-05	0.00010056929	-0.00011180748	-6.126274e-05	-2.8198416e-05	-0.00014201077	-0.00011617487	-0.0002476627	-0.00021958351	-0.00032686646	-0.0003154928	-7.672743e-05	-1.7599627e-05	-0.00024379384	-0.00014402108	-0.00024139881	-0.00031035597	-0.0004963875	-0.00025020947	-0.00026256387	-0.00019873273	-3.333525e-05	-0.00019140677	3.2061882e-05	-0.00033001465	-9.47172e-06	-0.00023616444	-0.00015620752	-0.00047675046	-0.0009491227	-0.00023876537	-0.000425122	6.3289294e-06
chr12:50094436:+:chr12:50094436:G>A	-8.114902e-05	-0.001325694	-0.00044135613	-0.0005290292	-0.0005923184	-0.00014556538	0.00020924481	-0.000290914	-0.00038322536	0.00010265003	1.8835068e-05	4.4085762e-05	0.00012748892	9.4890594e-05	-0.0011275031	-0.00071412866	-0.0008477081	0.0001583316	0.00013377449	0.00020954826	0.000117605385	-2.6616182e-05	-3.4765762e-05	0.00022159923	-0.00028675253	0.00017252835	0.00023260983	1.335144e-05	3.073432e-05	4.3782322e-05	-2.41453e-05	-2.9780647e-05	0.00010993264	-0.00023091924	0.000113573944	0.00027899307	-0.00023811514	0.00031384555	-0.00024734845	-7.6293945e-06	-0.0004990751	-0.00027275085	-0.00019476631	-6.48065e-05	2.7743254e-06	0.00014352798	-7.867813e-05	-0.00019550323	-9.913878e-05	-7.0311806e-05	-0.00015839664	2.5857578e-05	-0.00015258789	-0.0001039505	4.668669e-05	-0.0002744848	-0.0002707568	-0.00058148126	-0.0009044734	0.00011452762	0.00015128743	-0.00079215656	0.0005166205	0.00058276	4.161488e-05	-0.00024522434	-7.022511e-06	-0.00017703664	0.0005271218	-6.2855806e-06	-3.33786e-06	0.00027145038	-6.324595e-05	8.81065e-05	0.00020647049	8.279627e-05	-0.00065695157	-0.0018352378	-0.0017477382	-0.0021436864	5.635348e-07
chr12:57524719:+:chr12:57524719:G>A	-0.0008960204	-0.0016562722	-0.0009169145	-0.0014902462	-0.0015299537	-0.0005465854	-0.00087417255	-0.00070584903	-0.00068980997	-0.0006571683	-0.0014472549	-0.00042252106	-0.00061542337	-0.0006326329	-0.0020720742	-0.0009724227	-0.0010093775	0.00018909844	-0.00027400797	0.00040242888	-1.6754324e-05	0.000117410316	2.7353113e-05	-0.0003079501	-0.0005119931	-0.000695532	-0.0011859373	-0.00047016144	-0.00027383456	0.00013559515	-2.0449812e-05	-0.000103072685	-0.00081352756	-0.0010814883	-0.0002099384	-0.0005552335	-0.00076031685	0.00018563053	-0.0010697625	-0.00085145776	-0.00079428067	-0.00017634305	-0.00023329258	-0.00018973784	0.00018444928	-0.0003133904	0.00015705283	-0.00048427147	-0.00051164627	-0.00022883849	-0.0004143715	8.4270134e-05	-0.00037639792	-0.00095016306	-0.0007115277	-0.0004358725	-0.0007884069	-0.0007054264	-0.0011356961	-0.00063553726	-0.0006085309	-0.0011407245	-0.002171603	-0.0017433817	-0.00079783524	-0.0005587665	-0.0013058402	-0.00084352493	-0.0003736019	-0.00022994388	-0.0008948283	0.00036079233	-0.00028029355	-8.3858315e-05	-0.00052742526	-0.0010303151	-0.003594572	-0.0077125807	-0.0019415942	-0.0031598697	-0.0009393042
chr12:109568768:-:chr12:109568768:A>G	-0.00047991492	-0.011355487	-0.020538764	-0.0012905381	-0.00066080963	-0.000953761	-0.00082622876	-0.0014069297	-0.0025119781	0.00042022357	-0.0011034445	0.000112923706	0.00010351701	-0.00077368994	-0.0024023056	0.0009613037	0.0011076494	0.0013382651	0.00025727533	0.000453082	0.0004068288	9.679794e-05	0.0006877292	0.0022470301	0.0019893646	0.00042022357	0.00029884686	-0.0002341704	-0.00015289133	-0.0018683347	-0.00031484256	-0.0005192973	0.0015226278	0.0009177381	0.00056704605	0.00038790703	1.0685487e-05	-0.0005050139	0.0020400395	0.0007757707	-0.0206389	-0.007151257	0.00029446863	0.0003062595	0.0006867322	0.00016932054	0.000769962	0.0006425597	0.0004993352	0.00089324603	0.00062292273	0.0038283954	-0.00045022098	0.00040349094	9.2202965e-05	-0.00047826767	-0.001035777	-0.0016772964	-0.003323555	0.00053241034	0.00016524574	0.00035927512	0.0021908933	1.3383952e-05	0.0040026577	0.0018374703	0.0028996035	0.0014312051	0.002751784	0.00035095215	0.00030586935	-0.0027403398	0.0028873791	-0.0004965175	0.0019970806	0.0027095622	0.0016581796	0.0010313555	0.0003919168	0.0003154061	0.00057359174
chr12:114679503:-:chr12:114679503:A>G	-0.0017908379	-0.0071154833	-0.015293241	-0.0020233935	-0.0016669794	-0.0012638785	-0.0011718057	-0.0014381625	-0.0017720136	-0.0005745454	-0.004190591	-0.00042939727	-0.00084012205	-0.00117458	-0.0027188822	-0.0001326691	-0.0002392097	-1.3340603e-05	-0.00091188605	-0.00028498608	-0.00032018533	-0.00011880831	-0.00014291027	-0.00022107904	-0.00024533272	-0.0005471598	-0.00080120564	-0.0005229603	-0.0005407117	-0.0010988929	-0.00079221075	-0.0006269108	-0.0007731481	-0.0013338436	-0.0002825152	-0.0013534806	-0.00095817173	-0.0004130602	-0.0016671311	-0.0009899194	-0.015970403	-0.00479541	-0.000817093	-0.00090663	-9.405071e-05	-0.0006538413	-0.00022025542	-0.00050447206	-0.0011523962	-0.0014153611	-0.0007363016	0.00017913363	-0.0006333806	-0.0005663525	-0.0005418496	-0.0002689795	-0.0011457205	-0.0002156767	-0.0027925156	-0.00027862462	-0.00060030544	-0.0001837557	-0.0032393986	-0.0006778674	-0.0006873391	-0.0005420013	-0.0009316856	-0.0005205978	-0.0016165213	-0.00035097383	-0.0003774708	-0.0003901937	9.248473e-05	-0.0003107461	-0.0013113347	-0.0014529012	-0.0003030192	-0.0001373291	-8.6312946e-05	-9.48635e-05	-0.00055806205
chr12:120999267:+:chr12:120999267:G>A	0.00012328407	0.00081391766	0.0009085048	-9.315664e-05	0.0003023581	-1.0360371e-05	-0.00040102005	0.0002359477	0.00026343085	0.00019936128	-0.00054963067	-5.5768272e-05	-0.00015211105	9.055571e-05	0.00012480128	-7.884069e-05	-0.00012584166	3.4874134e-05	-0.0001919703	5.1834366e-05	0.0002670505	0.00016138771	0.0001866384	-0.0002309409	-0.000116424126	-0.00024169142	-0.00028122554	-1.0273673e-05	-0.00032648174	0.00011257692	3.8515438e-05	1.1985952e-05	-0.0006388534	-0.00023978407	2.6572834e-05	-0.0005477992	-0.00020699068	0.00021596388	-0.00053390587	-0.00021557375	0.00018724528	0.00033877112	-0.00024368546	-0.0002245903	-0.000109065666	-0.00032598322	1.3199719e-05	-3.4115532e-05	-9.027394e-05	-0.0001372424	-9.097836e-05	-2.1999533e-06	1.8379906e-05	-0.00026800417	-0.00015627254	2.6182695e-05	-5.1888554e-05	1.0073185e-05	0.00025220352	-0.00018880585	1.001358e-05	0.00017790361	-0.00062942505	-0.0005961331	-0.0002135797	-0.00040104173	-0.00023163449	-2.1045858e-05	-0.00025017696	-0.00012774901	0.00016017394	-2.0086765e-05	-0.0003981157	-0.0002126477	-0.00027929654	-0.00022154505	-0.0002704967	-0.000100872734	0.00045785037	0.00035442004	-0.00033105502
chr12:132657430:-:chr12:132657430:C>A	0.00037032907	-0.00017686324	-0.00030188126	5.500967e-05	0.00022025542	0.0003242926	0.00038203326	0.00015722621	0.00011014938	0.0007706555	0.00034845958	0.0004169724	0.0006316792	0.0005343177	-0.00013433803	8.8821755e-05	5.8087437e-05	0.00042041866	0.00023824518	6.071004e-05	0.00059383566	0.00038803706	0.00063553726	0.00020538676	-1.8488277e-05	0.0010578849	0.00034826453	0.00041421977	0.0005292242	0.00045360217	0.0003687035	0.0005409284	0.0005561655	0.0007338524	0.0006382682	0.00023841858	0.00046613	0.0013126027	0.0002350157	0.0005256046	-0.0002328049	0.00046439606	0.00017018752	0.00035374815	0.00036204944	0.0006532669	0.00021563876	0.00067416107	0.00037451225	0.0005473657	0.00023185123	0.00035901504	7.406148e-05	0.00027871132	0.00034499168	0.0001386946	7.143887e-05	-0.00011806055	-7.549199e-05	0.00085180457	0.00072700327	0.00023211133	0.00018806891	0.0015586506	-0.00018382072	9.3069946e-05	0.00016336008	-2.2064556e-05	-3.470074e-05	0.0003480478	0.0005834319	0.0006168539	-0.00044957074	0.0005576394	0.00024004416	0.000279665	-6.190213e-05	-0.00067619846	-0.000489495	-0.0008187294	0.00052113965
chr12:132680048:-:chr12:132680048:T>C	-2.2541393e-05	-0.00022064555	-0.00018796054	-0.00041649558	-0.0005563389	0.00016585263	0.00013498827	0.00013490157	-4.681674e-06	0.00025072964	-0.00025268036	0.0001913851	-5.8737667e-05	0.00017261505	-0.000994509	-0.0006353205	-0.00035962192	0.0009056438	-0.00013386119	0.00035576386	0.00018345226	0.0001003959	9.202957e-05	0.0013224862	0.0017346903	0.00012796576	0.0002822876	6.66705e-05	0.00013598529	0.0004692511	0.00011838566	0.00017760017	-0.0004003698	-0.00037050247	0.0004002831	-0.0005204461	-0.00035927512	0.00019589337	-0.0003175302	-2.6139345e-05	0.0002488223	0.00021795793	-7.1612274e-05	-7.42999e-05	0.00017512929	6.615032e-05	0.0005328655	3.4115532e-05	0.00019741058	0.00059587305	0.00016561421	0.00034683401	0.00034323605	0.00034314935	0.00029485876	0.00038320367	-0.00022905524	0.0012034719	-0.00048568033	0.00020105188	-4.0141018e-05	-0.0005858161	-0.0002201037	-0.00075437804	0.00071083417	0.00022905524	0.00040466135	0.000106334686	0.0007069761	0.00032342563	0.0024645545	0.00041998515	0.00038077615	0.0001049692	-0.00031731345	-6.181544e-05	-0.00047761743	-0.0027695568	-0.0013482354	-0.0018396811	0.00035546042
chr13:48373493:+:chr13:48373493:G>T	-0.0037524267	-0.020387737	-0.030630762	-0.008083084	-0.008065506	-0.00522995	-0.00858955	-0.004817009	-0.0071631344	-0.008407679	-0.011027715	-0.005456881	-0.004911986	-0.0029493244	-0.009776809	-0.0028858727	-0.0049381475	-0.0009860451	-0.0020168477	-0.0060521257	-0.007559061	-0.0008590655	-0.0034909248	-0.008917614	-0.0038242557	-0.00975689	-0.0055943187	-0.004686269	-0.0012699474	-0.0013692596	-0.003680446	-0.0026232547	-0.010931817	-0.008470589	-0.012648192	-0.0063985693	-0.006701296	-0.0044559133	-0.01041822	-0.0077935997	-0.04491156	-0.028588057	-0.0035314776	-0.007647926	-0.0010592017	0.00016410784	-0.005077936	-0.0043512043	-0.0078214295	-0.013493494	-0.006310788	0.00323029	-0.008080504	-0.0043237642	-0.005737998	-0.0038666076	-0.0048956545	-0.00026473132	-0.004223482	-0.005727941	-0.010534763	-0.0021270623	-0.009636142	-0.0069311205	-0.0056608263	-0.0042262296	-0.0068809767	-0.01049329	-0.0066221626	-0.0031456947	-0.0071767676	-0.0055435244	-0.0014709505	-0.002716823	-0.011264042	-0.0067920904	-0.0020853824	-0.0003362569	-0.0003428351	-0.00038578294	-0.0054038437
chr13:48379655:+:chr13:48379655:G>C	0.0002372915	-0.006713125	-0.021421064	-0.00014014136	-0.00041530348	-4.7911297e-05	-3.5665253e-05	-0.0008175969	-0.00026291067	-2.8317625e-05	2.9477205e-06	5.1801853e-05	5.8672646e-05	0.00010960752	-4.373897e-05	-2.0005486e-05	-3.0923973e-05	-4.8063016e-06	-2.2931532e-05	-1.4933673e-05	-4.9851155e-06	4.0791252e-05	-7.634813e-06	-1.5155835e-05	-1.5925278e-05	-3.1655483e-05	7.320534e-06	-1.5226277e-06	-1.723116e-06	-4.3971973e-05	6.3755295e-05	2.2546812e-05	-3.653223e-05	5.879185e-06	-2.7206812e-05	0.0005424673	1.4641068e-05	-3.3048065e-05	-1.1416999e-05	0.00045097957	-0.0010118376	-0.00032245571	-4.0861694e-05	-3.4987926e-05	3.012744e-06	8.3863735e-05	-1.3969161e-05	1.602823e-05	-7.398562e-05	-6.484985e-05	-8.4687366e-05	-0.00067797577	-4.1593205e-05	-2.4763021e-05	8.626418e-06	-5.684116e-06	-5.0338833e-05	-5.223534e-06	-0.0012619658	6.401539e-05	-3.5253437e-05	-2.4464998e-05	-1.7339534e-06	0.0003851273	-2.1262602e-05	0.00011753494	-5.5757437e-06	0.000119350174	-8.761883e-06	-3.2397835e-05	-1.8434092e-05	-1.7063185e-05	-0.00020285086	-0.00019120629	-1.8179417e-05	8.956952e-06	-8.290464e-06	1.7285347e-06	4.965067e-05	-4.8767436e-07	2.946637e-05
chr13:48453113:+:chr13:48453113:T>A	-0.0004828518	-0.011704461	-0.032250468	-0.0016308156	-0.0016269251	-0.00021923672	-6.228143e-05	-0.0012870051	-0.002326586	-1.4001673e-05	0.00014813921	-0.0001320568	2.6215206e-05	-0.00040500273	-0.002187241	7.3855575e-05	5.1758507e-05	2.5900927e-05	-7.819046e-05	3.8298695e-05	2.216209e-05	-0.000116499985	4.4730576e-05	6.733157e-05	4.1181393e-06	8.571148e-05	-5.1541763e-05	-5.70579e-05	-0.00021192702	-0.0002704913	-0.00014721806	-0.00017102198	0.00017193773	-3.9192764e-05	1.4218417e-05	-0.00025067545	-0.00019548157	3.7009065e-06	0.00012953173	0.00017187813	-0.013586218	-0.006199701	-0.00023302165	-8.751587e-05	3.0501322e-05	-3.0799347e-05	-0.00010220029	-0.00032601572	-0.00028492103	-0.0007961663	-0.0010198788	-5.0284645e-05	-0.0003745014	-6.38149e-05	-0.00012194027	0.00027070803	-0.0003466552	-8.0845575e-06	-0.0031236247	4.8962505e-05	0.000108930195	0.00021489641	0.000121468845	0.00023544376	3.9929695e-05	0.00013263659	0.00024379925	0.00036506218	0.00020338189	-9.723143e-05	-1.4175068e-05	-0.0002256686	2.5586649e-05	-0.00027839703	0.00020097602	0.00024834546	7.154183e-05	4.591183e-05	-2.9834833e-05	-2.7689066e-05	-0.00015113028
chr13:48463840:+:chr13:48463840:G>T	9.944222e-05	-0.006170641	-0.012903821	-0.0012690154	-0.0003112988	0.00011814183	2.4231997e-05	-0.0010621006	-0.0017256086	0.00026260724	0.00016226551	0.00040492145	0.0008723519	8.95045e-05	-0.0034883565	0.00027371536	0.0002670288	0.0002491095	0.00031052937	2.9715624e-05	0.0004909147	0.0005178668	0.00040928883	-1.1319464e-05	-1.913851e-05	0.0001873374	7.426197e-05	0.000175747	-4.2839485e-05	-0.0002897165	0.0002412796	0.00031151556	0.0004605976	0.0005389506	0.0002304695	0.0013040088	0.0009018183	0.00030632995	0.00034145874	0.0011752789	-0.005869486	-0.0018256686	0.0003453168	0.00038697504	0.00012184815	0.0004197359	-0.00012866476	0.0004095923	0.00039728123	0.00010418892	-7.6185574e-06	0.0008285371	-5.8482994e-05	0.00010591203	0.00033495642	0.00013527003	-0.00012422692	-3.7751415e-05	-0.0044288742	0.0003476522	0.00025104935	1.9241463e-05	0.00056421757	0.00096069684	0.00031766025	0.0007485639	0.00016838312	0.0007073175	0.00026128508	0.00013935566	0.00025684183	-9.836934e-05	-0.0002196377	-3.474409e-05	0.00028008764	0.00042658503	0.00010717457	0.00011888959	5.485795e-05	6.248192e-05	0.00088847766
chr13:48465112:+:chr13:48465112:G>A	4.355474e-05	-0.0023776402	-0.005346504	7.4581665e-05	0.00012891943	0.00015453859	3.1899322e-05	-0.00012142008	-0.00026013635	0.0001725717	-0.0005357157	0.00014738603	0.00031582333	0.000101284546	-0.00032505122	0.00018457933	0.00017311356	2.438372e-06	0.00021020933	-1.4500184e-05	8.047169e-05	-9.038232e-06	0.0001004826	-2.189116e-06	-9.524822e-05	0.00013553012	2.434037e-05	6.32026e-05	6.519665e-05	-0.00024401057	9.347092e-05	3.5253437e-05	0.00045275688	0.0001635985	0.00015373663	0.00021450628	0.00014824216	3.493374e-05	0.0006612756	0.00024285099	-0.004110683	-0.0019266172	9.256059e-05	0.00013237107	-3.9978462e-05	0.00015421347	-0.00017577951	0.0002656525	0.0001924363	0.0001711737	-4.6144833e-05	4.0325252e-05	-0.00018147989	7.488511e-05	0.00016883286	-6.7103996e-05	-7.836385e-05	-0.0003453439	-0.000760241	0.00030713732	0.00019049103	4.052032e-05	-0.00029535728	0.00037042118	-4.4118275e-05	0.0005699288	0.00015097857	0.0003014857	-9.8835335e-06	9.365515e-05	0.0001624931	-0.00014398315	-0.00030505657	-4.1604042e-05	0.0002563921	0.00021586093	2.3825602e-05	-5.1492996e-05	3.0289997e-05	-2.4448742e-05	0.00028392402
chr13:48465369:+:chr13:48465369:G>C	-0.00073104555	-0.008581411	-0.014789116	-0.0014782007	-0.0008847551	-0.00065973675	-0.00059808383	-0.0014372523	-0.001213025	-0.00025760045	-0.0021308714	-0.0003363436	-0.00048648228	-0.00058911607	-0.0025833033	-0.00011344389	-0.000102585014	-0.00013307008	-0.00013918226	-0.00031367756	-8.05042e-05	-6.563555e-05	-1.0506673e-05	-0.0005892461	-0.00048262964	-0.00037725948	-0.00035080584	-0.00014584172	-0.00023990328	-0.00014480678	-0.0004932718	-0.00031235543	-0.00037352063	-0.00069638813	-0.0002016967	-0.00051801855	-0.0002466603	-9.854815e-05	-0.0015936819	-0.0007321672	-0.011554068	-0.004328197	-0.00060830876	-0.000382716	-9.7090546e-05	-0.00020304052	-0.00047542292	-0.00028372894	-0.0005943071	-0.0007193901	-0.0009075349	0.00043969805	-0.0006135756	-0.00031187318	-0.00032736498	-0.0011504455	-0.0008846359	-0.0007915659	-0.003413867	-0.00014163148	-0.0004942309	-0.00016943975	-0.0019975738	-0.00072787027	-0.0006259734	-0.00026928837	-0.0006825057	-0.0004762357	-0.0011102557	-0.00031404605	-0.00020412965	-0.0006633997	-0.00015962124	-0.00013295087	-0.0007354617	-0.0008393418	-0.00026008757	-0.00021262061	-6.83882e-05	-0.00012302399	-0.00015540015
chr13:51368938:-:chr13:51368938:C>T	0.0002393289	-0.0009589737	-0.007068634	-0.0003113259	-0.00017844547	-0.0001846877	-0.0001212521	-0.00019850513	-0.00034471534	-0.00014526193	-5.846132e-05	1.4001673e-05	0.0002551729	5.7003715e-05	-0.00037771463	-0.00025454434	-0.00042017482	-4.0178948e-05	0.00013702567	-0.00010338696	-0.00012811205	5.771897e-05	-8.587404e-05	-0.00013166666	-0.000113947826	-0.00014498016	-8.2438644e-05	-0.00016302412	-9.75999e-05	-0.00036549568	4.0845436e-05	-5.097281e-05	-0.0001842759	-4.5933506e-05	-0.00015608831	0.00013494492	5.3183598e-05	-9.114092e-05	-0.00016587973	0.00017042593	-0.000782972	-0.00037728113	-3.587658e-05	-0.00021773035	-0.0001080578	-0.00013069673	-0.00010468201	0.00012391264	-0.000108523804	-0.00014282357	-0.0001923496	-8.958036e-05	-0.00013497742	-0.000106367195	-8.038499e-05	-0.00014011427	-0.00019657612	-1.871044e-05	-0.00039853292	-6.293167e-05	-0.00018631328	-0.00019168854	-0.00012592295	1.07179985e-05	-0.00013362277	-0.0001374158	-0.00011148778	-0.00015419722	-8.342483e-05	-5.8699738e-05	-0.00024074316	-3.954497e-05	-5.997311e-05	-0.00011987036	-0.00020334938	-0.0001094558	-0.00012170185	-7.0225105e-05	-1.9842928e-05	-5.5627388e-05	0.00014124134
chr13:72772277:-:chr13:72772277:T>C	-0.00083134393	0.0010447069	0.0003706325	0.00045186823	-0.0010593588	0.00021310286	0.00049625745	0.00038576126	0.00023182956	0.0001800277	0.0007323352	0.00043335828	-0.0008446954	-1.8770044e-05	-0.0016458685	-0.00014764612	-4.0964645e-05	0.0011234283	-7.256595e-05	0.00065846875	-0.0004078258	0.0002915209	3.7756832e-05	-0.00033894452	0.0012019764	0.00047956815	3.9967625e-05	-4.891916e-05	0.00059951434	0.0005136078	7.416985e-05	0.0002572103	-0.0009541078	-0.00205053	0.00033482639	-0.00040596182	-0.0005213564	0.00059036777	-0.0012616244	-0.0001336011	-0.0003581047	0.00037756833	0.00025575812	-0.00038992276	0.00071941724	0.0005959598	0.0010848913	-0.00027517838	0.00030873038	0.0010177873	0.00073354895	0.00016011974	0.0013413429	-0.00040999326	7.091869e-05	0.0046448708	-0.0009689331	0.009209893	0.005867091	-0.0002991503	-0.00015826659	-0.00028579886	0.00031051852	-0.0005203594	0.0015770305	0.001842152	0.00029308145	-0.00039382416	0.0005874634	0.00013134697	5.526976e-05	0.00080957735	0.0030388832	0.0008440776	-0.00020699068	-0.0005758459	0.0027056606	-0.0005123832	0.0014058893	-0.0008047277	0.00020304593
chr13:72775209:-:chr13:72775209:A>G	0.00046420097	-0.0012343363	-0.008056033	0.0004455393	0.000445626	-0.00040325252	0.00010923364	-0.00065573776	-0.0012334477	0.00019832091	0.0006989349	0.00019618598	0.00059576466	-0.00018522957	-0.0010409788	0.00023548711	0.000254967	-2.6854601e-05	0.00029663605	0.00034294344	0.00018585812	5.8390877e-05	0.0002446608	0.00030373986	0.00016065077	9.1265545e-05	7.8282574e-05	-9.483641e-05	-0.00012346831	-0.00047540665	0.00026658448	-5.034967e-05	0.0007151745	0.001024333	-4.6984715e-05	0.00045554203	0.00029292973	0.00019849431	0.0019509359	0.001299132	-0.0043087006	-0.0012271729	0.00046129661	0.0005744154	3.2479114e-05	-8.9840454e-05	0.00028056448	0.00038853558	0.0008151531	0.00097654085	0.00049083884	0.00022544643	-8.674101e-05	0.00022592327	0.00015042046	0.00012728301	9.5551666e-05	9.7366894e-05	-0.0009266572	-0.00026942382	0.0004250353	0.0001597242	0.0008552779	0.0008391304	0.0008264292	0.0018587004	0.001250809	0.0015624599	0.0011507869	-4.60473e-05	0.00018091635	-0.00025462563	4.686009e-05	-0.00033846227	0.0010914694	0.0015261553	0.00028020685	0.0003043088	6.7667526e-05	5.2332878e-05	0.00017577951
chr13:95043680:-:chr13:95043680:A>G	-0.002015634	-0.016061436	-0.030598445	-0.004957199	-0.0026263325	-0.0016760393	-3.0690975e-05	-0.0047225086	-0.004622546	-0.00039295715	0.004971136	-0.0007889054	-0.0012744557	-0.0014533564	-0.0052891644	0.0002501661	0.0021318088	2.0753254e-05	-0.0005570325	0.00039117987	0.00013899803	-7.000836e-05	0.00017773021	0.00011192669	0.00037791513	-0.0004041845	-0.00051767175	-0.00035220926	-0.0005667318	-0.00058748503	-0.0010169636	-0.0007343292	0.0002667037	-0.001941941	-0.00020764091	-0.00041261586	-0.00053869595	-4.7336925e-05	0.0023900813	0.0016881769	-0.022339387	-0.011950493	-0.0015309073	-0.00059496274	3.066388e-05	3.889474e-05	-0.0007619858	-0.0005319552	-0.00026997653	-0.00045360217	-7.343292e-05	0.00043757397	-0.0019117702	-0.000972401	-0.00060072815	-0.00015102733	-0.0019574382	0.0018840703	-0.008607149	-0.00041523846	-0.00028818304	1.3438138e-05	0.0060368883	0.001545245	0.005408807	0.0038375421	0.005786462	0.0036030249	0.005420728	-0.0006801432	0.00070203433	-0.0005865747	0.00020764091	-0.00097146904	0.0019113584	0.0055581005	0.00046599994	0.0010114149	1.2376092e-05	0.000109585846	-0.0008426363
chr13:95166157:-:chr13:95166157:C>A	-0.00035129895	-0.0087555535	-0.023044694	-0.0017191496	-0.0010286245	-0.0005498799	-0.00012691454	-0.0017295534	-0.0019357638	0.00043253464	-0.0005125729	0.0002593019	0.00015304306	-0.00031453912	-0.0028344826	0.00038528442	0.00034536014	0.0012589964	0.0003064112	0.0003749891	0.000800447	0.00046896935	0.0005662875	0.00052358885	0.000111048874	0.00051168964	9.047985e-05	0.00017944249	5.427274e-05	-0.00034037503	0.00041257252	0.000253569	0.00070934946	7.016009e-05	0.0009075945	0.0002557798	0.00026692043	0.0005297661	0.0001584183	0.00029904192	-0.022103548	-0.008990873	8.509376e-05	8.183176e-05	0.0004169995	0.000579498	-6.751039e-05	0.00041390548	0.0004153685	0.0015758601	-0.000224677	0.0020824887	-0.00018767877	0.00014900077	0.0005009391	9.705804e-05	-0.0003195134	-0.00035206837	-0.004119136	0.0005512454	0.0004624887	0.00041021	-0.00032869793	0.0005150275	-0.00013183463	0.00048032674	0.00022042882	8.441101e-05	0.00012814999	0.0006550442	0.000109174034	0.00035365063	4.401532e-05	0.00028498608	0.0003254522	0.00012255799	0.0001355518	0.00022449276	0.00017097322	8.831241e-05	0.00032977623
chr14:22978446:-:chr14:22978446:C>T	-0.0004388419	-0.00040518155	-0.00025411087	-0.0007032048	-0.0016242374	-0.00021550873	-1.7014418e-05	-0.00018050453	-0.0007054372	3.8016926e-05	-0.00012293187	9.4977295e-05	-0.00012562492	-9.6364456e-05	-0.0023227604	-3.357909e-05	-0.00010967255	0.00031731345	-3.298846e-05	8.3413994e-05	0.0001432679	0.00010895729	0.00014106794	-0.0003565333	-5.247918e-05	0.00023659793	-5.0913204e-05	-9.3590126e-05	0.0002528971	0.00022357161	-0.00018304045	-1.917102e-05	-3.1471252e-05	-0.0003733418	0.000211629	-0.00036499716	-0.0002575354	0.00025983292	-0.00012913617	-0.00021336296	-0.0001368631	0.0004270727	-0.00017872723	-0.00021941011	0.0003410036	-7.7139244e-05	2.8561462e-05	-0.00022498044	-9.335171e-05	3.090772e-05	0.00014469841	0.00032662263	0.0004933097	5.3037296e-05	8.407506e-05	0.00050558825	-0.00010700659	0.00015783851	0.00027988173	1.0100278e-05	4.3955715e-05	-0.00077724457	1.1270697e-05	-0.00025835904	-0.00021854314	-0.00048479167	6.0384922e-05	-0.00017116287	4.0422788e-06	0.00029048053	-0.0002343438	0.00042900714	0.0002478253	0.00034570694	-7.1243805e-05	-2.0352278e-05	-0.0011002584	-0.0032111297	-0.0023676266	-0.0030907502	-0.00025606155
chr14:67865141:+:chr14:67865141:T>C	-0.00034951622	-0.0052997414	-0.020935606	-0.0007398237	-0.0007115711	-0.0003460158	-0.00024586916	-0.0005806414	-0.00077671354	-0.00012455204	-0.00028242308	-0.00011050159	-0.00027065387	-0.00033839725	-0.0014472008	-8.896806e-05	-0.00012513725	1.1151487e-05	-4.7613274e-05	-0.00011127645	-7.00192e-05	6.9358134e-06	-1.4283441e-05	-1.063672e-05	-0.00010908192	-0.00011766499	-0.00011121685	-0.00013808771	-0.00015259873	1.9723718e-06	-0.00017100031	-8.747794e-05	-0.00023721565	-0.00022404302	-7.7962875e-05	-0.0005888505	-0.00025983833	-0.00012027134	-0.0003287738	-0.00023109805	-0.0030406334	-0.00050788576	-0.00024282932	-0.00021054527	-4.7759575e-05	-0.00016854027	-7.2994015e-05	-0.0001501712	-0.00022200563	-0.0002872456	-0.000267316	8.345734e-05	-0.00020960787	-0.000121062454	-0.00013021448	-0.00014520233	-0.000150816	-7.4012714e-05	-0.0016958497	-4.7792087e-06	-0.00016890331	-8.694692e-05	-0.000466596	-0.00031964888	-0.00016085127	-0.0004258264	-0.0002226125	-0.00029205193	-0.00023464723	-8.9439476e-05	-9.372018e-05	-0.00010695783	-0.00017867847	-6.944483e-05	-0.00036120415	-0.00029449028	-9.861318e-05	1.5930696e-06	-6.4373016e-06	-6.4914875e-06	-0.00012673032
chr14:68411527:+:chr14:68411527:G>A	-0.00237246	-0.014007959	-0.03088574	-0.0030794144	-0.0025638668	-0.0016262748	-0.000788732	-0.0029150357	-0.0029617657	-0.00029574742	-0.00159754	-0.0005007224	-0.0004392754	-0.001886953	-0.0035397357	-0.00014348463	-0.00033864108	4.1831623e-05	-0.00077284465	-0.0003961758	-0.00012144176	-0.00026742977	-0.00021178072	-0.0005424673	-0.00060521474	-0.00034845958	-0.0005888505	-0.00042120976	-0.00048186563	-0.0006008582	-0.0009620406	-0.000557466	-0.00046599994	-0.0006804466	-0.00010678985	-0.0011784814	-0.0004960407	-0.0004041845	-2.0200556e-05	-0.00041125037	-0.01862942	-0.00839979	-0.0009194504	-0.00070032204	-0.00011006268	-0.0004108819	-0.0007828366	-0.0005660057	-0.0013564284	-0.00227499	-0.00064013223	0.0006717118	-0.0010098327	-0.00040838934	-0.0006353205	-0.00024403226	-0.0021922155	-0.00027276168	-0.006277496	-0.00025203012	-0.00042544713	-0.00027437645	-0.0013378642	-0.00016962398	-0.000623703	0.00038779865	-9.758906e-05	-2.984567e-05	-0.0004733584	-0.0004015619	0.0009917129	-0.00014255264	-0.0002473701	-0.0002201904	-0.0006921725	-0.00053420936	-0.00036506218	-0.00022842667	-0.0001299598	-0.00017556819	-0.00051203644
chr15:41740204:+:chr15:41740204:G>T	-0.00019262054	-0.00937542	-0.018353505	-5.83692e-05	0.0004317327	-0.000697396	4.9395996e-05	-0.00048470497	-0.00029566072	0.00066262484	0.0001916777	0.0005224185	0.0014880787	1.3828278e-05	-0.0019725452	0.0005768158	0.00039559603	0.00044116648	0.0004824725	2.3814764e-05	0.00032935358	0.00017440319	0.00042018024	0.00044742497	5.9951435e-05	0.00046669354	0.000115448776	0.00053936784	0.0003730492	6.796013e-05	0.00029895522	0.0003629381	0.0013278181	0.00095836684	0.00058510626	0.0012785738	0.0012376092	0.0006873337	0.0020559484	0.0012217868	-0.0092994785	-0.0032344677	0.0004834912	0.00062971225	0.00043212285	0.0007336248	3.0848114e-05	0.0007310239	0.00085087254	0.0011640787	0.0005573251	0.00028749488	-1.9940462e-06	0.00041765516	0.0002910549	0.0003347993	-0.0010100983	-0.0002148639	-0.0024344488	0.00048752266	0.00060749054	0.00026546826	0.00014498559	0.0016003739	0.000162233	0.00073689764	0.00039263206	0.001065135	0.00046793438	0.00030325216	0.0011512258	0.00032592902	-0.00013026324	1.29450455e-05	0.00066973944	0.0010251674	0.00022448735	0.00029002537	0.00019104914	9.162859e-05	0.00031699918
chr15:41748928:+:chr15:41748928:G>T	-0.0001607754	-0.0010952678	-0.010238544	-0.00019020926	-0.00024377758	-0.00018577142	-8.066134e-05	-0.00033533032	-0.00030195713	-6.3430176e-05	-0.00010969422	-4.6898018e-05	-3.648888e-05	-0.00014289943	-0.0007452152	-3.886223e-05	-4.2362648e-05	8.8702545e-06	-4.3890694e-05	-4.5678833e-05	-4.048781e-05	4.821474e-05	-4.790588e-05	-4.181537e-05	-6.7873436e-05	-4.9558552e-05	-6.240606e-05	-9.2240894e-05	-0.00011280992	-0.0004700043	-1.4619393e-05	-5.0945717e-05	-5.6548553e-05	-0.00010001117	-4.8312275e-05	-6.604195e-05	-8.0563805e-05	-3.159046e-05	-0.00012460622	-6.2254345e-05	-0.001750648	-0.00035080584	-8.1544575e-05	-9.067492e-05	-5.0219624e-05	3.9447436e-06	-7.1292576e-05	-8.010322e-05	-0.00010558692	-8.8057735e-05	-9.153106e-05	0.000119967895	-0.00013909557	-9.137934e-05	-5.5567783e-05	-6.360358e-05	-0.00012215701	-7.062067e-05	-0.0004626946	0.00030234185	-6.304546e-05	-4.1425228e-05	-0.00013884089	-0.00012595546	-7.496639e-05	-0.00015714494	-5.158511e-05	-9.109757e-05	-7.4657524e-05	-4.320253e-05	-5.8098274e-05	-6.625327e-05	-0.0001707348	-4.8669903e-05	-7.1942806e-05	-9.624525e-05	-5.2219086e-05	-4.9070877e-05	-3.832037e-05	-5.1102856e-05	-4.344095e-05
chr15:43409743:-:chr15:43409743:T>C	-0.00044974414	0.0022555916	0.00033036145	0.0017581041	0.0008976568	0.0009581176	0.00028927217	0.00027205728	0.0019730004	0.00056060334	-6.972118e-05	7.207827e-05	-0.0005175851	-0.00034943494	0.0037992597	0.00010629676	6.837736e-05	0.00061893463	-0.00075661053	0.00015223026	0.00053590536	-0.00031462582	0.00041495127	0.00013411045	9.718267e-05	0.0010969584	0.00018307296	0.0007029501	0.0007389242	0.000774985	-7.711758e-05	0.00017372044	0.0001897541	0.00047151608	0.0010482344	-0.00041066518	0.00012124127	5.5502762e-05	0.00018171831	-0.00018849155	0.00082552974	0.0018066223	0.000117930496	0.0005830743	0.0008931268	0.00033299488	0.000111373985	-0.000121506775	0.00032563644	0.00043932415	0.00034141	2.18153e-05	0.0009608485	0.0009437962	0.0002695268	0.0024287917	0.0029902838	0.0022362308	0.002589009	0.00036905028	0.0011300445	0.0030226817	-0.00017175892	-0.0006617633	0.00010597164	0.00032703442	0.00018209219	0.00022298098	0.00019662488	0.00057606265	0.00059069286	0.0009034872	0.001819681	0.00084699824	0.00037038868	0.00013204054	0.0008050691	0.0014884527	-0.00027171048	0.0019379366	-7.509102e-05
chr15:43421854:-:chr15:43421854:C>T	-0.00019424612	-0.020135099	-0.030498201	-0.00090534036	-0.0007365834	-0.00013594194	0.00041380795	-0.00082267413	-0.0010530732	0.00026395105	0.0001653758	0.00016468222	0.00017001411	-0.00016962398	-0.0006389184	0.0012902346	0.001522411	9.6321106e-05	0.00049157575	0.000111623245	0.00019116835	0.00020495328	0.00049504364	8.9732086e-05	-4.3305485e-05	0.0001951131	0.0003814264	0.00017439235	0.00026945633	0.00013620203	0.00028579886	6.918474e-05	0.00048351288	0.0005495765	0.0001649423	0.00037262656	0.00048524683	0.00010278008	-1.4738603e-05	7.382306e-05	-0.011204199	-0.003475536	0.00019767067	0.0003451434	0.0002988035	0.00025558472	4.6209854e-05	4.5516274e-05	-6.762418e-06	-0.0001468225	-0.00034722415	-0.00034401633	-0.00042993372	9.788166e-05	6.3549385e-05	0.00012870268	-0.00040934302	-0.00019751895	-0.0034251646	0.00021631067	0.00036161597	8.201599e-05	0.00026200034	0.00028501858	0.00026234714	0.00034002823	0.0002446608	0.000651663	4.720688e-05	0.00017790361	0.0001518943	-6.250902e-05	-0.0001255924	0.00016702306	0.0004513914	0.0003750541	0.00020785765	4.8463993e-05	6.0103157e-05	-3.5112555e-06	0.00016199458
chr15:44711614:+:chr15:44711614:G>A	-0.0011957343	-0.029892055	-0.024397416	-0.002066764	-0.0025415637	-0.0013927763	-0.0003552545	-0.0011695082	-0.0011067607	1.2874603e-05	-0.0008031726	-0.00042191418	-0.00104876	-0.0011611852	-0.0022153638	-0.00027755715	-0.0002771291	-6.0059807e-05	-0.0011020357	4.573302e-06	-0.0007686723	-0.00036289476	-0.0004142306	-3.3974648e-05	-0.00015466864	-0.00053505466	-0.00059388985	-0.0004599257	-0.00057935715	-0.00022725626	-0.000590086	-0.0007936088	-0.00036455828	-0.0007099889	7.841804e-05	-0.0008535385	-0.00061728735	-0.0006342801	-0.0018454682	-0.0007170764	-0.012814739	-0.0048359525	-0.0010524229	-0.000932195	-0.00021331961	-0.00062060356	0.002537077	0.00016035816	-0.0008558577	-0.0011677742	-0.00029069727	0.00065960124	-0.000891122	-0.0006133318	-0.0005163713	-0.00059429085	-0.0019087358	-0.00012734262	-0.0040078815	-0.0003838431	-0.00050971727	-0.00042416833	-0.0011118	-0.0007011565	-0.00036577744	-6.31159e-05	-0.000598474	-0.0006946	-0.00059261644	-0.00062105875	2.6767905e-06	-0.0005169023	-9.341674e-06	-9.898706e-05	-0.00073264947	-0.00058920815	-0.00051484327	-0.0003501827	-0.00021886826	-0.00020703403	-0.00029876016
chr15:44715421:+:chr15:44715421:A>G	-0.00028603728	-0.00064026227	-0.00010126287	-0.0004607114	-0.0004109036	-0.000111536545	-0.00022190268	-0.00021006844	-0.00020369617	-0.000156641	7.829883e-06	-8.088892e-05	-0.00027301096	-0.00030881708	-0.0010907433	-0.00019852682	-0.00036625427	0.00066092884	-0.00017791445	0.00038016925	-0.00021529198	1.7556276e-05	-9.376353e-05	3.925237e-05	0.00019336831	-0.00030493736	-9.874864e-05	-2.1132555e-05	-4.5147808e-05	0.00020462816	-0.00014045021	-5.01546e-05	-0.00031270765	-0.0005353364	6.185879e-05	-0.0002698519	-0.00019987063	-2.294237e-05	-0.0005533045	-0.00027473408	-0.0002822876	-5.8044086e-05	-0.00018271533	-0.00025081635	8.8258224e-05	-7.9751015e-05	0.00026163188	-7.720427e-05	3.2294881e-06	0.00010260669	-9.0252266e-05	0.00015781143	-0.00013622371	-7.672743e-05	-5.2755528e-05	0.00030517578	-0.00072728505	0.0014333942	-0.00037262656	-0.00014957515	-0.00010793859	-0.00052079285	-0.0003299117	-0.0004114942	0.000320738	1.7773022e-05	6.0731716e-05	-0.00014959682	0.00010210818	-3.6738136e-05	-0.00019387765	7.87269e-05	0.0004250895	7.759441e-05	-0.0005204461	-0.00014901161	0.0011500445	0.0005538247	0.0012987311	0.0001744357	-0.00060443446
chr15:44715422:+:chr15:44715422:G>T	-0.000631961	0.00015848334	6.3029205e-05	-0.00041133707	-0.00033638693	-0.00031865726	-0.0005925352	-0.00029555234	-0.00012636185	-0.0004885413	-0.00052507356	-0.00043990396	-0.0006612756	-0.00068278745	-0.0004313209	-0.00052604894	-0.0007698536	5.2419575e-05	-0.00052497606	-0.00034347447	-0.00050165434	0.00016004388	0.00014773282	-0.00031505933	-0.0003233823	-0.000587355	-0.00041890144	-0.00026128508	4.6058136e-05	0.0006819205	-0.00046545808	-0.00035502695	-0.0010247339	-0.0010187409	-0.00022159923	-0.0006785989	-0.00060982053	-0.00031795286	-0.0010200847	-0.0008442727	-0.00039603494	0.00045351547	-0.0005721179	-0.0006540472	-0.00017018752	-0.0005236214	-7.783283e-05	-0.00040561502	-0.0003527511	-0.00032097643	-0.00040041318	-5.720962e-05	-0.00037821857	-0.000341242	-0.00042804805	0.0006252202	-0.00045013428	0.0008060932	-0.00012779236	-0.00043660944	-0.00034494835	-0.00025497784	-0.0011525695	-0.0011589582	-0.00078901375	-0.0008925525	-0.00078894873	-0.00087094307	-0.0006789619	-0.00026165356	-0.000371998	-0.00015937198	-0.0007511269	-4.792755e-05	-0.001094092	-0.00078600104	0.0002007918	-0.00084166095	0.002686414	0.0017133192	-0.001133572
chr15:44715702:+:chr15:44715702:G>C	-0.0009390332	-0.007158247	-0.026380908	-0.0014365261	-0.0012250163	-0.0013666586	-0.0014028929	-0.0018819029	-0.0022658543	-0.00042000142	-0.002325692	-0.00044489448	-0.0003412095	-0.0008142157	-0.0029435807	-0.00079661066	-0.0009602146	-0.00022451986	-0.0004960515	-0.0015139309	-0.00039379162	-0.0003024177	-0.00046209854	-0.00081340293	-0.001965019	-0.00057333166	-0.0009613308	-0.00012443824	-0.00012145259	-0.00077199936	-0.00054137816	-0.00043245338	-0.0004964037	-0.00087045	-0.00021299449	-0.000947508	-0.0006666292	-0.00065311516	-0.0009502985	-0.00056689436	-0.012028992	-0.003451293	-0.00078976154	-0.0005541552	-0.00010525638	-5.9951435e-05	-0.0014210127	-0.00033253973	-0.0007118366	-0.0007935329	-0.0008697022	0.00067751517	-0.0009543354	-0.0005822886	-0.00041832708	-0.0012241657	-0.0016211163	-0.0018111359	-0.008459958	-0.00012965636	-0.00072285807	-0.0010804154	-0.0018891855	-0.00042796135	-0.0013973172	-0.0006767837	-0.0011779937	-0.00064412574	-0.001664774	-0.00027650053	-0.00013370406	0.00021755695	0.0009378845	0.000657553	-0.0014435216	-0.0010442625	-0.00085760787	-0.00068889424	-0.00026398897	-0.00029802322	-0.00091103534
chr15:67190410:+:chr15:67190410:C>G	-0.0004040111	-0.0044407845	-0.0016098022	-0.0025150126	-0.00394457	-9.059906e-06	0.0012423776	-0.00014846976	-0.0004194433	0.0007426522	0.001938343	0.00047896124	0.0010884892	9.0902504e-05	-0.003375877	0.0018982237	0.0012767748	0.002503265	0.000977863	0.0025073832	0.0013161139	0.00014235756	-5.7090412e-05	-0.00074785406	0.0010112416	0.0007583011	0.0011633093	7.6575714e-05	0.0004646778	0.0005599152	-0.00012675198	-0.00030480733	0.0019617514	-0.00042646582	0.00015458194	0.00089697406	0.00029097905	0.0030171222	0.00036842172	0.0009256276	1.9463625e-05	-0.0009328235	0.00032234192	-0.00010659478	0.00089450314	0.00068161706	0.0011890151	0.0007927201	0.0009356412	0.00072500925	0.0012893677	0.0019629218	0.0007675778	0.00033556332	0.000204173	-0.0014366236	-0.0007651936	1.5865673e-05	-0.0021196713	-2.6464462e-05	0.00013767589	-0.004166083	0.0037027271	0.0020768642	0.00071907043	-0.0005870299	0.0013465448	0.00024171309	0.0012023665	0.0002245036	0.00021973523	0.0046500075	0.0033934496	0.0021421693	0.0017410625	0.0011905323	-0.005869432	-0.009400975	-0.008035139	-0.010434411	0.00050895865
chr15:72346230:-:chr15:72346230:C>A	0.00024188649	-0.0002009652	0.0015518882	0.00032403253	0.00040669876	0.0003504753	0.0008322109	0.00050826505	0.00044595113	0.00034575028	0.00048036466	0.00045548787	0.00045854395	0.00036781485	0.00012766231	0.000357953	0.00022941286	0.0021150329	0.00036967883	0.0009003986	0.0003131086	0.0003669045	0.00042330136	0.0019888445	0.0019616215	0.00033219295	0.0007466836	0.00016023895	0.0004089312	0.0006085309	0.00040921298	0.0005005056	0.0003648888	0.0002978932	0.0004380508	0.00051936234	0.00037774173	0.00071720645	0.0003454252	0.0006703464	-0.0004648729	0.0008062016	0.00032875754	0.0003069531	0.00036640602	0.00035557963	0.0019809983	0.00038222832	0.0004236915	0.00034072183	0.0012317355	0.00082360615	0.0002691529	0.0004628138	0.00045754694	0.000113281334	-0.0003466606	0.00030771169	6.2855806e-06	0.0003547235	0.00032663345	0.00014437329	0.00042816185	0.00032221188	0.00039566646	0.00021028519	0.00048400054	0.00014235756	0.0005534237	0.00043331494	0.00023716688	0.0028443553	9.458715e-05	0.0009406263	0.00044296004	0.0005656589	0.00057144597	0.00046665018	0.00034530598	0.0005449165	0.00057662616
chr15:72348045:-:chr15:72348045:C>G	0.00013074008	-0.0029497147	-0.005611203	0.00014647571	2.7959997e-05	4.425916e-05	0.00034366956	-8.201599e-05	-9.476055e-05	0.00020347942	0.002362208	7.018176e-05	0.00018475273	-0.00015120073	-5.3622505e-05	0.00039497289	0.00040929968	5.392595e-05	0.00020269914	0.0003061728	0.00012682784	0.00014068863	0.00012059645	0.00022142584	5.652688e-05	0.00015759468	0.00018180501	-2.5684183e-05	9.502064e-05	-8.578734e-05	0.00032416257	-0.000119035896	0.00075227564	0.0003840273	0.00014285608	0.00046547977	0.0003671646	3.498251e-05	0.0010952516	0.00092679803	-0.0028511395	-0.0009318482	0.0004656965	0.00041523846	9.328669e-05	0.0005449815	-0.0004529953	0.00026633524	0.00012731552	-0.0001483397	0.00019888445	4.0953808e-05	-3.7756832e-05	8.8865105e-05	7.716092e-05	3.609874e-05	-0.00014010342	-0.00012921203	-0.00022929366	0.00012519142	0.00023104927	5.236539e-05	0.002339103	0.0010492802	0.0014084036	0.0008560961	0.002742377	0.001789093	0.0011076494	2.5055626e-05	0.00013219226	-0.00026780908	1.9474463e-05	-0.000202309	0.0014033318	0.0013643611	0.00072102115	0.00030886044	9.271232e-05	6.149032e-05	0.0002696731
chr15:72348047:-:chr15:72348047:C>T	0.00048125873	-0.0023613842	-0.004982515	0.0005280755	0.00037262656	0.0005589398	0.0012679533	0.00026239047	0.00022240118	0.000815695	0.0045310366	0.00067316403	0.0010921304	0.00032966788	0.00018679012	0.00051533093	0.00041493503	0.000229337	0.0007510619	0.00034848126	0.00024489922	0.00033799084	0.00065846875	0.00055157056	0.00057341834	0.00070177426	0.0008913387	0.00047709726	0.0007806691	0.0005129034	0.00055139716	0.0003528595	0.0012363954	0.0022309043	0.0004666285	0.0011004534	0.0011067824	0.00077767804	0.0018819462	0.0012493134	-0.0025857578	-0.00063029205	0.0005950061	0.00074733386	0.00032578816	0.0008283528	0.0007078864	0.0005428141	0.0007768111	0.00073649664	0.00057467545	0.00017501008	0.00018919598	0.00079163635	0.00054359436	0.0002644279	0.00025658173	0.0007398345	-5.0718136e-05	0.00060738216	0.0007375804	0.0002999956	0.0025972887	0.0016084368	0.0020145068	0.0014333725	0.0009812441	0.0010744442	0.0026747964	0.00044905057	0.00036978722	0.0012760162	0.00020712073	0.0007287806	0.0012409904	0.0016741753	0.0007388375	0.0005153743	0.00021182407	0.0003334609	0.0009228533
chr15:72355558:-:chr15:72355558:C>A	-0.0005852526	-0.0075453953	-0.020535816	-0.0008305528	-0.00068358943	-0.00048237498	-0.00027176467	-0.0008464293	-0.0013308633	8.151206e-05	-0.00028275902	0.00025070796	7.757274e-05	-0.00047502734	-0.0029869622	0.000112305985	0.0001368631	6.5467575e-05	-0.0004802834	-0.00020610202	4.196167e-05	-4.863739e-05	0.00017171014	-0.00034183805	-0.00027971377	-7.081032e-05	-0.0002759045	0.0004682324	-1.008944e-05	-0.0004092834	-0.00017156384	-3.4050507e-05	0.00012558157	-8.148497e-05	0.0002446879	-0.0006602677	-9.00572e-05	-5.225702e-05	0.0013862523	0.00046751715	-0.0060514105	-0.004893368	-0.00023500486	-0.00022124703	0.00033100086	-5.2191994e-05	-0.0002710711	-0.00031078944	-0.00034425475	-1.4987859e-05	-7.830967e-05	0.0006716685	-0.00022715871	-5.531311e-05	-7.701462e-05	0.00017116287	-0.0006801378	-0.0001938614	-0.0018390092	0.000388308	3.4689903e-05	-4.334883e-06	-0.00067631225	2.4730509e-05	-0.00032340398	3.7973576e-05	-0.00031006878	0.00077933614	-0.000120531426	8.961288e-05	0.00019385597	-0.0004928654	-0.00036378342	-0.000273374	8.106232e-06	2.1029602e-05	-0.00017622384	-1.7989765e-06	-5.5746597e-05	-0.00013679807	8.034706e-05
chr15:80162341:+:chr15:80162341:G>A	-0.0009132082	-0.008857554	-0.027972134	-0.00094058295	-0.0009895455	-0.00085858867	9.0859154e-05	-0.0016734817	-0.0025331757	0.00030972742	0.0024196343	0.00016098673	0.00059593807	-0.0009928617	-0.0027637049	0.00030708313	0.00023160198	0.00019261512	0.00029967047	1.7252836e-05	0.00019163435	-4.0617855e-05	0.0002039671	-0.000172019	-0.000111504036	0.00037276745	-3.240325e-05	0.0007719777	0.00015586073	-9.0295616e-05	-0.0003675981	-0.00046456943	0.0012257099	0.00037572058	0.00039585071	0.00047813763	0.0002247637	-2.7179718e-05	0.0018160451	0.0009875026	-0.01811747	-0.008366195	-0.00014445999	0.00013056668	0.0004854961	0.0005722154	-0.00024162639	-2.7266417e-05	-7.331371e-05	-0.0006305521	-0.0019207434	0.00085111096	-0.0006975694	0.00016027148	-2.3690138e-05	0.00028416244	-0.0010110573	-0.0002474893	-0.0036185437	0.00046149167	0.00042504614	1.8195673e-05	0.0016607805	0.0018382235	0.00035205754	0.0009426204	0.0006118471	0.00079836085	0.0006328496	6.495823e-05	-7.380139e-06	-0.00058523094	-0.00050730596	-0.00096952915	0.0010312363	0.0013324781	0.00020378287	0.00016290491	2.0428137e-05	-1.5226277e-05	0.00028070537
chr15:90999794:-:chr15:90999794:C>A	-0.00027773596	-0.00038442828	-4.2460182e-05	-0.0003749024	-0.00030417877	0.00020434639	-6.531586e-05	0.00026109003	0.00032823737	0.00043957884	-0.00065097486	0.0005002022	0.00022758137	0.00026011467	-1.7534603e-05	0.00020298091	0.0003339594	0.00010885976	-0.000107591804	1.5264208e-05	0.00034618378	0.00028311124	0.00081066653	0.00011020899	2.8593973e-05	0.000180873	0.00020014156	0.00037687476	0.00016945059	0.0005614974	0.00013273413	0.0005431609	-0.00041903148	-0.00017311356	0.0006124757	-0.00044718655	-0.00014985692	0.00020477989	-0.0012576039	-0.0004063086	-0.00024970554	0.0003936399	-8.314306e-05	-3.9490787e-05	0.00020467151	-0.00017339532	9.384481e-05	0.00021691756	-0.00014001672	-0.0001367439	2.542409e-05	0.00028475848	0.00018392909	0.00023978407	0.0002600063	0.0002408136	0.00023993579	8.680062e-05	-8.127906e-06	0.00025105476	0.00017286431	0.00022896854	-0.00060090696	-0.00065103447	-0.0005550059	-0.0010178956	-0.0003939325	-0.0006601377	-0.00045775826	0.0004352223	0.0010570613	0.00018296459	-0.00013123859	0.00038290024	-0.0006651228	-0.0007101514	-0.00027543848	-0.00027042627	-0.00027651136	-0.0002544414	-0.00019021468
chr15:92978232:+:chr15:92978232:A>G	8.409673e-05	-0.0009161776	-0.0009299625	-0.0005513538	-0.00042373483	7.117878e-05	-3.2750042e-05	-0.00020846454	-0.00020471486	0.00011435422	0.0026218242	0.00023378026	0.00015336816	2.5098974e-05	-0.00036094405	-6.385283e-05	-5.728548e-05	7.414818e-05	-3.597953e-05	4.5635483e-05	9.601767e-06	6.733157e-05	3.331358e-05	0.000626499	0.00057816505	-6.025488e-06	1.0837208e-06	6.519665e-05	8.669767e-08	2.6041811e-05	0.00016645952	9.235469e-05	0.00020824779	-4.26986e-06	0.00014573877	0.00011101636	-4.677339e-05	-1.3329766e-05	3.7323345e-05	0.0004193566	-0.0003244335	-0.0005477233	3.89706e-05	2.2454695e-05	3.0799347e-05	7.5275246e-05	0.00033638693	0.00018453598	0.00017707999	0.00036152927	0.00012943962	7.1287155e-05	8.067218e-05	-1.6602602e-05	0.00011838566	-0.0013188449	-9.9691475e-05	-0.0013068155	-0.00089866464	0.00016598268	5.3319065e-05	-0.00040034813	0.0004011501	0.00025792557	0.00021420825	0.00039880926	0.00015188348	0.00015885179	0.00021839142	1.9160185e-05	0.00081101333	0.0001287677	0.0010697191	8.212437e-05	0.00011077794	0.00012484464	-0.00017016585	-0.0003643903	-0.00022206524	-0.00023412704	9.8228455e-05
chr15:93014694:+:chr15:93014694:A>T	0.000685215	0.002832066	0.00094977295	0.0009854924	0.0006172007	0.0009057305	0.00089805777	0.0009826313	0.0006781491	0.0014122616	0.00020407005	0.0016382824	0.00064143265	0.0015523217	-0.0022110506	0.00037390535	0.00022658435	0.0049760123	0.0015244484	0.0004002181	0.0006039359	0.00042150237	0.0006411292	0.001181906	0.00086688995	0.0019283728	0.0014007742	0.00096940994	0.0015449524	0.0010229241	0.0014990027	0.0013743314	0.0014138222	0.00069817627	0.0015020804	0.00071863696	0.0008475564	0.00078019226	0.0014898126	0.0012308034	0.00026733225	0.0024479085	0.0013756319	0.0013455912	0.0012522611	0.0012609742	0.0004565499	0.00084205106	0.0023401433	0.0032972856	0.0014494549	0.0015453859	0.0016948093	0.001321966	0.0018953844	0.001596104	0.00027327103	0.0007667325	0.0005433343	0.0008356788	0.0019306269	0.00020183217	0.00071344053	0.0010995648	0.0011346991	0.0022678375	0.0011144117	0.0017935146	0.0014123484	0.0024143567	0.0010192178	0.0015606772	0.000562527	0.0016398646	0.0015752099	0.00085184793	0.00012458455	-0.0031873097	-0.000975262	-0.0027139836	0.0008142211
chr15:93020259:+:chr15:93020259:G>A	0.0012710528	-0.0067759426	-0.026831497	0.00046365912	0.00060332904	-4.08346e-05	0.0008502657	-0.001092824	-0.0010701093	0.0015382116	0.0005149029	0.001471216	0.0018608354	0.00097094884	-0.00114662	0.00089301844	0.0003255714	0.00035544418	0.00082371454	0.0005630038	0.0009323575	0.0013386119	0.0020803756	0.001093366	0.00014227087	0.0013833046	0.0008216175	0.0010015965	0.0013298555	1.0620464e-05	0.0010469827	0.0009904883	0.002180533	0.0015823625	0.0014227304	0.0013597336	0.0013453093	0.0011465983	0.0024411678	0.00213312	-0.016447848	-0.007522583	0.0012450977	0.0011442791	0.0012916002	0.0008029396	0.00028928844	0.0011225397	0.0018429973	0.0016789653	0.00083875656	0.0013126027	0.0006267158	0.0012142875	0.0012402101	0.00094167754	0.0007348711	-0.0005778291	-0.003029043	0.0012980266	0.001693498	0.0006552609	0.00071901624	0.0018370693	0.0007326061	0.0010651458	0.0010239319	0.0012485222	0.0009696158	0.00106261	0.0008211678	-0.0015175126	-0.0008629886	-7.577376e-05	0.0012429411	0.0010182098	0.0008167462	0.00026107917	0.0002501932	9.100004e-05	0.0009799004
chr15:101646723:-:chr15:101646723:A>G	-0.00044232066	-0.0008141778	0.00024440073	-0.00049101224	-0.0009983019	-0.00038295443	-0.00019542738	-0.0015571985	-0.002408201	-0.00029451196	0.00073189085	-0.00021367724	-5.0479717e-05	-0.00026566332	-0.0041491333	-0.0009807023	-0.00084324315	-0.00018069962	-0.00015573068	-0.00025725365	-0.00027948077	-0.00029933453	-0.00024329532	-0.00013263659	-1.4196743e-05	-0.00013070757	-0.000255433	-0.00027745962	-0.000306292	-0.0010118918	-0.00023823977	-0.00024300272	0.00021220338	-0.00017522681	-6.751581e-05	-0.00024610758	-0.00022261793	-0.00043023715	0.0004694245	0.00019375845	0.0010887493	-0.004681067	-0.00030437383	-0.00024496426	-0.00011217052	-0.00017057765	-0.0006270517	-0.00031746516	0.00016330589	0.00039870088	-0.002373977	-0.00013323264	-0.0013352741	-0.0004287308	-0.00013890049	-0.00033495642	-0.0006441528	-0.00015047463	-0.0019331195	3.4722416e-05	-0.00018881667	-0.00026127425	0.0006617904	0.00023553046	0.00040976566	5.7350506e-05	0.00024741347	5.360083e-05	0.00090232765	-0.0001816316	-0.00037057835	-0.0017096237	-0.0004937215	-0.0007077781	-5.9767204e-05	0.00034040754	2.1056696e-05	-3.846125e-05	-7.935004e-05	-0.00011733445	-9.623441e-06
chr16:2060815:+:chr16:2060815:T>C	-0.00060129166	-0.013238386	-0.020426577	-0.0005085252	-0.0009099787	-0.00056483527	-0.00030985745	-0.0017258904	-0.00096923654	-0.00039560144	0.003020785	-0.0006685257	-0.0002154437	-0.0013197985	-0.00015128743	-3.2945114e-05	-0.0003737103	-0.00046344238	-6.788427e-05	-0.0010543303	-0.0008276159	-0.00057350507	-0.0004696846	-0.00053743884	-0.00038068945	-0.00035975195	-0.00028376144	-0.00021119551	-7.6250595e-05	-0.0005585497	-0.0004528219	-0.00068109686	0.00028688257	0.00027370453	-0.00049751456	0.00034973837	0.00019420277	-0.00068924646	0.00093278015	-0.00017105449	-0.014534604	-0.007460334	-0.0002788197	0.0002323064	-4.673004e-05	-1.1617487e-05	-0.0023484663	-0.0004585006	-0.00071196124	-0.0011796951	-0.0010557175	-0.0009695617	-0.0002606999	-0.0006670518	-0.00071846356	0.00014463338	-0.0012683001	-0.00051966583	-0.0010856282	-0.00013819608	6.584688e-05	-0.00020701234	0.0040753107	0.0009887869	0.002030026	0.0009091117	0.001010548	0.0009600466	0.0016623411	-0.00067338074	-0.00027411635	-0.0035019787	-3.1731346e-05	-0.0020851656	0.0013067939	0.0010726235	-0.00013412129	-0.0006281246	-0.0006680055	-0.0012380426	-0.0004913157
chr16:2065636:+:chr16:2065636:G>T	-0.0015652396	-0.016460765	-0.026271516	-0.001274499	-0.001598965	-0.00054342096	0.00030289998	-0.0012969103	-0.00078834186	0.0011487007	0.0015640422	0.0006119121	0.0005943125	-0.0022111805	-0.00037548758	0.0010258068	0.0007616607	0.0016945276	-7.3259525e-06	0.00043082237	0.00052746857	0.0008051179	0.0005041469	0.0016063777	0.0009489493	0.00039161334	0.00066815724	-0.00014684418	3.1514603e-05	0.00033538992	-0.0010203882	2.934716e-05	0.0010967688	-4.0271065e-05	0.0007668842	6.090511e-06	0.00051351025	0.0004489205	0.00080342725	0.0008702712	-0.015424035	-0.0075772027	-0.000108155335	0.00053867424	0.0006410642	0.0008761449	0.00076363306	0.0005139871	0.00081318076	0.0013961792	0.0012561624	0.0032618695	-8.598241e-05	0.00016882202	0.0006811402	1.1812557e-05	-0.0023431778	-0.00028970026	-0.002504392	0.00034247746	0.00075143034	0.00041476163	0.0004750978	0.0006106442	0.0010704343	0.0014563691	0.00064958225	0.00068599527	0.0011152788	0.00022250955	0.0005996986	0.00120241	-1.521544e-05	0.0017005746	0.00062918663	0.00093928253	0.00031900406	0.00042720276	7.774613e-05	3.190474e-05	0.0005700805
chr16:2071618:+:chr16:2071618:T>C	-0.00051510334	-0.002111955	-0.0015877377	-0.0009968281	-0.00090482016	-0.00062697585	-0.00090915506	-0.00056054373	-0.00051318516	-0.00045251846	-0.0019560726	-0.0006946542	-0.000518387	-0.0007078431	-0.0006432317	-0.0005437894	-0.0005219199	-0.00040845436	-0.00055178726	-0.00052057614	-0.00043093076	-0.000418598	-0.00056557223	-0.00039473447	-0.00058893726	-0.00073781883	-0.000599471	-0.0010020949	-0.0009093068	-0.00056552887	-0.0006562363	-0.00059400906	-0.0008451505	-0.00070615247	-0.00076014345	-0.0008565296	-0.0009507266	-0.00046529554	-0.0013611533	-0.0009167411	-0.0035657017	-0.0017786459	-0.00076140056	-0.0010482181	-0.00067795406	-0.0009941187	0.00032776053	-0.00028705597	-0.00063044374	-0.0005964366	-0.0007055022	-0.00042837317	-0.00040897456	-0.00079926575	-0.00065283343	-0.0003086762	-0.00048479167	-0.00022974881	-0.0003776767	-0.00071356515	-0.00065985596	-0.00039952452	-7.664074e-05	-0.00091366336	0.00012311069	-0.0005924918	-0.0005123832	-0.00059621985	0.00048897485	-0.00044998256	-0.00045306032	-0.000934124	0.00032149663	-0.0009874214	-0.0012843825	-0.00083151733	-0.0006138628	-0.00046014786	-0.00026407026	-0.00027606703	-0.0009977818
chr16:2079275:+:chr16:2079275:G>C	7.9675156e-05	-0.0022519284	-0.0017272775	-0.0006351471	-0.0014957949	0.0006725138	0.0014598153	-0.00068205054	-0.0013193651	0.0002187382	0.0028813968	0.0003373406	3.0170788e-05	0.0007880818	-0.0012943094	-0.0015119206	-0.0006541339	-0.00055503845	0.00037002563	0.00027656555	0.0004340085	0.00035806137	0.00055850635	-0.0003941276	-0.00020816109	0.00047935138	0.0011409413	0.00061538	0.0010781721	0.0003121983	0.00096789276	0.0010625665	0.00026590173	0.0005101291	0.00013516167	0.0009858825	0.0007282604	0.000695402	0.0004790913	0.00086871063	-0.00092857535	-0.00038857895	0.00074403937	0.0011737997	0.00015414845	0.001675519	0.00018761375	0.0001708811	0.0009166544	0.001366442	9.319999e-05	0.0006849549	0.000114961105	5.4706226e-05	0.0009207292	-0.001168121	-0.0005667426	-0.0009352294	-0.0012593702	0.00056284125	0.00071794336	-0.0011106838	0.002455538	0.0027887172	9.5540825e-05	0.00041129373	0.0013786663	0.0014123917	0.00049573724	0.0003231222	0.0008915988	0.0015267459	0.0007965781	0.0015109236	0.0006910671	0.00081070984	-0.0026576302	-0.008134321	-0.006999016	-0.007899805	0.0012593702
chr16:2079554:+:chr16:2079554:C>G	8.279627e-05	-0.003273552	-0.002019102	-0.0012492266	-0.0016078516	-0.000110192734	-0.00029520554	-0.0004077391	-0.00094071304	0.00020252574	-0.001302459	0.00052855234	0.00014651906	-0.00039898267	-0.0012849678	0.0005116029	-0.00015752966	0.0009894804	1.0837208e-05	0.00069366803	-0.00010737506	5.869432e-05	-5.5486507e-06	0.0018033114	0.0010885759	9.038232e-05	-0.00010672482	-0.00013667886	-0.00018648668	0.000117605385	-0.00031943756	1.9073486e-06	-0.00036400015	-0.00059650163	0.0005551685	-0.00038972768	-0.00073211844	-0.00015237114	-0.00093557616	-0.0001508973	-0.0015361526	-0.00048702414	-0.00012896278	-0.00055105035	-0.00020352277	-0.00026319243	0.00082614203	0.00010104613	0.000449354	0.0009762157	0.00019806082	0.00030019067	0.00036993893	-9.6407806e-05	8.665432e-05	-0.0019652843	-0.0013603731	-0.00068575685	-0.001556093	0.00069531525	-0.00034900146	-0.0012752359	-0.0021092675	-0.0005899993	-0.0004681674	-0.00032010945	0.0001651157	-0.00021479347	0.00015497208	0.00013667886	0.0004377365	0.001783501	0.00023957816	0.0005543882	-0.00065443735	-0.000695402	-0.002896569	-0.005467285	-0.0061547104	-0.007087014	-0.00024275346
chr16:2080378:+:chr16:2080378:G>C	-0.0020115809	-0.01732524	-0.035906132	-0.0022274365	-0.0028407357	-0.0017997568	0.00011539459	-0.0039068568	-0.0029980054	-6.495823e-05	0.0027889556	-0.00042802637	4.334883e-06	-0.002093326	-0.0025927154	0.00037136945	0.00049929187	0.00018408081	-0.00031844052	0.0007291274	0.00038101457	-0.00027318436	-0.0003409169	0.0012060512	0.00043795325	0.00037524916	0.00034072183	-0.0007203384	-0.0004929196	-0.0007885803	-0.0011952574	-0.0009524172	0.0006080432	-0.0003902912	0.00045249678	-0.00011948022	-0.00053522806	7.854809e-05	-0.00016714227	-5.3048134e-05	-0.025188012	-0.010461721	-0.0008871339	-0.00024719673	0.00033029643	0.0002875003	-0.0007209778	-0.000715039	-0.0006114353	-0.00030467726	-0.0024797267	0.0011981509	-0.0014218633	-0.00026579338	-0.0004257939	-0.00021982193	-0.002763618	0.0010975924	-0.0059198467	0.0006868189	0.00045856563	0.0003718788	0.0016204064	0.0007730939	0.00076955016	0.00052894244	0.00071430206	0.00013626706	0.0015394688	-0.00022651932	-5.14659e-05	-0.00046270544	0.00012092157	-0.0004720796	0.0005363334	0.0013397824	0.0005471056	0.00034774432	-3.8060276e-05	1.0317022e-05	-0.00029581244
chr16:3736817:-:chr16:3736817:T>A	-0.00051259995	0.00037405707	3.1297855e-05	-0.00042546878	-0.00036243958	-0.00026980313	-0.0014609857	-0.00016238472	-6.296418e-05	-0.00031289188	-0.003613147	1.7773022e-05	-0.00056210434	-0.0005576827	-0.0012813048	-0.0010087274	-0.00083190744	0.00010379878	-0.00054261903	-0.00019693375	-0.00013318929	-6.857785e-05	-0.00019819086	0.00088917126	0.0007583445	-0.00012779236	-0.00054021314	-0.0002424717	-0.00033341756	0.00014762445	-0.00041768767	-0.00017783859	-0.0013596579	-0.0011727593	0.00075895136	-0.0008104173	-0.0007822622	-0.0004785928	-0.0016704039	-0.0007504983	-0.0007922433	-0.00027849458	-0.00029349327	-0.00072481413	0.00023625114	-0.00079341367	0.0013027191	2.8913671e-05	-0.00029485876	0.0001485998	-0.00027114694	-2.5467439e-06	0.00071339175	-0.0006638007	-0.0005011775	0.0021879023	-0.00081994315	0.0021055394	0.0007666675	-0.0004526485	-0.0003404184	2.5749207e-05	-0.0026398897	-0.0016711409	-0.001293009	-0.00057103415	-0.00070992386	-0.00041007996	-0.0008693175	0.0001783371	0.0022892086	-7.3422084e-06	-0.0001186891	-6.826357e-05	-0.0010175272	-0.00116992	-0.0014955347	-0.003246741	-0.0011378202	-0.0018437125	-0.0009230917
chr16:3739725:-:chr16:3739725:C>T	-0.0016676947	-0.0031497262	-0.0013576421	-0.004425742	-0.0036792755	-0.001373161	-0.0011752085	-0.0015026006	-0.0017168738	-0.00022090565	-0.002810034	-0.00074408273	-0.0010786057	-0.0017995401	-0.00783023	-0.00036142088	-0.00028667666	0.0033613553	-0.0002743114	-0.0007154183	-0.0007082766	-0.0004796765	-0.00013323264	-1.5388836e-05	-0.00080628827	-0.0013397391	-0.0006119555	-0.00093056937	-0.00090152567	0.0013979998	-0.0012313887	-0.0005469756	-0.0042915777	-0.0020783597	-5.644018e-05	-0.0024923845	-0.0011004534	-0.0015500243	-0.0041634818	-0.0023723515	-0.002975399	-0.00073012436	-0.0017783425	-0.001503771	-0.00071863696	-0.0007996993	-0.00047452885	-0.000936118	-0.0015273961	-0.0004033609	-0.0010180473	0.0008332513	-0.00021839142	-0.0006955754	-0.00084057724	-9.502064e-05	-0.0028153332	0.0026608815	-0.0015705283	-0.0009456981	-0.0017126257	-0.0037350222	-0.003489711	-0.0016339909	-0.0024556248	-0.0016117529	-0.0021839142	-0.0014476776	-0.0027070804	1.8639998e-05	4.3348834e-07	0.0020234801	-0.0011120167	-0.0004966909	-0.0018812743	-0.002270265	-0.0036773249	-0.007046483	-0.0045085386	-0.0063853697	-0.0014291677
chr16:13935745:+:chr16:13935745:C>A	1.1194836e-05	-0.001910692	-0.013874173	-0.00016024438	-0.00019943714	-3.0929394e-05	-4.090504e-05	-0.00019454956	-0.00018242272	-4.33109e-05	-3.7355858e-05	-7.542697e-06	-3.80386e-05	-3.8948925e-05	-0.00018332222	2.2205439e-05	0.00013151494	-1.6971067e-05	-1.172586e-05	-5.9886414e-05	7.889487e-06	1.9268557e-05	1.4489347e-05	-4.0466137e-05	-2.5743788e-05	-5.741011e-05	-2.915209e-06	0.000108285385	-3.0289997e-05	-6.0146504e-05	1.4846975e-06	-1.4733185e-05	-8.220022e-06	-2.2519718e-05	-4.0341507e-05	5.3817577e-05	4.335967e-05	-4.0314415e-05	-7.448955e-05	-1.0625882e-05	-0.0011578365	-0.00046357242	-2.0861626e-06	-3.6559322e-05	-5.38826e-05	1.7577951e-05	-3.6711044e-05	3.8916416e-05	-5.6570225e-05	-7.244132e-05	-9.614229e-05	-3.966418e-05	-3.8022346e-05	1.726909e-05	1.8726696e-05	-2.4139881e-05	-4.2362648e-05	-1.622872e-05	-0.00067025964	-1.2397766e-05	-3.897602e-05	-3.6927788e-05	-5.5118042e-05	-6.395036e-05	-2.9368834e-05	9.569255e-06	-1.5269627e-05	-1.5117905e-06	-3.0457973e-05	8.171255e-06	3.9349903e-05	-3.187223e-05	-7.14768e-05	-8.729913e-05	-3.0598858e-05	-9.146604e-06	-2.3863533e-05	-2.1425161e-05	-1.6217882e-05	-2.4194067e-05	-5.028465e-06
chr16:23629638:-:chr16:23629638:A>G	-0.00088966975	-0.013173705	-0.042708863	-0.0016518723	-0.0018209978	-0.0007336356	-0.00013940985	-0.0020157641	-0.002187664	-0.00019153682	-4.856153e-05	-0.0002991178	-0.00017694994	-0.0009367466	-0.002700784	-7.998943e-05	-0.00010694157	-8.256869e-05	-7.163395e-05	-9.0826645e-05	-8.043376e-05	-0.00018434091	-0.00015221942	-0.000115448776	-0.0001790957	-0.00018656254	-6.3766136e-05	-0.0002758828	-0.00048408724	-0.0007528392	-0.00038456917	-0.00047282738	-6.9737434e-05	-0.00018953193	-0.00021156398	-0.00017096779	-0.00023720482	-2.670288e-05	-0.00049328804	-0.00010100278	-0.014777736	-0.0063841343	-0.00041358036	-0.0002360344	-0.0001711737	-0.00014053691	-0.00010009245	-0.00022858923	-0.00038659573	-0.00043843008	-0.00073530455	-1.8314881e-06	-0.0005616275	-0.00031870062	-0.0002570044	-0.0007951476	-0.0008116852	-0.00070312346	-0.008117801	-0.00014560873	-0.00017320026	-0.00030131775	4.0379437e-05	7.000836e-05	-2.7342276e-05	-0.00013667886	3.2500786e-05	-1.6093254e-05	-3.0344183e-06	-0.0002590418	-8.350611e-05	-0.0007285584	0.000201377	-0.0005401698	-0.00010799278	0.00011241436	-6.050413e-05	-0.00017485836	-0.00031255593	-0.00022167509	-0.0003108545
chr16:30888857:-:chr16:30888857:C>G	0.00049523875	0.0011466633	0.0021139057	0.00055451825	0.0008545572	-0.00019517812	6.7342415e-05	-2.7916649e-05	-7.204576e-05	0.00011961027	0.00015092437	4.425916e-05	0.0002199303	0.00011959943	0.0002589876	0.00048689407	0.00023953481	0.0001479604	0.00020998175	0.00013696063	8.8751316e-05	0.00020996007	0.00023906882	0.00015458194	0.00010325692	4.2481857e-05	-1.560558e-06	2.7065927e-05	2.0818277e-05	3.5155903e-05	-5.1845203e-05	3.9501625e-05	0.00014037435	0.00017820705	3.1319532e-06	4.886497e-05	0.00034183805	8.86592e-05	0.0005354123	0.00031462582	-0.0003322688	0.0003272837	-1.3568185e-05	0.00017372044	4.172325e-05	7.372011e-05	0.00027734583	0.00017806617	8.8745895e-05	0.00029165094	0.00045961683	0.00018961863	0.00022107904	5.186688e-05	-3.0452554e-06	-4.2839485e-05	2.9910694e-05	2.5174835e-05	0.00011619655	1.5464697e-05	0.00017465245	3.288009e-05	-0.00019400228	-0.0001289682	0.0002670288	0.00030183792	6.62912e-05	-0.00012433529	0.0002557798	-0.00014422157	-0.00057873945	0.00031987103	-7.358464e-05	0.0003632632	2.4719671e-05	0.00017831543	6.486069e-05	0.00011780045	0.00010960752	7.644566e-05	0.00018569556
chr16:31110204:+:chr16:31110204:G>T	-0.00076259265	-0.0001637719	7.06586e-06	-0.0011777878	-0.00063900516	-0.00052768533	-0.000893181	0.0005076148	0.00056578894	0.00040856274	-0.0044275685	-0.00043379178	-0.00095618854	-0.000780409	-0.000497948	-0.0006756999	-0.00092196465	0.0004317327	-0.0017935146	-0.0007073663	-0.00071731483	-0.00023065913	-0.00057987735	-0.001178373	-0.00069793785	-0.0010797327	-0.0019034039	-0.001125509	-0.0014160112	0.00018371236	-0.001222242	-0.00090527534	-0.0017525717	-0.0013216842	0.00012059645	-0.0020722693	-0.0020522962	-0.00041555276	-0.002188119	-0.0010901365	-7.386641e-05	0.00028939682	-0.001501907	-0.0019527565	-0.0006486936	-0.001785365	-0.00057371095	-0.00056665594	-0.0008938529	-0.00047601352	-0.0007095337	-7.930669e-05	-0.00017718835	-0.0009902607	-0.0011471185	0.00036269968	-9.8185104e-05	0.00036199528	5.6960365e-05	-0.0014946028	-0.00040765243	9.185618e-05	-0.0044689234	-0.0020663305	-0.002813621	-0.0017173941	-0.0021794708	-0.0018279986	-0.0026374622	-0.0009958744	-0.0005950494	-8.644841e-05	-0.00050735474	-0.00039915604	-0.0029350845	-0.002614173	-0.0016742186	-0.0018189604	0.0008463426	0.00095948303	-0.00043116917
chr16:46924386:+:chr16:46924386:C>G	0.00011864575	-0.000995896	-0.0005233071	-0.00030101428	-0.0009728345	0.000100829384	0.00032450937	-0.00029342825	-0.0005615408	0.00020360947	0.002449339	0.00025497784	0.00013238733	0.00025363403	-0.0031907342	0.00032624332	0.000100829384	0.00051498413	0.000256365	0.00022047217	-0.0002245036	0.0001346198	0.00012954799	0.0006296851	0.0010216453	0.00017122789	0.00031852722	0.00037201968	0.00033851105	0.00017010082	0.00018796054	0.00011957775	0.00075734744	-0.00026317078	0.0003440597	0.00065062265	0.00013041496	0.00024962425	0.00045368887	0.00026308408	-0.00087053125	-0.00043110413	0.00021852147	0.00022133914	0.0002965927	0.0004440004	0.00018449263	9.528073e-05	0.00061087176	0.0011600148	0.00013702567	0.00017040427	0.00038086285	-4.673004e-05	0.00026013635	-9.124929e-05	-0.00095089996	0.00049209595	-0.0004117272	0.00019836426	5.635348e-05	-0.0010026585	0.0016302629	0.0006520098	0.0014176802	0.0015472065	-0.0006603761	0.00012943962	0.0024058602	0.00025714526	8.851832e-05	0.0005166747	0.0006961389	0.0002668554	0.0007347627	0.00023139607	-0.0029192837	-0.0072829504	-0.004772533	-0.0072080437	0.0004969077
chr16:50794429:+:chr16:50794429:G>A	-3.9772553e-05	-0.008678436	-0.017407417	-0.000495022	-0.0003476143	0.00016392361	7.57846e-05	-0.00039889597	-0.00026776575	0.0002104369	0.0003236424	0.0001484264	0.00019030138	2.5575812e-06	0.000111254776	9.3871895e-05	0.00011375817	3.1276184e-05	2.993237e-05	4.022772e-05	0.000105641106	4.9937855e-05	0.00013960492	-6.443804e-05	-2.3104927e-05	0.00018702853	0.00011043115	8.9645386e-05	6.502325e-06	-4.7683716e-05	0.00013047998	1.94853e-05	0.0002706918	0.000104015526	0.0002193451	7.2262505e-05	0.00010150129	0.00010236827	0.00030511076	0.00033560666	-0.006187786	-0.0026519948	8.6220825e-05	0.00020751086	0.00014867565	0.00025218184	1.5302137e-05	4.9200924e-05	3.0452555e-05	0.00010724501	7.835301e-05	9.84452e-05	-3.892725e-05	4.564632e-05	0.00014619394	0.00011725859	-3.4267254e-05	0.00022794442	-0.0008592172	0.0002199303	0.00022428686	0.00018780882	0.00029048053	0.00034733253	0.0001431812	0.00036569076	0.00022647598	0.00051414967	0.00051455066	6.981329e-05	0.00031620805	-3.0485067e-05	-0.00016629696	-0.0001122518	0.00025472857	0.0003916784	0.00013589859	0.00015380165	2.3408369e-05	3.6347996e-05	0.00024487756
chr16:67611615:+:chr16:67611615:T>G	-0.00020300258	-0.007247296	-0.023273619	-0.001369498	-0.0009719025	-0.0004920093	-0.00016281822	-0.0010809682	-0.0018153624	-0.000164097	0.00021151522	-0.00013019821	0.00010121952	-0.0002665953	-0.0015537306	-6.178292e-05	5.806576e-05	1.6938557e-05	7.163395e-05	-5.7708134e-05	-4.564632e-05	-0.00015497208	-0.00010620464	-8.2026825e-05	-8.286129e-05	-0.0002300956	2.817674e-05	6.753748e-05	-0.00045015596	-0.0007806908	-0.00022816658	-0.00015993552	2.379851e-05	-2.8155067e-05	-0.0001958717	-1.5627254e-05	4.9114227e-05	-7.712841e-05	-0.00020316514	2.6572834e-05	-0.015451485	-0.00567653	-0.00019577416	-0.00020608035	-0.00015265291	3.2750042e-05	-6.0899692e-05	8.409673e-05	-0.00011138483	-0.00024903903	-0.0005689534	0.000113368034	-0.00027112526	-0.00012779236	-5.934455e-05	-0.00045470757	-0.0003924153	-0.00021303784	-0.0034721547	-0.0002478903	-0.00015666267	-0.0002310276	0.000112636524	0.000107342545	3.822283e-05	0.00021834807	7.280437e-05	0.00012510474	1.3557347e-05	-0.00017734007	-2.7808275e-05	-0.00049602985	5.7426365e-05	-0.0006551526	-4.8030506e-05	0.00013592026	2.5012276e-05	6.3072553e-06	-1.7707998e-05	-5.2267857e-05	-1.7426231e-05
chr16:67636852:+:chr16:67636852:G>T	-0.00056854164	-0.008752563	-0.020952268	-0.00044601614	-0.0007340258	-0.0003257448	-0.00020989505	-0.0012712262	-0.00075286085	0.00027114694	-0.00034084645	0.00020031496	0.0008453456	-0.0003604889	-0.0014976263	-5.7816505e-06	-0.00012027134	0.00015467947	9.9615616e-05	-6.524541e-05	0.00035736777	0.00046795065	0.00038438494	-0.00015322187	-3.252246e-05	0.00011814724	-2.5212765e-05	7.56112e-05	9.558417e-06	-0.000323534	5.981055e-05	-3.597953e-06	0.00041505424	0.00036343661	0.0001483072	0.0005736459	0.0005404624	0.0003116239	0.0003373406	0.00077787315	-0.008595034	-0.0039308723	1.8726696e-05	-2.8046694e-05	0.00014841557	0.0003003749	-0.00010850213	0.00023123351	0.00050582667	1.5193766e-05	0.00040570172	0.001234797	-0.00019849431	-7.79412e-05	0.00032269955	9.092418e-06	-0.00069555367	-0.0004954609	-0.0044161407	0.0003390529	0.0001627857	2.5684183e-06	-0.00014094873	0.001065731	-3.0647625e-05	0.00062633643	1.556765e-05	0.0001917644	2.6269392e-05	7.090785e-05	0.0002568635	0.00055248087	-0.00018836693	0.0008656653	4.871325e-06	3.331358e-05	2.888116e-06	1.2852929e-05	2.3197044e-05	2.9206276e-06	0.00017810952
chr16:68808849:+:chr16:68808849:G>T	0.00061603024	-0.005205371	-0.017327612	-0.0007371469	-0.0001484264	-0.0003065196	-0.00035232847	-0.0010782913	-0.0009234818	0.0006283088	-0.00084500964	0.0007229068	0.0014770248	0.0008155433	-0.0013715137	7.678162e-05	0.00027577986	0.00052000716	0.0013469999	-0.00030127438	0.00091501797	0.0017831976	0.0017691092	-0.0004519983	-0.00018935312	0.000107266686	0.00016768953	0.0009872372	0.0004377365	-0.00034294344	0.00058538263	0.0011257041	0.0003530329	0.00040937553	0.0004133853	0.00055002084	0.0010953274	0.00018701771	-0.00050016964	0.00054466724	-0.01264532	-0.006753916	0.00048274343	0.0004648729	0.0002476031	0.00095120346	-0.0004120415	0.001154672	0.00024459578	-0.00011820143	-0.00015877593	0.0031044267	-0.00010569529	0.00024176728	0.00090084295	-2.150102e-05	-6.0536644e-05	-0.0003427809	-0.0032973832	0.00076875906	9.776245e-05	-6.3674015e-05	-0.000717667	0.001526941	-0.00029824537	0.00052740355	-0.00022394006	0.00036776066	-0.00043740598	0.00046896935	0.0007621754	0.00047168406	-8.751587e-05	0.001982624	-0.00027795814	-0.00019175356	-7.0425594e-05	-9.099462e-05	0.00018974868	-7.2826037e-06	0.0010306131
chr16:68810195:+:chr16:68810195:A>G	-3.493916e-05	-0.0022228414	-0.0012528246	-0.000839927	-0.0012178421	-6.129525e-05	0.00021470677	-0.00036391345	-0.00048063017	-8.3858315e-05	0.002291441	-7.414818e-05	9.450046e-06	-6.5890226e-06	-0.0018702854	-0.00015909021	-0.00021480973	0.00034487247	0.000114917755	8.598241e-05	-0.00027478824	-0.0003656474	-0.00041718918	0.0003328215	0.0002552271	0.00016273152	6.615032e-05	-0.00028950517	-7.7919525e-05	-2.2584742e-05	-0.0001336011	-0.00032476944	0.00037813187	-0.00042507864	0.00013121692	0.0005551685	-0.00019361755	0.00045065445	0.0007472038	0.00047657706	0.00012293729	5.7480553e-05	2.5749207e-05	5.5443157e-05	5.069646e-05	0.0006294034	0.00011852113	3.3161858e-05	0.0004249486	0.0017430566	9.222464e-05	0.0002161156	-0.000105727806	-0.00029555234	-3.3248554e-05	-0.001264247	-0.0004797632	-0.0004123016	-0.0010760047	9.012222e-05	0.00010904399	-0.0014192841	0.0023754835	0.0022313811	0.0011392507	0.0020283787	0.0008408807	0.00070684607	0.0013696064	-0.00011762706	0.00022387505	0.0005025322	0.001109535	3.1861393e-05	0.00070017035	0.00063154916	-0.00035585056	-0.0016209863	-0.0017298785	-0.002565904	-0.00014790622
chr16:68815760:+:chr16:68815760:G>A	-0.002661873	-0.009610718	-0.028848259	-0.002136729	-0.0022662228	-0.0016703822	-0.0011719628	-0.0022282167	-0.0034127235	-0.0011052706	-0.0013880025	-0.0006367402	-0.00084677065	-0.0011535775	-0.0052705677	0.0005384358	0.00016058575	0.00013632666	-0.0003116781	-0.00075292046	-0.00086358463	0.00014983524	0.0005574443	-0.00064160605	-0.00041704287	-0.0005429387	-0.00093267724	-0.0003480478	-0.00044072757	-0.00010317022	-0.0008038066	-0.0006551851	-0.00021775744	-0.0014262524	-0.00045495143	-0.0010785081	-0.0011109059	-0.0005197579	-0.0005625324	-0.00094581733	-0.01847926	-0.004403591	-0.00073250855	-0.0009754842	0.00047413327	-0.00015650013	-0.0007631887	-0.00061946025	-0.00050680205	-0.0009741241	-0.0010485649	0.0005891215	-0.0015749931	-0.00059820304	-0.000666938	-0.00042828647	-0.0020233502	-0.0004160079	-0.009544297	-0.00061558594	-0.0008604797	-0.0001944737	-0.00071892416	-0.00014888699	-0.00039201975	-6.8491154e-06	-0.0002939322	-0.00029917198	-0.0006776994	-0.00031925875	-0.00026139888	-0.0004894571	-1.8173998e-05	-0.0004296953	-0.00084608793	-0.0005548813	-0.00025815313	-7.891655e-05	-6.086718e-05	-5.3319065e-05	-0.00075187464
chr16:68822226:+:chr16:68822226:G>T	-0.00019717216	-0.00302538	-0.006807284	-0.0003645637	-0.00030304084	0.00010507757	-0.00023770874	-0.00032052127	-0.00023299997	0.0004155094	-0.00013760003	0.0002669096	0.00033059987	-0.00010117618	-0.0010758314	9.776245e-05	6.950985e-05	0.00034058094	0.00032682854	3.9891762e-05	0.00014160438	0.0002518242	0.00041684238	5.1563435e-05	1.389872e-05	0.00026126343	8.009239e-05	0.00038349628	0.00026074323	0.00017142296	0.00014915249	0.0001398325	0.0003286275	0.00011096217	0.00022965128	-1.42617655e-05	-6.1436134e-05	4.4226646e-05	-0.0002264543	0.0002524094	-0.010862524	-0.0026270694	8.729371e-06	1.556765e-05	0.00017786026	0.0003429868	2.9244206e-05	9.7459015e-05	0.00029691783	0.00011659752	0.00027645717	0.000826711	8.110567e-05	0.00015059384	0.0003181479	0.00026503476	-0.00018492612	-7.2912735e-05	-0.0008563562	0.00042091717	0.00021976233	0.00018528917	-0.00032679058	0.00018639457	-3.9924274e-05	0.00027990883	2.8333881e-05	0.0003304915	6.60853e-05	0.00015386668	0.00031656027	0.00027195973	-9.66679e-05	0.0005353581	0.00024187565	0.00012416732	0.0001347661	0.000112316826	9.678711e-05	6.0065227e-05	0.0003347722
chr16:68822226:+:chr16:68822226:G>A	0.00041857632	0.002184792	0.0038161278	8.0726364e-05	0.00030412458	0.000385978	-5.9946018e-05	0.00017317859	0.00022775476	0.00042493778	7.667325e-06	0.0003160997	0.0005142689	0.00036118246	-0.00043006378	3.5849484e-05	3.62613e-05	0.000112641945	0.00054149196	4.525618e-05	0.000104248524	0.00019367175	0.00032669847	8.12899e-05	2.7884136e-05	0.0002398816	0.00013224104	0.00042225013	0.00032461772	0.00018822063	9.126013e-05	0.00016597184	0.00028891998	0.00031368298	0.00021373141	0.00019953468	0.00016230886	6.676262e-05	4.979697e-05	0.00038622727	-0.0057958257	-0.0013193217	5.0365925e-05	6.163662e-05	0.00013087013	0.00026797166	8.000027e-05	0.00024306774	0.00033309244	0.00010538101	0.00033612686	0.00036927246	0.00034995514	0.00023709644	0.00032146412	0.0002233657	0.00026071072	-4.444339e-05	-0.00019203532	0.00037165123	0.00020172921	0.00015017661	-0.00022050468	0.00016897917	1.944737e-05	0.00022334945	3.8948925e-05	0.0002989444	0.00011334094	0.00014241175	0.00037431176	4.3272972e-05	-0.00011694973	0.0001944466	0.00023658709	0.00019362298	0.0001135035	7.504225e-05	6.230853e-05	2.8648159e-05	0.00043547153
chr16:89740802:-:chr16:89740802:A>T	-9.393692e-05	-0.01611883	-0.023155125	-0.0007409183	-0.00073862076	-0.0001483397	0.001441392	-0.0020913212	-0.0014331992	0.0015925061	0.002242782	0.0011231248	0.0018717592	0.00055835466	-0.0021807498	0.001200741	0.0020869428	0.00040225548	0.00047436627	0.002408071	0.002979192	0.0010302283	0.0016509836	0.000577168	0.0010666414	0.00183216	0.0017339967	0.00022198936	0.00039685855	-0.00024951587	0.0007594282	0.00053622504	0.003292604	0.0014562607	0.00198076	0.0019656962	0.0012680617	0.0025113062	0.003481128	0.00288532	-0.015114004	-0.010999506	0.0012894977	0.001540119	0.0011659969	0.0017013766	0.0008210702	0.0012032335	0.001353784	0.00074965303	0.0014397014	0.001336282	-0.0005498366	0.0003090338	0.0010231192	0.0005041469	-0.0003362569	-0.00090072374	-0.0042500063	0.0007473556	0.0020740032	0.0011861108	0.0021058158	0.0030196796	0.0024333866	0.002478773	0.0036799042	0.003782034	0.0024126878	0.00046599994	0.002007246	1.7339533e-05	0.00046887182	0.0005585497	0.002768495	0.0035588308	0.0015171225	0.0011195486	0.00041135875	0.00038127464	0.0014185905
chr16:89805278:-:chr16:89805278:A>G	-0.0026894482	-0.013051293	-0.024394186	-0.003431277	-0.0029369702	-0.002088937	-0.001044295	-0.0026444956	-0.0032411271	-0.0010923039	0.00028938596	-0.0012177988	-0.0010428429	-0.0028186927	-0.0043476494	-0.00040197372	-0.0005139438	0.00025495616	-0.0010991964	-0.0008403821	-0.00082013826	-0.00044780428	-0.0007800189	-4.2611904e-05	-0.00024156137	-0.0015869791	-0.0010335662	-0.0018377521	-0.001350522	-0.0014340661	-0.0021936244	-0.0014927387	-0.0013676557	-0.002974467	-0.0005216165	-0.0024505528	-0.001891483	-0.0018717592	-0.00053121825	-0.0012663061	-0.010557044	-0.01048346	-0.0020489043	-0.0019513044	-0.00064241886	-0.0017667467	-0.0006935813	-0.001148419	-0.002697186	-0.0040288838	-0.001415231	0.0008895831	-0.001397588	-0.0010776953	-0.0014302947	-7.526441e-05	-0.0027634231	-0.00011710687	-0.0028281754	-0.00077336485	-0.0015274828	-0.00028556044	-8.82799e-05	-0.0008303957	0.00031973014	0.0012240843	-6.2866646e-05	-0.0002073483	0.00023641369	-0.0008003928	-0.0005950928	-0.0023622946	-0.00012660027	-0.0012365959	-0.0012106245	-0.00042525204	-0.00037494572	-5.8358364e-05	-0.00029689615	-0.00024842133	-0.0013391755
chr17:7220678:+:chr17:7220678:T>C	0.0002897219	-0.00051397627	-0.0005216924	7.3963947e-06	5.5876644e-05	8.77272e-05	0.00025148827	7.810376e-05	9.360097e-05	0.0005362034	-0.00023637035	0.00022101402	0.00032331728	7.297234e-05	-0.000118298965	0.00054248894	0.0005142797	0.00031203573	0.00016868114	0.00043158096	0.00046954912	0.0004013885	0.00054330175	0.0001327016	0.00016605854	0.00015368244	0.00022446025	0.00021205166	0.00010461157	0.0003090338	9.1352245e-05	9.746443e-05	1.3557347e-05	5.9100716e-05	0.0002567768	-0.00014909831	0.00018187544	0.00031476672	-9.9490986e-05	0.0002486218	-0.00080319424	-0.00042780963	0.000121750614	0.00013713403	0.00045878236	0.00014677373	0.00095848605	0.0002681884	0.00020098686	6.8686226e-05	0.00012152304	0.00018481234	0.001173583	0.0003012852	8.51046e-05	0.00035503777	0.00044879047	0.0002374053	0.00010352785	0.00012778152	0.00027120113	0.0002226125	-0.0004375035	-0.00022227656	0.00010358204	0.00012247129	0.0001635714	8.518587e-05	5.058267e-05	0.0001369498	8.3820385e-05	0.00026519733	-3.078851e-05	0.00041341782	5.0989065e-06	0.00017179684	0.00036601585	0.00019841845	0.00019119003	0.00018899007	0.00020319765
chr17:7220923:+:chr17:7220923:G>A	-0.0002796433	-0.0003842007	-0.000268481	-0.00032390247	-0.00034679065	-0.00016958063	-0.00012515891	-0.00013399124	-0.0002282316	-0.00012663277	-7.146597e-05	-0.00011944771	-0.0001086105	-0.00013308092	-0.00039319557	-0.00039448522	-0.00068734994	-3.1633812e-05	8.745627e-05	-6.988915e-05	-0.00019880859	-7.922541e-05	-0.0001835498	-0.00020133365	-6.1111015e-05	-0.0002041405	-0.00015010616	-0.00045775285	-8.5895714e-05	3.2750042e-05	-7.099455e-05	-0.00016401031	-0.00031612135	-0.00027342277	-0.00024316528	-4.1755764e-05	-0.00039108234	-2.9910696e-06	-0.000114029106	-0.00012545152	-0.00022118742	-0.00015635924	-0.0001225905	-0.0002722632	-0.00019863519	-0.00028942933	-0.00013737245	-0.00020850789	-0.00016255812	-5.186688e-05	-5.6537716e-05	7.557869e-05	-8.43785e-05	-0.0002367063	-0.0001374158	-0.00021584467	-4.5667995e-05	-0.000107342545	-0.00026189198	-0.0001544844	-8.289381e-05	-0.0003974871	-0.00017639724	-0.00016347387	-0.00027359615	-0.00029087067	-5.5096367e-05	-5.5486507e-05	-0.00014659492	-7.809292e-05	-0.0003504103	3.3156437e-05	8.773804e-05	1.1384487e-05	-0.0002768148	-0.00024197319	-0.00066041946	-0.0009057522	-0.00079157134	-0.00083988364	-0.00028064035
chr17:7223812:+:chr17:7223812:G>A	-0.00039929693	-0.0009125363	-0.00041021	-0.000838995	-0.000905232	-0.00034646553	-0.0007341558	-0.00019396436	-0.00013579022	-8.775971e-05	-0.0011563464	-0.000107548454	-0.00029206276	-0.0003402992	-0.0013738762	0.0002432303	5.7480553e-05	0.00017551942	-0.00030222806	0.00010518594	-0.00025711276	-0.00012272055	-0.000101772224	-0.00025454434	-0.00017972426	-0.00034306265	-0.00032255866	-0.00036595084	-0.00024084612	0.0001820651	-0.00035808302	-0.00015881928	-0.000805508	-0.0006048463	-1.4586883e-05	-0.00039853834	-0.0003261783	-0.0001167384	-0.0008658821	-0.0004371513	-0.0006083142	4.6404926e-05	-0.00044717573	-0.0005170215	-0.00013654883	-0.00038747353	-0.00026148016	-0.00032027203	-0.00041916154	-0.00041584534	-0.0001821518	0.00013577938	3.9057297e-05	-0.0003016862	-0.0002991178	-0.0006290349	-0.00093330035	-0.0006624135	-0.0006257404	-0.00037188965	-0.00041379713	-0.00055919995	-0.0010626208	-0.0005790212	-0.0012507439	-0.00061059	-0.00055081194	-0.00044698064	-0.00087360904	-0.00012688203	-0.00044123692	0.0002512173	0.00010724501	0.00019075653	-0.0007441694	-0.0007603385	-0.0012470592	-0.0025512523	-2.0200556e-05	0.00042811307	-0.00062886154
chr17:7314078:-:chr17:7314078:A>C	0.00027167797	-0.0010783022	-0.0021343557	7.744269e-05	8.071552e-05	0.00013305923	0.0002749725	-0.00016702306	-0.0001757145	0.0003242926	0.00037009065	0.00025783887	0.00029517303	7.410483e-05	-7.786534e-05	0.00022724541	0.00030030447	0.00020486658	0.000269413	0.00040524657	0.00034949995	0.00025103308	0.00023807179	0.00034623255	0.00024053184	0.00029153173	0.00036757102	0.00039936195	0.00015558979	-1.06421385e-05	0.000160369	0.00010243329	0.0005017519	0.00019762733	0.00036020714	0.00020071593	0.00025174834	0.00034827535	0.00015937198	0.00045317953	-0.0013778318	-0.0015283931	0.00027751923	0.00020509417	0.0004403808	0.00040286238	0.0010177601	0.00045376475	0.00027679314	9.182366e-05	-2.864274e-05	0.000103316524	0.00015447357	0.00025062126	0.00022511049	0.00011021441	2.080744e-06	0.00013464148	-0.00025807729	0.00015449524	0.00027088684	0.00025512956	0.00042498653	0.00035325505	0.00052110176	0.0005029006	0.00046526303	0.00029845673	0.00033530864	0.00017790361	0.00028722937	3.284216e-05	0.00037667967	-3.4245577e-06	0.00041876597	0.0003264709	0.0003974546	0.0001655492	0.00018127398	0.00014661658	0.00032674184
chr17:7669692:-:chr17:7669692:T>C	-0.0003055009	-0.0019390367	-0.00078522076	-0.0012346181	-0.0019073053	-0.00029078397	6.67572e-05	-0.00041686406	-0.00035936182	-0.00010941245	0.00077011366	-0.000110842964	-0.00022573904	-0.0002706918	-0.00079599296	0.00012402101	0.00016296994	8.832325e-05	-6.892464e-06	0.00058323686	0.00019849431	-3.89706e-05	-2.0243904e-05	-0.00020611286	0.0002228997	-0.00015471199	0.0002023957	-8.240613e-05	-0.00027552518	-9.181283e-05	-0.0003284541	-0.0001058145	-0.0003029433	-0.00043225288	0.00015234947	-0.00016461719	-0.00030771169	0.00026657365	-0.0019798279	-0.00045941092	-0.0007648468	-0.00039536302	-0.00026464462	-0.00035190582	5.3384087e-05	2.7981672e-05	0.00033309244	-9.506399e-05	-8.4920364e-05	9.723143e-05	-0.00032164835	0.00013540009	2.3148277e-05	-0.00012937459	-0.00023430045	0.00016632947	-0.0002488006	1.4581464e-05	-0.00077574904	1.506372e-05	-0.00022274797	-0.00041057848	0.00024711003	-0.00035121225	0.00010646473	-0.00024795532	-0.00014981357	-0.0004443689	0.00019023636	-3.975088e-05	-8.966706e-05	0.00029823996	0.00096149876	-3.6629763e-06	-0.00017296184	-0.00014348463	-0.0008890412	-0.001289281	-0.0015622919	-0.0015710484	-0.00041376462
chr17:7669692:-:chr17:7669692:T>A	7.427822e-05	-0.0020121878	-0.0006380081	-0.0006305955	-0.0015341152	0.00025892258	0.00019996817	0.000104253944	0.000120769844	0.00046318228	0.00050566415	0.00035663086	-2.3625114e-06	0.00025807729	-0.0003950379	0.00023583932	0.00025593152	0.00020496412	0.0001303066	0.0009784915	0.0011242953	0.0004173192	0.00041159717	-0.00024957006	0.00019615347	0.00031822379	0.0005588098	0.00038346378	0.0004144582	0.00023527579	0.00023317337	0.0004875443	0.00014331123	-9.7339806e-05	0.00057981233	0.0003481995	0.00015967543	0.0010416724	-0.0016786836	-0.0001977357	-0.0010200198	-8.5483895e-05	0.0004888881	0.0003043088	0.0005417954	0.00052631984	0.00033490223	0.0002821142	0.0004018437	0.0004975796	1.467358e-05	0.0006569732	0.0004091913	9.1270966e-05	0.00020382622	0.00080503116	0.00021522696	-9.845604e-05	-0.00054309587	0.00045438248	0.0001745224	2.6312742e-05	0.00023930724	0.00032602658	-0.00045373224	-0.00016589598	-0.00029485876	-0.0004311475	3.7214973e-05	0.00054285745	0.00033649532	0.00043107162	0.0009671124	0.00043270804	-1.5692278e-05	-0.00011175329	-0.0009150939	-0.0012591752	-0.0013578589	-0.0015796098	-1.3654882e-05
chr17:7669692:-:chr17:7669692:T>G	-0.00014853477	-0.0018844604	-0.00072897563	-0.001005216	-0.0017440103	-6.7060646e-05	0.00023421374	-0.00022606416	-0.00016836687	0.00012571161	0.00088526984	5.4164368e-05	-0.00015755133	-6.3766136e-05	-0.000609723	0.00011346557	0.0001679117	0.00011787631	-1.7599627e-05	0.00095356593	0.00060619006	7.976185e-05	9.577924e-05	-0.0002356009	0.00024304607	-1.4738603e-05	0.0004970377	4.7466972e-05	-3.966418e-05	3.9967625e-05	-0.00016416203	8.16692e-05	-0.0001931624	-0.00030222806	0.0003917434	5.9019436e-05	-0.00011968613	0.00061637704	-0.001854203	-0.0003366037	-0.000695532	-0.00028480182	-2.674623e-05	-8.188595e-05	0.0001835823	0.00019151514	0.00040932136	1.6017393e-05	0.00010074268	0.00022307309	-0.00022227113	0.0003520142	0.00018709357	-4.259023e-05	-6.170706e-05	0.00048810785	-9.194287e-05	9.126013e-05	-0.000699195	0.0005000288	-6.615032e-05	-0.00028657913	0.00049558555	-0.00014153394	2.1674416e-05	-0.00027903644	-7.6207245e-05	-0.00035944852	0.00021462007	0.000120813194	3.636967e-05	0.0004152493	0.0010503422	9.825013e-05	-8.474697e-05	-6.0645016e-05	-0.0007540096	-0.001194217	-0.0013459813	-0.0013559948	-0.00026180528
chr17:7670716:-:chr17:7670716:C>A	0.00033708054	0.00070675934	0.00033942136	0.0010643005	0.0012923154	0.0017617833	0.005378203	0.001043493	0.0004495274	0.0032609592	0.011003625	0.0020143336	0.0018951242	0.0009936419	-0.00079328363	-0.00021977858	0.0004939166	0.00086381217	2.002716e-05	0.0012438948	0.0010519028	0.00033239883	0.00048607046	0.004542611	0.0060362383	0.0026968175	0.002821142	0.00040886618	0.0008696643	0.00034700742	0.0013618469	0.0011825128	0.0022305576	0.0010773052	0.001597838	0.0015733026	0.0014629364	0.0034881504	0.0024679357	0.0035185814	0.00068785925	0.0014547001	0.0013666153	0.0018088601	0.0008134408	0.0018434525	0.003988613	0.0012391697	0.0019425479	0.003077247	0.0007486777	0.00023098425	0.00045863065	0.0022310778	0.0011881049	0.00027951328	0.0002999739	0.00051567773	-0.00025064294	0.0021445535	0.002216946	0.00084426184	0.0066941436	0.006844434	0.0035984733	0.0012005892	0.004351269	0.0026664734	0.0058100442	0.00092246314	0.0028199283	0.0031365482	-0.00037947568	0.0016292875	0.004050515	0.006164464	0.00391596	0.0034762295	0.0025055625	0.0055077295	0.002965147
chr17:7670716:-:chr17:7670716:C>T	-0.0013420798	-0.0007501082	-0.00025072964	-0.00033690713	-0.0005539981	-0.00049478357	-0.00071594934	-7.265264e-05	-0.00023781169	-0.00083151733	0.0025395046	-0.00038493762	-0.00023278323	-0.00094838574	-0.0019011064	-0.0023150877	-0.0018150156	0.0002903505	-0.000445626	-0.00085436215	-0.0014153394	-0.00030860034	-0.00047636032	-0.00028471512	-0.001217582	-0.00013784929	-0.001936479	-0.0010691556	-0.00075912476	-7.139553e-05	-0.00035615402	-0.0006755916	8.739124e-05	-0.0024845817	-0.00011808222	0.00010984594	-0.0009619973	0.0005749356	0.0005187988	5.6743622e-05	-0.0005909313	0.0002489957	-0.00024717505	-0.0017745278	7.2349205e-05	-0.00071395526	0.0001596971	-0.0003082102	5.392595e-05	0.001461896	-0.0004663034	-0.00041985512	-0.0009319999	-0.0017528534	-0.0012957833	-0.0016179518	-0.00117458	-0.0038245807	-0.00075981836	-0.0012066581	-0.00060315564	-0.0002964193	0.0013360544	0.0023108395	-0.00071525574	-0.0013767589	-0.00028116052	-0.0011045282	-5.6353483e-06	-0.0010174838	-0.00062994525	0.0008613413	-0.0006449439	3.7605114e-05	-1.9073486e-05	-0.00016550584	-0.0015730425	-0.0051130815	-0.0004487471	-0.00055902655	-0.00091006537
chr17:7670716:-:chr17:7670716:C>G	-0.0011400743	-0.0010553707	-0.0006550876	-0.00024604797	-0.0005645752	-0.00057679956	0.0002453544	-0.00025567142	-0.00082631543	-0.000562061	0.0011880614	-0.0006491054	-0.0007463802	-0.0011493509	-0.002316475	-0.0025849775	-0.0020914078	0.00036100906	-0.0009827181	-0.00056791306	-0.0015322078	-0.00023382361	-0.00047813763	-9.1552734e-05	-0.0009817644	-0.00045793707	-0.0022104436	-0.0013295953	-0.0008123571	-0.00012018464	-0.00013975664	-0.0008369359	-0.00023443048	-0.0024133162	-0.0007277402	-0.0002492558	-0.0012321472	6.792762e-05	0.0018074729	0.0015555728	5.652688e-05	0.00027699905	4.45626e-05	-0.0006578619	-0.00011249022	-0.00070233777	0.0017327395	-0.00023104927	0.00021015514	0.00081443787	6.762418e-06	-0.00032808565	-0.0010890093	-0.0012135939	-0.001092564	-0.0016241074	-0.0012863333	-0.0008756464	-0.0010826371	-0.00093026593	-0.00042629242	-0.0007754239	0.002063101	0.0018319216	0.002136057	0.001177701	0.009252808	0.008703752	0.0023421375	-0.0010108948	-0.00053544476	0.0012197495	0.0008205934	1.7447905e-05	0.0022218877	0.0022360196	0.0011437156	-0.005810131	-0.0007809726	-0.0016292225	-0.0008611679
chr17:7670717:-:chr17:7670717:T>G	-0.0005506169	-0.0010652542	-0.0006277778	0.00031072443	-0.0010818135	9.0252266e-05	-0.0013143366	-0.00011998957	-0.00075574353	-0.000791463	0.0043519195	9.007887e-05	-0.0007488944	-6.9358134e-06	-0.0035490557	-0.0027515239	-0.0020335803	0.00048741428	-0.0008385398	-0.00044506247	-0.001546773	-0.00026564163	-0.0006511428	0.0006861253	0.0009893938	2.60093e-06	-0.003187353	-0.0005493164	-0.00050657446	-0.00021587718	-0.00022697449	-0.00055590546	0.0007539229	-0.0029955776	0.00042152405	0.00076094543	-0.0009747418	0.0010072101	0.0014677915	0.0015185096	6.0341576e-05	0.00014591217	0.00089610706	-0.0011006269	0.00078396365	-3.2858414e-05	0.00051064923	3.7973576e-05	0.0023355484	0.009382248	0.0001633384	-0.00034852463	-0.00055503845	-0.0023560957	-0.00042438507	-0.0010807731	-0.0015259656	-0.0033477435	-0.0014918934	-0.0006874258	-7.308613e-05	-0.0010577982	0.004447547	0.0035001582	0.0026340485	0.001531601	0.0010279742	0.0008621216	0.0018269799	-0.0006418228	0.00012761896	0.0012426376	0.0049931784	0.0006716685	0.0009846254	-0.0009906943	-0.0007261796	-0.008630926	-0.0014894659	-0.0043629734	-0.0006461577
chr17:7670717:-:chr17:7670717:T>A	0.002030546	0.00059890747	1.0143627e-05	0.0023675398	0.0009895671	0.00312311	0.0030975342	0.0012631849	0.0003942143	0.002683206	0.009467081	0.0027180584	0.0013446808	0.0027361782	-0.0015928095	-0.0015071522	-0.00055919995	0.0008998351	0.00012189692	0.0011243387	0.00056500867	0.00036504053	0.00027535178	0.0053275716	0.005614194	0.0032315687	0.0010115884	0.0014248762	0.0015150417	0.00014348463	0.0028436834	0.0022863909	0.00390677	0.00018518622	0.0027481427	0.0037223643	0.0016610406	0.00389667	0.00385926	0.004778862	0.0007142154	0.0011858507	0.0035904972	0.0027300229	0.0023156514	0.0026663868	0.002212871	0.0020449378	0.004855156	0.011076841	0.0013000314	0.0002145117	0.0012852062	0.0008759932	0.0025477842	9.068576e-05	0.0009613904	-0.0026295402	-0.00065612793	0.0026776574	0.002547264	0.00071412866	0.0093338275	0.0085088555	0.004300031	0.0040739235	0.0043925373	0.0047104578	0.0050167604	0.0016619075	0.004049648	0.0030530582	0.004536802	0.0023918368	0.00492278	0.0032637336	0.0026494807	-0.0032639937	0.0005725514	-0.00012588501	0.0030920722
chr17:7670717:-:chr17:7670717:T>C	0.00022012537	-0.00070311804	-0.0005999912	0.0009647716	-0.00065664813	0.0006529201	-0.00061798096	0.00027344443	-0.00047779083	0.0002003583	0.006010272	0.0008337714	-1.6299162e-05	0.0008702712	-0.0029721693	-0.0020405164	-0.0012987311	0.000556599	-0.00040002304	-9.584427e-05	-0.000995636	-9.194287e-05	-0.0003399849	0.001650897	0.0029751172	0.0013001182	-0.0015342019	0.00012423775	-6.857785e-05	-0.0002157038	0.0008421811	7.1525574e-05	0.0019286763	-0.0019146312	0.0011249889	0.0016473423	6.502325e-06	0.0014758977	0.0022964478	0.0026218242	0.00015241449	0.000196717	0.0017656847	7.256595e-05	0.0011697683	0.0010102879	0.0011352192	0.0007377971	0.0032418857	0.011076667	0.0005047538	-0.00017185645	-0.000104297294	-0.001264052	0.00045126135	-0.0010308352	-0.0006976561	-0.003671126	-0.0012113397	0.00013914975	0.0012154146	-0.0005154176	0.006425641	0.005810824	0.0054458273	0.003968152	0.0034763163	0.0024636008	0.0039937277	-1.1357394e-05	0.0029517086	0.0016895641	0.00481042	0.001111139	0.0030351987	0.0009544546	0.00026633524	-0.00796162	-0.0019486167	-0.0051651	0.0007040717
chr17:7673533:-:chr17:7673533:A>G	-0.0011039213	-0.004876375	-0.019804262	-0.0017903284	-0.0016523708	-0.0016037985	-0.000269478	-0.002174204	-0.001957243	-0.00023707477	-0.00034146418	-0.0007050254	-0.00020161542	-0.0016852292	-0.0031534107	-0.00010659478	-0.0008808049	0.00014389645	-0.0003320087	-0.00044668803	-0.0006081408	-0.0005921884	-0.00071737985	-0.00042000684	-8.414008e-05	-0.0004750382	-0.00016687134	-0.0007087968	-0.00067134335	-0.0010454438	-0.00095278566	-0.00076465175	-0.00022081895	-0.00044869294	-0.0004238649	-0.0011219762	-0.00078994577	-0.0011553114	-0.00063352153	-0.00067416107	-0.010494276	-0.0064747552	-0.0012588068	-0.00085442717	-0.00033222546	-0.00032587486	5.9604645e-06	-0.0006717118	-0.0006426031	-0.00089088356	-0.0003995462	0.0017451156	-0.0012529547	-0.000673034	-0.0006602027	-0.00061468646	-0.0022348925	-0.0006782521	-0.0050633387	-0.00033816425	-0.0007278919	-0.0006537871	-0.0005650466	-0.0009811249	-0.00013083761	-5.1194973e-05	0.00024290518	-0.00044446642	0.00015168298	-0.0006308772	-0.00044430385	-0.0011772242	-0.00023529747	-0.00065144623	-0.00016140938	9.244138e-05	-0.00022315979	-0.00025743787	-0.00022938034	-0.00028209251	-0.00026854602
chr17:7673533:-:chr17:7673533:A>C	-0.00059114804	-0.0051452247	-0.021182537	-0.0013836081	-0.001105612	-0.0010635636	6.87079e-06	-0.0020412533	-0.0017300085	3.257665e-05	0.000105879524	-0.0003178553	0.000107461754	-0.0012772734	-0.0027773597	0.0007459467	-0.0001707077	0.0004324046	-0.00013247403	-1.4456836e-05	-0.0002781261	-0.000479178	-0.0006476749	-0.00012889775	0.00015836413	-7.534027e-05	0.00028705597	-0.00020989505	-0.00044584274	-0.0012842525	-0.00045984442	-0.00033638693	0.00023536249	-1.5497208e-06	-0.00012102994	-0.00071980734	-0.0003148209	-0.00074965303	8.201599e-05	4.4107437e-05	-0.011654594	-0.0076201614	-0.00066315045	-0.0003746206	-8.769469e-05	4.2720276e-05	0.00013997337	0.00016938556	-0.00012473627	-0.000554735	-8.201599e-05	0.0021537652	-0.000507138	-7.80279e-05	-0.00022909859	-0.00036009875	-0.001709808	-0.0007141612	-0.0049233004	-0.0001621463	-0.00022220612	-0.00021440332	-0.000129082	-0.0005682273	0.00025501035	0.0006624352	0.0021547622	0.0005911805	0.0006693656	-0.00022753802	-5.2885575e-06	-0.0017698028	-0.00016650287	-0.000795321	0.0006126924	0.00075990503	0.00018921765	-3.6640602e-05	-3.955581e-05	-0.00017699329	0.00032119316
chr17:7673534:-:chr17:7673534:C>G	-0.0009817426	-0.0050698845	-0.020945333	-0.0016430075	-0.001381614	-0.0013461113	-0.0005244775	-0.0019558994	-0.0016937256	-0.0003383593	-0.0006611943	-0.00046844917	-0.00011715022	-0.0012888908	-0.0032597454	-0.00022029877	-0.0011966012	0.0001572479	-0.0003864982	-0.00079163635	-0.0007662123	-0.0006321994	-0.0008274425	-0.000533234	-0.00023671714	-0.00044597278	-0.00018252026	-0.00056418503	-0.00029104407	-0.0007344159	-0.00070584903	-0.0005229603	-7.8287994e-05	-0.0003721172	-0.00023967569	-0.0008874698	-0.00065448065	-0.0012603023	-0.00040214712	-0.0002974597	-0.012627363	-0.0074163782	-0.0008560311	-0.0008045543	0.0005554719	0.00050046225	-0.00028519196	-0.00047308748	-0.00044406543	-0.00077980215	-0.00032533298	0.0024754568	-0.000938849	-0.000544418	-0.00046129661	-0.00055874477	-0.0019624883	-0.00074829295	-0.0049500684	-0.00022159923	-0.0005900426	-0.00040245056	-0.0008846684	-0.0011052706	-0.00024933164	-7.4462456e-05	0.00051828945	-0.0001206398	7.60772e-06	-0.00036378342	-0.00022882764	-0.00091375003	-0.0011962111	0.00028887662	-7.5318596e-05	-8.521297e-05	-0.0003305782	-0.0004400882	-0.00030478564	-0.00040496478	-0.00025606155
chr17:7673534:-:chr17:7673534:C>A	-0.00067465956	-0.0044595976	-0.018887823	-0.0013309825	-0.00071863696	-0.00077837164	-0.0003826835	-0.0013260408	-0.00092515076	8.453022e-07	-0.0007640286	-7.9263344e-05	0.0001030185	-0.00077126245	-0.002745715	0.00069492514	-0.00040929968	0.00025259366	-0.00037004732	-0.0005784251	-8.7933106e-05	0.00016208128	0.00012306734	-0.00037934564	-0.00017048013	-6.32893e-05	-1.8401579e-05	5.5529854e-05	0.0001595237	6.0688367e-06	-0.00038415735	-0.00012592836	0.00011014938	-0.0003275763	0.00024231998	-0.0006142421	-0.0003136288	-0.00081224873	-0.00060749054	-0.00027097354	-0.0117227165	-0.0053431336	-0.00063274126	-0.00064936554	0.0013237	0.0009112358	-0.00020142035	-0.00011623989	-6.025488e-06	-0.00045589966	0.0002744848	0.0044607897	-0.00031935086	-9.007887e-05	-0.00010956417	-0.00037037244	-0.0014951013	-0.0007165454	-0.0045834454	0.000104860825	-0.00028191914	-8.9276924e-05	-0.0010772672	-0.0010321412	-0.00032083553	2.2617254e-05	-0.0003222227	-0.00044837865	-6.2248924e-05	1.6472557e-05	-2.779744e-05	0.0012748892	-0.0014782168	0.0021060163	-3.925237e-05	-0.00019419193	-0.00029561736	-0.00039679353	-0.00024253671	-0.00036213614	3.5502693e-05
chr17:7673534:-:chr17:7673534:C>T	-0.00076582213	-0.004444426	-0.018568212	-0.001281695	-0.0009567954	-0.0010167902	-0.00039651178	-0.0014710859	-0.0009952892	-0.00015984882	-0.0007410862	-0.00036670946	-4.9005856e-05	-0.0010439266	-0.0027310632	0.000116825104	-0.00083403155	0.0001368306	-0.00040238554	-0.0007444295	-0.000523849	-0.00017491254	2.2758137e-05	-0.00046725708	-0.00018829649	-0.00022433022	-2.4600462e-05	-0.0003730167	-0.0001577464	-0.00019949133	-0.0005632747	-0.00047610022	-7.122213e-05	-0.00026424366	-5.93879e-06	-0.0007916689	-0.0005654855	-0.0009811792	-0.0004441955	-0.0003861514	-0.011343912	-0.0056535546	-0.00088004634	-0.0006657947	0.0003858913	0.00020152872	-0.00029882518	-0.00043442033	-0.0003490448	-0.00085310504	3.667311e-05	0.002508185	-0.00079796533	-0.00027786603	-0.00047668544	-0.00042169745	-0.0015564832	-0.00058278715	-0.0045122234	-3.333525e-05	-0.0003178553	-0.0001282692	-0.0010118647	-0.0008915175	-0.00025464187	0.00010112199	0.00025334142	7.044185e-06	-7.7811155e-06	-0.00026629187	-7.452748e-05	-0.00032164835	-0.0011868477	0.0005747188	-2.0569021e-05	-0.0001045899	-0.00032342563	-0.0004006299	-0.00026124174	-0.00034682316	-0.00022337654
chr17:7673535:-:chr17:7673535:C>T	-0.0014841557	-0.0047536762	-0.019171108	-0.0021030253	-0.0018068227	-0.002065832	-0.00097550044	-0.0022217578	-0.0019823422	-0.0011407462	-0.0010564219	-0.0009792935	-0.0008646575	-0.0019805648	-0.0039365073	-0.0009916045	-0.0021650358	-0.00016656789	-0.0008441968	-0.0013953556	-0.0018250291	-0.0008412708	-0.0011666905	-0.0010761998	-0.00048810785	-0.0011683811	-0.0009235469	-0.0010121302	-0.0005872466	-0.00048507343	-0.001171914	-0.0010956418	-0.00057521736	-0.0010134307	-0.00076703593	-0.0013327707	-0.0011355877	-0.0026254004	-0.0010789958	-0.0008562695	-0.012237007	-0.0062868814	-0.0017061234	-0.0018166195	-0.00038827548	-0.00046272713	-0.0005606738	-0.0013662901	-0.00107698	-0.0014915033	-0.00094288046	0.0014036353	-0.0015010401	-0.0011933934	-0.0011580858	-0.0009566654	-0.0026063486	-0.0006042285	-0.004873926	-0.0009040399	-0.001502709	-0.00093854556	-0.0013080998	-0.0020378123	-0.00047849526	-0.0006213622	-0.00057088246	-0.00074590335	-0.0004145503	-0.0009957227	-0.0007316958	-0.0014721263	-0.0030872389	-0.00030708313	-0.0006648194	-0.0006841421	-0.00072291767	-0.000688011	-0.00058011577	-0.0005438436	-0.0007739934
chr17:7673609:-:chr17:7673609:C>A	-0.001133572	5.5486507e-06	0.0003749674	-0.00042109055	-6.9358134e-06	-9.241971e-05	-0.0016076348	0.00033838098	0.00085631286	-0.0006215356	-0.0028974144	-0.00040990656	-0.0010637804	-0.00078582764	-0.00033664703	-0.00077802484	-0.0012589368	1.7339533e-05	-0.0015683607	-6.346269e-05	-0.00023555756	0.0014628497	0.0010676384	-0.0017064702	-0.0004233447	-0.001253128	-0.0020866394	-0.00040973315	-0.0001019998	0.00041994182	-0.00067823584	0.00022914192	-0.0014817064	-0.0017444437	-0.00037982248	-0.0016572692	-0.0014123484	-0.0012848594	-0.0011928515	-0.0014002107	-0.00022810156	0.0013962225	-0.000721498	-0.0009137934	0.000211629	-6.025488e-05	-0.00072236493	-0.0010170504	-0.0010297082	-0.00086688995	-0.00023664128	0.0003942143	0.00021063197	-0.0008984479	-0.0010917837	-1.408837e-05	0.00025584482	0.00010312687	0.000105727806	-0.0008179925	-0.0004115538	0.00018076463	-0.0037984306	-0.0026789145	-0.0015620752	-0.0011928732	-0.0016431375	-0.0015693144	-0.0014118715	-0.00042776627	-0.0010407622	0.00019012798	-0.001851472	0.00055189565	-0.0017914772	-0.0016791604	-0.0021336295	-0.0049386458	-0.00013299422	-0.0011456229	-0.0006998669
chr17:7673609:-:chr17:7673609:C>T	-0.0011738864	-0.0013712536	-4.2871994e-05	-0.0011027076	-0.00081452454	-0.00035173242	-0.002024217	-6.727739e-05	0.00031263178	-0.0007844405	-0.0028719143	-0.00047644702	-0.0011412447	-0.0010253299	-0.00089831784	-0.0008231293	-0.0013411696	7.08645e-05	-0.0015133078	-0.0008238012	-0.0009859259	0.0014781085	0.0010414124	-0.0019166253	-0.0005833236	-0.0016168464	-0.0021402186	-0.00049294124	-0.00017075105	0.0005430525	-0.001140161	0.00010364706	-0.0016528476	-0.002294367	-0.0005449815	-0.001685446	-0.0016587431	-0.0016293959	-0.0014962066	-0.0018008839	-0.00059604645	0.00087690353	-0.0010453138	-0.0014549602	0.0042116423	0.003732291	-0.00034696405	-0.001041369	-0.0015110102	-0.001036774	-0.00035689093	0.00053464284	0.00015581738	-0.0011493076	-0.0012894544	0.0001841025	-1.5258789e-05	0.00069965015	0.0003134554	-0.0011692914	-0.0006204952	0.00045204163	-0.0038957922	-0.0027817597	-0.001887885	-0.0014318336	-0.0019979477	-0.0017797296	-0.0016143322	-0.00076311285	-0.0011782646	0.00027980588	-0.0015341477	0.0010126288	-0.0021672682	-0.0020977368	-0.0034783103	-0.0062108473	-0.002401612	-0.0034725016	-0.0009768876
chr17:7673610:-:chr17:7673610:T>C	-0.0013235699	-0.0009413632	-0.0004880645	-0.0006922809	-0.0011565469	-0.00093577127	-0.0017732274	-0.00023956732	-0.00033812088	-0.0015720888	-0.0013454393	-0.0008731972	-0.00093026593	-0.0013524402	-0.0010187193	-0.00071753154	-0.0010625449	0.00028452007	-0.001115929	-0.0017317858	-0.0023584366	-0.0004529086	-0.00079698995	-0.0017447472	-0.00038662823	-0.001279159	-0.0025123248	-0.00096793607	-0.0009031946	-0.00019211118	-0.0016364184	-0.0007844405	-0.0007412	-0.0019727186	-0.0009257577	-0.0012462356	-0.0014967051	-0.0034386895	-0.0006090511	-0.0009610003	7.1612274e-05	-0.00039690192	-0.0010347799	-0.0016884804	-0.00041957336	-0.00065968256	-0.00028098712	-0.00080429425	-0.0006002513	0.00017781691	-0.0003790422	-0.00028921256	-0.00010093776	-0.001054547	-0.0010917403	-0.00079631805	-0.00096474995	0.0003426942	-0.00077668106	-0.0012677367	-0.0010297082	-0.0013422966	-0.0014077425	-0.0013025891	-0.0003653873	-0.0002187382	-0.0009864027	-0.0013005083	-0.0008230426	-0.001023596	-0.0009276217	-0.00022231448	-0.0010805889	-0.00035697763	-0.0014230988	-0.0013664853	-0.0014479377	-0.0038320369	-0.00078539416	-0.0009050369	-0.0010259151
chr17:7673699:-:chr17:7673699:A>C	0.0002647855	-0.0014870167	-0.0011232008	0.00012984058	0.0001821843	-4.592809e-05	0.0004825592	-0.0002926263	-0.00033796916	0.0005286824	0.00013388829	0.0003889474	0.00030425462	4.6914272e-05	-0.00014750524	0.0017900467	0.0025568008	0.00031758437	0.00033903122	0.0005330173	0.00023812597	0.00035728107	0.00043579665	9.867278e-05	0.0003013936	0.000286189	0.00075068255	0.0007722486	2.3625114e-05	-0.00041367792	0.00019359589	0.00013812022	0.0008447604	0.000440034	0.0002543493	9.414283e-05	0.000444694	0.00018150156	0.000460538	0.00053742254	-0.0041258335	-0.0016408075	0.00045876068	0.00032377243	0.00034351784	0.0003439513	0.0013754151	0.0006254153	0.0004006191	0.00019140677	0.00042193587	0.00012766774	0.000852043	0.0007803874	0.00022723457	0.00022025542	-0.00013973496	-0.00020423802	-0.00043285976	0.00021253932	0.0005599477	0.0002208623	0.0001243407	2.7629461e-05	0.0021217952	0.0014966618	0.0012849894	0.0008809458	0.0011896546	0.00028171323	0.0002805428	-0.00017503175	0.0004083677	-8.238445e-05	0.0010142218	0.0010950565	0.00079564616	0.00023842942	0.0001885891	0.00020746751	0.0003723773
chr17:7673700:-:chr17:7673700:C>T	0.00064241886	-0.0012912317	-0.0010195537	0.0006387559	0.0006996285	0.0002502528	0.00091388007	2.046065e-05	-0.00017757849	0.00086079945	0.0008532459	0.0010053244	0.0010831573	0.0004015619	-4.7813763e-05	0.0029287338	0.0028283813	0.0003124042	0.00084757805	0.0004336617	0.00038267265	0.00035212256	0.0007401705	0.00017017667	0.0004701181	0.0007709373	0.001223174	0.0010190661	0.0006121289	-0.000108198685	0.00058460236	0.00044707817	0.0016809594	0.001498412	0.0005834753	0.00085772166	0.0014032125	0.00026694752	0.0019168312	0.0011841275	-0.004251827	-0.0013252388	0.0007422187	0.0007372661	0.00046402757	0.00075952575	0.0005591132	0.0007683364	0.00078562176	0.00046524135	0.0006969625	0.00020430305	0.0006532669	0.0011252057	0.00045809962	0.00019708546	8.107315e-05	0.00022112239	-0.00027548184	0.00079761853	0.00074962055	0.00026581503	0.00043586708	0.00046378374	0.0018212579	0.0017799139	0.001093366	0.001291806	0.0014670437	0.000641476	0.00052853604	7.993525e-05	5.5649063e-05	0.00032258034	0.0015231696	0.0015689568	0.0007587563	0.00016602603	0.00021871654	0.00020086765	0.0006881302
chr17:7673700:-:chr17:7673700:C>A	0.0005921342	-0.0010559559	-0.0009866736	0.0006579377	0.00066128647	0.00027782266	0.00085215137	3.7670135e-05	-0.00012224371	0.0008687323	0.0005189506	0.0011222796	0.0008385615	0.00042837317	-8.041208e-06	0.0039319126	0.004396482	0.0004968535	0.0006711483	0.00045472925	0.00045552038	0.0005220933	0.0007325411	0.00017813119	0.0005098365	0.0008852048	0.0011393807	0.0011195703	0.00062147056	-4.4887714e-05	0.0006762201	0.00048125873	0.0017009432	0.0008364103	0.00063295796	0.0009842135	0.0011224422	0.00021373684	0.0014774908	0.0010984485	-0.0041196346	-0.0012808497	0.00084291806	0.0006939389	0.00062925165	0.0006913163	0.0007074096	0.000860366	0.0010181882	0.0007827282	0.00077277963	0.00028812885	0.0013170675	0.0011333986	0.0005917007	0.00019126589	8.089976e-05	0.00010849129	-0.00018334389	0.00069366803	0.0007844513	0.00032861668	0.00044110147	0.00048038634	0.001546643	0.0012448159	0.0010275408	0.0011804429	0.0011755661	0.000832471	0.00062995066	0.00029608878	1.2798743e-05	0.0004181645	0.0013128844	0.0013703759	0.0007472038	0.0001602498	0.00025504286	0.00022967295	0.00062258675
chr17:7673700:-:chr17:7673700:C>G	0.0005778291	-0.0013226162	-0.0010443167	0.00056649337	0.0005971952	0.00016153943	0.00058681314	-0.00014461171	-0.00032262367	0.00054916466	0.00069292024	0.000615315	0.00062344293	0.00030892546	-1.447851e-05	0.0009577491	0.0014654073	0.0001779578	0.0006863204	0.00039703195	0.00032937527	0.00021446835	0.00046351823	0.00015712868	0.00034754927	0.00070457027	0.00091427023	0.0006380081	0.00045607306	-0.00046760385	0.0005523942	0.00039536302	0.0015322295	0.0010340159	0.00045319038	0.0010001659	0.0010889336	0.00014716387	0.0017070662	0.0010777712	-0.004315463	-0.0014978322	0.0008140044	0.00068091264	0.00051088765	0.00066901336	0.00039690192	0.00078634784	0.0005918091	0.0004327514	0.00048607046	0.00017509678	0.00068473816	0.0006877292	0.00044518168	8.7326225e-05	9.69605e-05	-0.00020367448	-0.00028137726	0.00065313687	0.0005923076	0.00027171048	0.000694898	0.0005834265	0.0019050078	0.0024429776	0.0011731711	0.0012272163	0.0015077916	0.0005244125	0.0005110882	-0.0001438531	0.00016794422	0.00015642426	0.0013470433	0.0012148402	0.00061080675	8.932027e-05	0.0001270771	8.5570595e-05	0.00061352685
chr17:7673838:-:chr17:7673838:C>T	-0.00033699383	-2.6876276e-06	0.000368205	-0.00023174286	-0.00032325226	-0.00023555756	-0.00025768715	-7.052855e-05	-0.00011535124	-0.0001874837	-0.0006326491	-0.00012059645	-0.00029208444	-0.00026854602	-0.00050423364	-0.0005408634	-0.00064576755	-4.3067066e-05	-0.00028488852	-4.071539e-05	-6.151199e-05	-0.000150117	-0.0001126311	-0.00013908473	-0.00035223094	-7.672744e-06	-0.0003015995	-0.00022602081	-1.2354417e-05	0.0002225529	-0.00016910379	-6.194548e-05	-0.0007360198	-0.00032349068	0.00015523216	-0.00041612712	-0.00036189772	-4.2958694e-05	-0.0005859895	-0.0003721714	-7.2869385e-05	0.00030899048	-0.0003072782	-0.00027463652	-2.2563067e-05	-0.0002734661	-3.901395e-07	-0.0003000606	-0.00025046954	-0.0002466115	-0.00012722882	4.599311e-05	-2.5402416e-05	-0.00024799866	-0.00026234714	0.00035576386	-0.00013056668	0.00036292727	0.00023447383	-9.133599e-05	-0.00014391812	-6.7017296e-05	-0.00049272453	-0.0006518364	-0.0002777143	-0.00022753802	-0.00027106024	-0.00033094667	-0.00022646514	-7.573041e-05	-0.0001227639	1.0728836e-05	-0.00021888992	4.1051346e-05	-0.00033664703	-0.0004882379	-0.00060805405	-0.0012755827	-0.00082354114	-0.0008459958	-0.0009368116
chr17:7673838:-:chr17:7673838:C>A	-0.00015204604	0.00037921558	0.0004713752	4.8507343e-05	3.1818043e-05	4.1788273e-05	-7.006255e-05	0.00015527551	3.6543064e-05	-2.0243904e-05	-0.00048018043	9.677627e-05	-0.00022372333	8.000027e-05	1.413172e-05	-0.0003053275	-0.0003926754	0.0003697222	-0.0001971505	2.177737e-05	2.8729439e-05	-4.5830555e-05	-2.1674416e-05	0.00048708916	0.0005309365	0.00014227087	-7.078864e-05	-9.597431e-05	0.000206969	0.00038450415	0.0001413172	0.0002464381	-0.00031008504	-0.00017919323	0.00011981617	-0.00018779798	-0.000162233	3.199144e-05	-0.00041497836	-0.00014521858	0.00026191364	0.00045351547	-2.1392649e-05	-4.5776367e-05	7.586046e-05	-0.00012798743	0.0001943003	-9.36118e-05	0.00022361496	0.0003299605	0.000111005524	0.00044081427	0.0002812906	-7.8201294e-05	9.181283e-05	0.0006969625	3.749674e-05	0.00051050837	0.00022402676	3.0170788e-05	0.00018694183	0.0001735904	-0.0002645525	-0.0003418489	-3.0420044e-05	-6.66705e-05	-7.858602e-05	-0.00019787658	5.8678062e-05	0.00022359328	6.385283e-05	0.0006207553	-0.000115763054	0.00041909653	-0.00012225454	-0.00024781443	0.00012605841	-0.00015462529	0.00029494546	0.00040669876	-0.0007123947
chr17:7673839:-:chr17:7673839:T>A	8.765134e-05	0.00035602396	0.00058247824	0.00021600723	0.00012545152	0.00029572574	-8.92119e-05	0.0004122474	0.00032858414	0.00017309189	-0.00040264564	0.00025974622	-0.0001746091	0.00028176742	0.00030144778	-0.00030961903	-0.00036714293	0.0003609224	-8.457357e-05	2.3278322e-05	0.0001486865	8.330562e-05	1.8715858e-05	0.00051494077	0.0004015619	0.00032013113	-3.8125298e-05	4.9417667e-05	0.00024808536	0.00041640888	0.00028852982	0.00030545754	-7.768111e-05	-0.00016437877	0.0004030141	-8.617748e-05	-0.000109304085	4.17666e-05	-0.00026492638	-4.755367e-05	0.00023625114	0.0005935756	0.00018245523	0.00012579831	0.00021913918	0.00010360371	0.00013524835	0.00021058862	0.00019034473	0.0002262809	0.00016065077	0.00042737613	0.00041387297	6.541339e-05	0.0002864491	0.00064919214	0.0002604398	0.0004255013	0.00044467233	0.00021396983	0.00032893094	0.0004327514	-0.00034850836	-0.00023588268	-0.00017361208	1.6906044e-06	-2.3711811e-05	-6.1316925e-05	-0.00012411854	0.00041510843	0.00062799454	0.00031469084	5.418604e-07	0.00031154806	-3.5459347e-05	-0.0002308542	-0.00017261505	-0.0006614598	-0.00019056146	-0.00032771716	-0.00022354993
chr17:7673839:-:chr17:7673839:T>G	-2.0677393e-05	0.0001518943	-0.00021067532	-0.000101653015	-6.9661575e-05	-4.6166508e-05	-0.00016212463	-4.529953e-05	-0.0002007051	-1.9940462e-05	-0.0002511794	-6.6973946e-05	-0.00040877948	1.3438138e-05	-0.00022697449	-0.0007335923	-0.000718832	7.8894875e-05	-0.00016515906	-1.6635115e-05	7.3693013e-07	-3.7009067e-05	-8.1257385e-05	9.324334e-05	9.309162e-05	-0.00015861337	-0.00011381236	-0.0001802011	-8.2362785e-05	-0.0001468225	2.527237e-05	6.5456734e-05	-0.00020883301	-0.00021505356	-8.2319435e-05	-0.00020787933	-0.0001720732	-1.936609e-05	-0.00017001411	6.610697e-06	0.000114267525	-5.084818e-05	6.454641e-05	0.000110236084	6.0233204e-05	9.974567e-05	-2.8393486e-06	-3.376874e-05	4.3348834e-08	8.8908455e-05	-2.0937487e-05	9.833683e-05	7.646734e-05	-0.00026780908	9.389357e-05	7.2349205e-05	-0.00017478249	0.00023268569	1.9637022e-05	-2.41453e-05	0.00011322715	-0.00021657077	-5.8249992e-05	-3.707409e-05	4.3457203e-05	0.0003622662	9.003552e-05	0.00019285896	-5.134669e-05	-3.5546043e-05	0.00025818564	-5.260381e-05	0.00029917198	8.136576e-05	-5.904111e-05	-0.00012705543	-0.00031063773	-0.00081495807	-0.0004896684	-0.00069600885	-0.00010338696
chr17:7674179:-:chr17:7674179:A>C	-0.0030150847	-0.029103106	-0.034823764	-0.0028830876	-0.0031353345	-0.0015647195	-0.00064520404	-0.0030922457	-0.0019649593	-0.00025404582	0.0013294112	-0.0005205328	-0.00026490472	-0.0030726085	-0.0022496744	-0.00010074268	-0.0002157038	0.00010670315	-0.00022164258	-0.00011645664	-0.00031243672	-0.00025970285	-0.0001803745	-0.0001624064	-3.043088e-05	-0.000295509	-0.00060035964	-0.00054849277	-0.000660116	-0.00031037765	-0.001318498	-0.00084711204	0.00031844052	-0.001364036	-2.8046694e-05	-0.0008369576	-0.0008647442	-0.00045775285	0.000418533	-0.00033924796	-0.01868248	-0.008658886	-0.00073109975	-0.0007391626	1.7339534e-06	-0.0003428676	-0.00016312166	-0.00060276553	-0.001697627	-0.0020530224	-0.00059791043	0.00020317598	-0.0012163899	-0.0006076856	-0.00085618277	-0.00018936937	-0.00344944	-8.795478e-05	-0.0038874366	-0.0003071915	-0.00022725626	0.00015900352	0.0017143596	7.9425896e-05	0.0016710975	0.00086983765	0.0012631416	0.00048134543	0.001287352	-0.0006352555	-2.8404322e-05	-0.0003540516	-0.00010373376	-0.00081540237	0.000262954	0.00013500993	0.00024587457	1.9767067e-05	-8.309971e-05	-0.00013615868	-0.00017760017
chr17:7674180:-:chr17:7674180:C>T	-0.0028429898	-0.03273834	-0.039710607	-0.0030742125	-0.0029540928	-0.0012971271	0.00033560666	-0.0032243729	-0.0020938786	0.00012889775	0.0024544327	-5.2040272e-05	0.00023169951	-0.0027820414	-0.0020760188	0.00029106575	0.00010809032	0.000206969	0.00031614304	0.00025302713	-0.0001232624	-0.00011058287	2.2541392e-06	0.0005834753	0.00047939474	0.00013377449	0.00018425421	-0.00045519526	-3.9729206e-05	-3.6499718e-05	-0.0008169087	-0.0005394762	0.00054387614	-0.00050336664	-0.00025926938	-0.00058807025	-0.00051054085	-0.00032750043	0.0016853159	0.00033825095	-0.022540353	-0.009278471	-0.00065454567	-0.0004457127	3.7843532e-05	-0.00020573357	3.4679066e-05	-0.0005940524	-0.0015847466	-0.0021555207	-0.00028783624	0.00041268088	-0.0011191801	-5.1021576e-05	-0.00031508098	0.00014508855	-0.0030436083	0.00011071292	-0.0041624415	0.000197649	6.9618225e-05	1.688437e-05	0.0019866661	0.00056609785	0.00307651	0.0018169229	0.0032807263	0.002467719	0.0029438625	-0.00017155301	0.00022881682	-0.00016095421	-0.00029069727	-0.000455813	0.0014567808	0.0017412793	0.00074590335	0.0005197525	1.5042045e-05	0.000102953476	-9.93772e-05
chr17:7674180:-:chr17:7674180:C>A	-0.002195705	-0.030513156	-0.038432773	-0.0023997913	-0.0023206798	-0.0009043867	0.0005494031	-0.0027093887	-0.0017153566	0.0005436594	0.00292312	0.00041820787	0.000539823	-0.0022827496	-0.0017739643	0.0010904182	0.00094879756	0.0004499392	0.00051459396	0.00042044034	0.0001587651	0.0007973151	0.0006968325	0.0006051497	0.000618111	0.0005085252	0.00047607857	-0.0002270937	0.0002794916	0.00021917169	-0.0004618818	-0.00010867552	0.0010469827	-6.424297e-05	0.00013771924	-4.5949764e-05	-0.00012959134	-0.00015191599	0.0022122643	0.0008629452	-0.020037564	-0.007991401	-0.00030784172	-9.536743e-05	0.00032682854	0.0001912984	0.00039434433	-0.00021318956	-0.0008662831	-0.0012106028	0.000360749	0.0008279627	-0.00079397723	0.0001802011	0.00018369067	0.00030162118	-0.0024830212	0.00015059384	-0.0038803706	0.00043242628	0.00041432815	0.0002949888	0.0020516028	0.0012391318	0.0021739872	0.0015875209	0.0030179457	0.002375126	0.0022802786	0.00019985979	0.0005608689	0.000166893	-0.00036003374	-1.7209486e-05	0.0016356382	0.0017398054	0.00086832047	0.0007376237	0.00015896017	0.00027405133	0.00024268845
chr17:7674181:-:chr17:7674181:C>G	-0.002519521	-0.032479633	-0.039383627	-0.0033094233	-0.0027912313	-0.0013206656	0.00012900612	-0.0031235868	-0.0020944856	7.176399e-05	0.0020690397	-0.00018412416	-3.6066227e-05	-0.0026835094	-0.0019476197	9.898706e-05	-8.496371e-06	0.00022804737	-5.1216644e-05	0.00069930335	4.009767e-05	0.0004552061	0.00031620805	0.00032398917	0.00035537372	-4.6816738e-05	9.339506e-05	-0.0005737001	-0.00034850294	-3.3638695e-05	-0.00065747177	-0.00044709985	7.8201294e-05	-0.0006921075	-0.0003003424	-0.00095796585	-0.00073565135	-0.0003876036	0.0014552203	0.00024355542	-0.023414612	-0.009662195	-0.0006553693	-0.000433575	1.874837e-05	-0.0003138022	0.00035892834	-0.00044976582	-0.0016322136	-0.002066482	-0.0002969395	0.0004511313	-0.001028256	-0.00019413774	-0.00041887976	0.00014643236	-0.002728679	0.00029357997	-0.0040082065	4.525618e-05	-7.573041e-05	-1.413172e-05	0.0024258494	0.0006152066	0.0028389583	0.001600894	0.0059062783	0.003309705	0.0023703792	-0.00019043143	0.0003736236	-0.00010520762	-0.00024986267	-0.000501546	0.001189557	0.0016788353	0.00090824475	0.0005343177	0.00015104901	0.00016403198	-0.00035489688
chr17:7674291:-:chr17:7674291:C>G	-0.00021700426	-0.0007951043	-0.0005229603	-0.0012090857	-0.0014324188	0.00016823682	0.00045828384	-0.0004322312	-0.00080849905	0.00062994525	0.0015679327	4.087795e-05	-0.00028046695	-0.0003396381	-0.0034613176	-0.0011769208	-0.0010539835	0.00064156274	-5.4879623e-05	0.00013323264	0.00023013895	0.00021123886	0.0004411394	0.0007093169	-0.0005237406	2.1284277e-05	0.0004931363	-0.0003935207	0.00011444092	0.0006533103	0.00013364445	0.00018431923	-0.00064594095	-0.00018921765	0.0007829666	0.00041372125	-1.4348464e-05	0.00090920925	0.00023752992	0.0004086061	-0.00032923438	0.00017721002	-8.383664e-05	0.00048819455	7.908994e-05	0.0006517497	0.00012174519	-0.00024973263	0.00042395157	0.0017063401	0.00014872984	0.000672297	-1.26145105e-05	-0.000118255615	-5.8520924e-05	9.519404e-05	-0.00039859253	0.0004055175	-0.000826012	0.0007306012	0.0004714619	-0.0029979185	0.0017047524	0.0029257862	0.00017768686	0.0006422563	0.00041298431	0.0012918169	0.0005926652	0.00025879254	7.5687065e-05	0.0008911978	0.00086493924	0.00028543037	0.0006772388	0.00068187714	-0.0018382506	-0.0054796827	-0.00303004	-0.004160404	-0.00018009273
chr17:7674291:-:chr17:7674291:C>A	-0.00023776834	-0.00010802529	-7.8851524e-05	-0.0004750165	-0.0006576885	0.0002865358	0.000385978	0.00012007626	-0.00027691235	0.00082605536	0.0007192926	0.00034002823	9.241971e-05	-0.0003669045	-0.0033769608	-0.00071889703	-0.00078946893	0.0014768514	6.086176e-05	0.00025439262	0.000672297	0.00036833502	0.0005858378	0.000625567	-0.00044354526	0.000638745	0.00042048367	0.00014712593	0.00022970546	0.0016088053	3.3291904e-05	0.00021251765	-0.00039711865	-0.00024851886	0.0025984158	-6.545674e-06	-0.00020148537	0.0010713772	0.00040641698	0.00029802322	-6.190213e-05	0.001000231	-7.386641e-05	0.0003532063	0.00065805693	0.00070307474	0.00017577951	0.00020638379	0.0007873015	0.002290509	0.000413938	0.0010455305	0.0008429614	0.00026590173	1.1357394e-05	0.0016912981	-0.00032528964	0.0009216504	0.00024344704	0.0014462038	0.00074334576	-0.0018036582	0.0005361546	0.0020666122	-9.033897e-05	0.00050735474	9.913878e-05	0.00058289006	0.0004308874	0.0009590062	0.0010334362	0.001364177	0.0002562783	0.00046818907	0.0006676154	0.00045837054	-0.0017020486	-0.005231597	-0.0022603816	-0.0035915808	-0.00012555989
chr17:7674291:-:chr17:7674291:C>T	-0.00013711235	-0.00014348463	-5.635348e-07	-0.0005010258	-0.00050804834	0.00017773021	0.00014261766	-7.8851524e-05	-0.00026247717	0.0006720803	-0.00011044741	0.00018405914	0.00017131459	-0.0003001473	-0.0026851133	-0.000110973015	-8.669767e-07	0.0006308339	0.00013065338	0.00016188622	0.00063237274	0.00036222284	0.0005699288	8.873506e-05	-0.00091747806	0.0001500303	0.00025506454	0.00040730563	9.4283714e-05	0.0008795045	0.00012419441	0.00014567375	-0.00043387848	-3.52426e-05	0.0009974566	0.00023265318	0.00011279366	0.00096907397	-0.00020475821	6.3679436e-05	-0.00021097877	0.0005880269	-5.4142693e-05	0.00033131512	0.00071337004	0.00068001315	-2.0590696e-06	0.00017222491	0.00024336035	0.0010443167	0.00013871626	0.0005623644	0.0005538247	8.253618e-05	-5.0458042e-05	0.00077785144	-0.00018436258	0.00015955622	0.00017712334	0.00056552887	0.00048498673	-0.0014595552	-4.9423088e-05	0.0010421493	-0.0004918792	5.895441e-05	-0.00038112293	0.0002921928	-0.00029455533	0.00056487863	0.00041424145	0.0006308881	-8.966706e-05	0.00023757327	0.00022814491	-2.7656555e-05	-0.0016205527	-0.0044108303	-0.001785105	-0.00302059	7.358464e-05
chr17:7674292:-:chr17:7674292:T>C	-4.373897e-05	-0.0006780191	-0.00042711606	-0.00035138565	-0.0013571653	0.0002477386	0.0005378723	0.00012050976	-0.00040903958	0.0007220181	0.002135358	0.0003732768	-2.5012276e-05	-0.0005423806	-0.0044192835	-0.0001929023	-9.007887e-05	0.001584725	-5.158511e-05	0.0009449395	0.0005475391	0.00042956526	0.00050514395	0.00083906	0.0017968091	0.00043032385	0.0005498366	0.0002999739	-0.00021995198	0.0007974885	-8.665432e-05	-1.1530789e-05	-0.00045373224	-0.00035554712	0.0019110766	-0.00033246388	-0.00033538992	0.0009511601	0.0005015677	0.0005727681	0.00022389671	0.0001707077	-7.80279e-05	0.0002826344	0.00088273396	0.0007528175	0.0007084066	0.0004066554	0.00072717667	0.0016506369	0.00074583833	0.0009643923	0.001741496	0.00035580722	-9.7534874e-05	0.00235861	-0.0007675778	0.0024636008	0.00054342096	0.00094344397	0.0003043955	-0.0019094293	0.0023454211	0.00080832565	0.001498916	0.0015530153	0.0010362105	0.0007329854	0.0027195325	0.0006964423	0.0005097823	0.0016107018	0.0039456543	0.00046055968	0.0005627979	0.0010894862	-0.0009418834	-0.004290494	-0.002792705	-0.0033828563	8.169087e-05
chr17:7674292:-:chr17:7674292:T>G	-0.00032628665	-0.000962951	-0.000652595	-0.0012181889	-0.0017793829	-0.00018488277	0.00035806137	-0.0006328496	-0.0009925149	0.00015319478	0.0014429038	-0.00031588293	-0.00022328984	-0.0005631013	-0.004662427	-0.0013585524	-0.0011454929	0.00059132144	-3.6586414e-05	0.00027082182	0.00014465506	-9.5865944e-05	3.307516e-05	0.00028181076	0.000115698036	-0.0005702539	0.00023928555	-0.00071863696	-0.00041476163	9.3069946e-05	-0.00016416203	-0.00011465766	-0.0007482442	-0.00057315826	0.00013464148	-0.00013210556	-0.0002833713	0.000703725	0.00035764955	0.00025320053	-0.00027054007	-0.00029698285	-0.00024843216	0.00010455738	-5.8239155e-05	0.00044053252	0.00012666528	-0.00012930957	0.0002876195	0.0011988553	0.000106616455	0.00047884203	0.00040366434	-0.000107505104	-0.00039599158	-0.00014461171	-0.00090390985	0.0005511371	-0.0010833307	0.0001485131	-0.00011678175	-0.0038889972	0.0019903074	0.0021879456	0.0005750656	0.0010387247	0.0009495128	0.0012548186	0.0010830705	-2.9477205e-06	0.000101609665	0.000810634	0.0024196452	5.7350506e-05	0.0007080165	0.00075700064	-0.001746091	-0.0056144972	-0.0035998605	-0.0046841446	-0.00027082182
chr17:7674292:-:chr17:7674292:T>A	-0.00018574974	0.00034731085	0.00026590173	-8.669766e-06	-0.0005888505	0.0004063953	0.00038229336	0.00041380795	-4.334883e-05	0.00068135693	-0.00021674958	0.00042919678	-1.7903069e-05	-0.00041753595	-0.0040641264	-0.00082232733	-0.00094721536	0.0018566955	-7.091869e-05	0.00046792897	0.0006615032	0.0004058101	0.0005030632	0.00076345965	0.0007310347	0.0004214807	0.0003246394	1.2397766e-05	-7.603385e-05	0.0015517581	3.073432e-05	0.0002323931	-0.00105342	-0.00068582187	0.0024256273	-0.00064197456	-0.00038459085	0.00075947156	-0.0003686168	3.3595345e-05	0.00039382416	0.0010434064	1.2484464e-05	0.00022042882	0.00083708763	0.00038365883	0.00040186534	0.0004359592	0.0011945638	0.0032259335	0.0005450465	0.0009323142	0.0018186569	0.00031731345	0.0001521544	0.0036704324	-0.00061091507	0.0019099929	0.0015582171	0.0010487817	0.00042611902	-0.00136124	0.00016627529	-0.00010069934	9.7621574e-05	0.0008757331	-2.2194603e-05	0.00023646788	0.00041406805	0.0012852929	0.001869982	0.0014015003	0.0009992773	0.00049220433	2.3971905e-05	-6.333264e-05	-0.00077108905	-0.0040283203	-0.0008116635	-0.0021015515	-0.00018134984
chr17:7674857:-:chr17:7674857:A>G	-0.00031356377	-0.002511848	-0.003534577	-0.0003503236	-0.00041560692	-0.00025705856	2.6442788e-06	-0.00036402183	-0.00026841598	-0.00018982454	0.00022495877	-0.0002737262	-0.0002672889	-0.00028857318	-0.0004289367	-0.00016398863	-0.00019522147	-0.00012660027	1.7339533e-05	-2.4622137e-05	-0.00010635636	-0.00014383142	-0.00019877608	-0.00036634097	-0.00016047737	-0.0001280958	-6.242232e-05	-0.00014561956	-0.00017291849	-0.00033187866	-0.0002099384	-0.00022131746	-0.00015523216	-0.00032433597	-0.00016940724	-0.00019459291	-0.00022623756	-0.000215357	-0.00021709096	-0.00031419235	-0.0012290045	-0.0008835901	-0.0002690662	-0.00018572807	6.4004555e-05	-8.485534e-05	-3.264167e-05	-0.00017673319	-0.00017404556	-0.00010260669	-0.00025190006	-0.00011633743	-0.0001318238	-0.00014411319	-0.00015830994	-6.284497e-05	-0.0002768473	-2.2920694e-05	-0.00033565002	-0.00010577115	-0.00015939366	-0.00010725585	0.00021139058	-8.405338e-05	0.00012662193	-0.00012909282	-6.1923805e-05	-6.0406597e-05	6.296418e-05	-0.00018988956	-0.00033302742	-0.00042150237	0.00020207059	-0.00030487234	-4.1181393e-05	1.114065e-05	2.8090044e-05	-1.9073486e-05	-4.5678833e-05	-4.7770412e-05	-8.880009e-05
chr17:7674857:-:chr17:7674857:A>T	8.591739e-05	-0.0020423802	-0.002850359	-0.00011008436	-9.55625e-05	-6.753748e-05	0.00017963756	-0.00020291588	-0.00014168565	-3.047423e-05	0.00023731319	-5.6223435e-05	9.987571e-05	-7.42132e-05	-0.00023547086	-3.6586414e-05	-4.024939e-05	-7.655404e-05	0.00041831622	2.4427067e-05	-8.453022e-07	-2.7613207e-05	5.9756367e-05	-0.00043296814	-4.3608925e-05	1.001358e-05	0.00011795217	7.265264e-05	4.5082787e-05	-0.000118905846	9.3590126e-05	-2.3841858e-06	5.535646e-05	0.0001728318	-6.3267624e-05	0.00024284016	0.00027370453	3.6889858e-05	0.0002468716	0.00011283701	-0.0012061163	-0.0008300868	7.078864e-05	6.523999e-05	9.3026596e-05	0.00013082678	1.300465e-05	3.5459347e-05	2.1110882e-05	-5.3969296e-05	-9.662455e-05	-0.000115156174	-5.002455e-05	6.0818413e-05	2.3104927e-05	1.9745394e-05	-0.00010317022	-4.7683716e-07	-0.00017001411	3.0235811e-05	3.2424927e-05	3.1167812e-05	0.00032052127	0.00015627254	0.00056312303	0.00044458563	0.00022519719	0.0003119382	0.0006877292	-1.5258789e-05	0.00017736176	-0.00041558527	-5.260381e-05	-0.00028311124	0.00023187291	0.00034969504	0.00016088919	9.250641e-05	3.1850555e-05	3.7388367e-05	6.9704925e-05
chr17:7674857:-:chr17:7674857:A>C	-6.68439e-05	-0.0021826138	-0.0029473088	-0.00024741347	-0.00023252313	-0.00017287514	-2.1674416e-06	-0.00017413226	-8.611246e-05	2.0764091e-05	8.567897e-05	-0.00011738864	-2.3234974e-05	-0.00021505356	-0.00012172352	-7.848306e-05	-4.063953e-05	4.417246e-05	6.67572e-06	1.168251e-05	-5.6418507e-05	3.1124462e-05	8.877841e-05	-0.00030092758	-9.926883e-05	-5.9756367e-05	5.0327995e-05	8.366324e-06	-0.00015128743	-6.849116e-05	-0.00022103569	-0.00023482063	-0.000104297294	-2.5142323e-05	6.695227e-05	-0.0002690662	-0.00013095682	3.4028835e-05	-0.00026581503	-2.7049671e-05	-0.0011106621	-0.000782143	-0.00019420277	-0.00012720715	0.00010111115	-3.8016926e-05	0.00055946	9.619106e-05	-2.22813e-05	-8.2146034e-05	-0.00011780045	-3.2381577e-05	-6.805767e-05	6.463311e-05	-0.00015237114	4.1007996e-05	-0.00013516167	0.00012873519	-0.00016394528	-7.334622e-05	-5.2473762e-05	7.588213e-05	7.440827e-05	-0.00017430565	9.983236e-05	-9.319999e-05	-3.3703716e-05	-5.5919995e-06	2.9217113e-05	-0.00014352798	1.4283441e-05	-0.00019970807	0.00015843999	-0.00025664677	-2.9433857e-05	6.164204e-05	7.9870224e-05	0.00010505589	3.535097e-05	6.67572e-05	2.2974882e-06
chr17:7674858:-:chr17:7674858:C>T	7.2999435e-05	-0.0016714876	-0.002430439	-1.3676557e-05	2.3885206e-05	0.00014959682	0.0001648556	-0.00012991646	-6.699562e-05	9.168278e-05	0.00024435736	0.00014244426	0.00019741058	8.665432e-05	-0.00014812296	8.8063156e-05	9.4890594e-05	7.664074e-05	0.0005820014	0.00011021441	0.00012404268	0.00010017915	0.00024600464	2.7959997e-05	9.775162e-05	0.0001356385	0.00016121431	8.851832e-05	0.00022576073	7.659739e-05	0.0003880154	0.00025445764	0.00020629709	0.00024622137	-5.873767e-06	0.00053544476	0.00046764722	0.00016789003	0.0002431436	0.00016984073	-0.0008786158	-0.0005179969	0.00023859198	0.0002506863	0.00014459003	0.00025363403	9.1032547e-07	6.411292e-05	0.0002455278	0.00029030713	2.659451e-05	-2.1240929e-05	-2.3711811e-05	0.00010698492	0.00024015253	4.5321205e-05	1.4305115e-05	-4.8388134e-05	-0.00014840472	0.000117605385	0.00015956705	2.4405394e-05	0.00023013895	0.0003951246	0.00030565262	0.00022810156	0.00021318956	0.00028913672	0.000460603	0.00022597746	5.860762e-05	1.9940462e-06	-8.799813e-05	0.0001264919	0.00027418137	0.0003102476	0.00018356064	0.00011535124	8.322976e-05	9.0945854e-05	0.0001801144
chr17:7674858:-:chr17:7674858:C>A	0.0003825968	-0.0010937344	-0.0017793179	0.00011795217	0.00029767642	0.0002949888	0.00011478771	0.00013422966	8.615581e-05	0.00024596127	0.00025519458	0.00040747903	0.0003669912	0.00039551474	9.0252266e-05	0.00012224371	0.00013581189	0.00040617856	0.0004191832	9.718808e-05	0.0001894344	0.00037587772	0.0003976822	0.00022506714	0.00024375049	0.00019550323	0.000215357	0.00018633496	0.00039525467	0.00025970285	0.0005803108	0.00055794284	0.00032420593	0.00044640628	0.00014201077	0.00052798877	0.00057862024	0.00026481802	0.0002969395	0.0004815622	-0.0004769672	-0.00013787096	0.00039473447	0.00025484778	0.00022953207	0.00034969504	8.938529e-05	0.00030664963	0.00053241034	0.00067381427	0.00022218445	0.0002292178	0.00014315952	0.00023087588	0.00043127753	8.123571e-05	0.00021639737	-3.6618927e-05	1.354651e-05	0.00020200555	0.00021028519	8.262287e-05	0.00013993004	0.000692801	8.3814964e-05	0.00019918788	8.615581e-05	0.00020915811	0.00015902519	0.0004143715	0.0002194318	0.00053579157	-0.0002937967	0.0006038276	0.00026867606	0.00029048053	0.0002005317	0.00019049644	0.00017289682	0.0001707077	0.00026572833
chr17:7674859:-:chr17:7674859:C>T	1.4695254e-05	-0.0020024776	-0.0030392082	-0.00018622658	-8.5245476e-05	-3.0495903e-05	8.563562e-05	-0.00022008202	-0.0001617345	5.3449112e-05	0.0001815991	3.9143997e-05	8.279627e-05	-9.493394e-06	-0.00023794174	7.601218e-05	3.936074e-05	3.5459347e-05	0.00047779083	6.898967e-05	7.113544e-05	4.161488e-05	0.000107635155	-0.00012783571	-0.00014179404	2.9108742e-05	7.3736366e-05	-7.954511e-06	0.0001412305	7.390976e-05	0.00020829114	0.00010278008	-9.059906e-06	0.00010793859	-6.185879e-05	0.00032182175	0.00042230432	-2.5554136e-05	2.5900927e-05	4.2438507e-05	-0.0009791635	-0.0005628196	9.740482e-05	0.00011210008	6.417795e-05	0.00017196481	-3.1969765e-05	1.6775999e-05	-3.9642506e-05	-4.5971436e-05	-1.7556276e-05	-2.8794462e-05	-2.5900927e-05	7.70959e-05	0.00014023347	-1.684102e-05	-6.968325e-05	-0.00010276924	-0.00019632686	7.284771e-05	2.1566044e-05	-5.8455902e-05	0.00011168827	0.00030309503	0.00013175877	0.00015449524	0.00016309998	0.0002971996	0.00018629161	0.00010607459	0.00022337654	-5.2083622e-05	-0.00045065445	-6.7407436e-06	0.00020451979	0.00026733225	9.3308365e-05	4.495274e-05	3.222986e-05	2.6865438e-05	5.969134e-05
chr17:7674859:-:chr17:7674859:C>A	0.0004569834	-0.0017307888	-0.0028227025	0.000104210594	0.00027080017	0.00038706174	0.00045919418	-1.1617487e-05	2.1587719e-05	0.00040180032	0.0007984313	0.00044458563	0.00044371866	0.00049283286	9.588762e-05	6.690892e-05	7.14172e-05	0.000214425	0.0004117272	0.00020813942	0.0003192208	0.00031198154	0.00041684238	0.0008115335	0.00068051164	0.00034969504	0.00038829717	0.0002926046	0.00055066025	0.00039460443	0.0008049445	0.0007967082	0.00032221188	0.00059366226	0.0002819408	0.0007345026	0.0008335547	0.00019116835	0.000404618	0.00046266208	-0.00086211076	-0.00038697504	0.0005471923	0.000536962	0.00027450648	0.00066588144	0.00028699095	0.0003307516	0.00031137466	0.00042598898	0.00016580928	0.000106692314	0.0001571612	0.00030446053	0.0005344044	0.00014428659	0.00024440073	1.2273138e-05	-7.081032e-05	0.00040060823	0.000352426	0.00022404845	0.0004147183	0.0010148828	0.00038435243	0.0005768429	0.00038151306	0.0006616766	0.0006296418	0.0005386092	0.002100446	0.0002549128	-0.00033179196	0.0005200993	0.00046734375	0.0006173524	0.00029791484	0.0002811822	0.00014287775	0.0001753352	0.00045598636
chr17:7674972:-:chr17:7674972:C>G	-0.00046081978	-0.00054901297	-0.00048470497	-0.0010677035	-0.0009232434	-0.00035689093	-0.00024808536	-0.0005399964	-0.0006409992	4.0466137e-05	-0.00077998097	-0.00016093254	-0.00031232834	-0.0004282431	-0.0015912489	-0.00092898717	-0.0007181601	-1.8574974e-05	-0.00041736255	-0.00026390768	-0.00035181912	-0.00038264014	-0.0003001473	-0.0002808571	-0.00030149112	-0.00078270654	-0.00021401318	-0.00039359657	-0.00026880612	0.00031165642	-0.000385978	-0.00012603673	-0.00087805226	-0.0006458543	-0.00022159923	-0.00053009664	-0.00045845725	-0.0002834797	-0.000998031	-0.0004771406	-0.0003578446	4.2135067e-05	-0.00070472196	-0.00044677473	-0.00022946704	-0.00044945153	0.000113335525	-0.0005415136	-0.00037910722	-0.0003516674	-0.0006333264	0.00020863792	-0.00027871132	-0.00035220926	-0.0002730543	0.00052252685	-0.00092926895	0.0023713545	-0.00082765927	-0.00019151514	-0.00019268556	-0.0010779988	-0.00078850985	-0.0007951368	-0.00088522653	-0.000907096	-0.0006604628	-0.00048082526	-0.0010591854	-0.0001969771	-1.0186976e-06	9.897622e-05	-0.00044720824	9.8152595e-05	-0.00089110027	-0.0008289164	-0.0012195327	-0.004197337	-0.0011855039	-0.0017676787	-0.0007564155
chr17:7674972:-:chr17:7674972:C>T	-0.00041213902	-0.00078144943	-0.00032585318	-0.0010412823	-0.00090789795	-0.00026366927	-0.000593879	-0.00046981464	-0.00042906674	0.00010715832	-0.00075993757	6.2248924e-05	-6.5261665e-05	-0.00043023715	-0.0015842698	0.00011478771	-9.038232e-05	0.00017796863	-0.00019437616	-9.8076736e-05	-0.00018345226	-0.000119967895	-9.020892e-05	-0.00022485039	-0.0004117489	-0.00043830005	-0.00022641095	-0.0002463514	-0.00019806082	0.00037169456	-0.0003575195	-0.00013006818	-0.00070192595	-0.0006131259	0.00011322715	-0.00044599446	-0.00039088726	-0.00012872436	-0.0009532733	-0.00043695624	-0.0007069761	0.0002605265	-0.00062918663	-0.0005204244	5.5573204e-05	-0.00038446079	-0.00020818277	-0.00041627884	-0.00033569336	-0.00033864108	-0.0004321445	0.0006427765	-0.000104210594	-0.00014144724	-0.00019043143	-0.000106247986	-0.0010284944	0.00031115793	-0.00088780577	-5.2452087e-05	-0.00041083855	-0.0011924397	-0.0007844405	-0.00075672433	-0.0011749051	-0.0009517236	-0.000975262	-0.0006226193	-0.0011692264	1.10973015e-05	-4.4627624e-05	0.0005311099	-0.0006075339	0.00020889803	-0.00079859386	-0.00096236577	-0.00180394	-0.005117633	-0.0021727302	-0.0033676408	-0.0007781766
chr17:7674973:-:chr17:7674973:T>G	-0.000302965	-0.0005393028	-0.0004044663	-0.00079779193	-0.00074898114	-0.00033948637	-0.00036315483	-0.00053596497	-0.0006420396	-9.2159615e-05	-0.00060865557	-0.00021737273	-0.0002469583	-0.0003025965	-0.001159668	-0.000873479	-0.0005606955	0.00016635115	-0.00026575002	3.9490787e-05	-0.00022003868	-0.00028959187	-0.00027608871	0.00056977704	6.051497e-05	-0.0005567724	-0.00013282082	-0.0003270886	-0.00023666295	-6.4893204e-05	-0.00026150185	-9.710139e-05	-0.0005730174	-0.0004392212	-0.00032225522	-0.0003187548	-0.00029085984	-0.00018817728	-0.00066718186	-0.00031911244	-0.0004156286	-0.00039256702	-0.00042900172	-0.0003629164	-0.00024598296	-0.00033003633	-3.832037e-05	-0.00037941066	-0.00025062126	-0.0001353784	-0.0002430569	0.00023642453	-0.00017103282	-0.0002189116	-0.00019860268	-0.0001933358	-0.0009667223	0.0011082129	-0.0006382249	-0.00018982454	-0.00040379437	-0.001231497	-0.00058868254	-0.00051743875	-0.00054073334	-0.0005037568	-0.00020963495	-0.0003144958	-0.00046608664	-0.00014671413	-0.0001318238	1.9506975e-07	3.80386e-05	-8.095394e-05	-0.00057435036	-0.0005874634	-0.00095584174	-0.0033916126	-0.00076328625	-0.0013452009	-0.00059656665
chr17:7675051:-:chr17:7675051:A>T	8.932027e-05	-0.0035213123	-0.0032757088	-0.00010699034	-8.209185e-05	1.2137673e-06	0.00089792773	-0.00024624306	-0.00042051618	0.00033889033	0.00016376105	0.00021558459	0.000362212	-2.5396997e-05	-0.0002653707	0.0018506917	0.0010314204	0.00051554764	0.00040938638	0.00068148697	0.00030254776	0.00021181324	0.00035576386	0.0001598705	0.00048880145	0.00031093575	0.00052603806	0.00015692819	0.00021481514	0.0001668063	0.00022770058	0.00021530282	0.0004210093	0.0003571727	0.00020517003	0.00022084605	0.00038159976	0.00018660047	0.00010935827	0.00029668483	-0.008661617	-0.0023431778	0.00022352283	0.00025331974	0.00035335802	0.00029130958	0.0010749643	0.0002374053	0.00028985197	0.00021683086	-5.318902e-05	0.0002910603	0.0005261898	0.00046432018	0.0002515858	0.0005738735	-9.641864e-05	0.0015447356	-0.00018657338	0.0002553788	0.00043664195	0.0002529025	9.040399e-05	6.244399e-05	0.001441262	0.0008749962	0.0007354671	0.00041376462	0.0009796403	0.00021268021	0.00011147152	0.00016497482	0.00056004524	4.1398136e-05	0.00059656665	0.0009924715	0.0007389892	0.00034780937	0.00025209514	0.0003869967	0.00032160498
chr17:7675052:-:chr17:7675052:C>A	0.00069597637	-0.0024796834	-0.0028112151	0.00029572574	0.0003142682	0.00058396294	0.0017962456	0.00050793996	0.00023896043	0.0010062348	0.00026524067	0.001135165	0.00081620435	0.00046503003	-2.5142323e-05	0.0025489114	0.001539382	0.0019127239	0.0007330179	0.0009959177	0.0006815791	0.00082512334	0.0009573698	0.0022108338	0.0026442788	0.0008067218	0.0010083806	0.0005815517	0.00094583904	0.0006633455	0.0009851672	0.0010132031	0.00091109495	0.00078396907	0.0010011088	0.0007417852	0.0009501414	0.00033932383	0.0002510981	0.00075512583	-0.009400801	-0.0021576665	0.0007371036	0.0007485151	0.0008413358	0.00072294474	0.0016106259	0.0006058866	0.0016241507	0.0019740516	0.0011226047	0.0018297975	0.0019626834	0.00096279924	0.0009357929	0.0009354461	0.00025618076	0.0030899264	0.0006642558	0.00081333244	0.0011016239	0.0006994551	2.9276718e-05	0.00018522414	0.0012672164	0.00080741534	0.0006763935	0.0006743778	0.00088914955	0.0009502606	0.0005812103	0.00093594467	0.00045921587	0.0013397932	0.00069721177	0.0012019764	0.0011708736	0.0006818555	0.00052189827	0.00071913545	0.00085874036
chr17:7675052:-:chr17:7675052:C>T	0.0005770488	-0.0028736808	-0.0029600533	0.00045123967	0.00036583163	0.00058134034	0.001795552	0.00042284618	0.00016123598	0.0008158467	0.0005701564	0.0009716099	0.0008848689	0.00041392175	-2.282316e-05	0.0016390193	0.0013144667	0.00078092923	0.0008872531	0.00083197246	0.0005977208	0.00061078503	0.00080211594	0.0010377277	0.0018747504	0.0008963455	0.001098156	0.0006894686	0.000967275	0.0005131418	0.00083906	0.00087936356	0.0011930141	0.0010540973	0.0010377819	0.0008122054	0.0011528622	0.0003352707	0.00082809274	0.0008452047	-0.0095613655	-0.002171538	0.0007776564	0.00079468166	0.00080310216	0.0008576946	0.0013168075	0.0005924485	0.0010183941	0.0007439852	0.00058715994	0.0008249283	0.0010322874	0.0010274757	0.00084324315	0.00072375213	0.0001373833	0.0024579654	0.00027294594	0.0008820621	0.00093516434	0.0007246191	0.00041225282	0.00031743807	0.002352151	0.0014517091	0.0011723909	0.001197078	0.001419826	0.0007726821	0.00063301215	0.00041874973	0.0003582131	0.00073017855	0.0011026968	0.0015837495	0.0012910799	0.0006573634	0.00044423883	0.00061165204	0.0008369359
chr17:7675053:-:chr17:7675053:C>G	3.919818e-05	-0.0029632829	-0.002798644	-0.00024569035	-0.00012208115	-2.794916e-05	0.0007813627	-0.0001557957	-0.00040884453	0.0002807704	-0.00026355006	0.00034339863	0.00020941821	-1.2321906e-05	-0.00034221736	0.0009255409	0.00055826793	0.00031200322	0.00013596361	0.00062747434	0.00030634078	0.00019151514	0.00026617266	0.00076744775	0.0010180473	0.00016928803	0.0003750216	6.756457e-05	0.0002975247	0.00013485822	0.00029168345	0.00038037516	7.84939e-05	9.51832e-05	0.00031758437	0.00010101362	0.000330058	0.00012602047	-0.0002355684	0.00020475821	-0.00942395	-0.0024557114	0.00015717203	0.00019379095	0.00027499956	0.00018865954	0.00075041165	0.00013968078	0.00018003854	0.0001291145	0.0001764731	0.00044084678	0.00081129506	0.00027413803	0.00028048863	0.00044863875	-0.00025218184	0.002074285	8.578734e-05	0.00036705623	0.00037788262	0.0002581098	-0.00036749514	-0.00019845096	0.0007421754	0.00031000917	0.00049768796	0.00024080276	0.00017252835	0.0002602447	0.00013384494	0.00025188923	0.00032263453	0.00034270503	0.0001205531	0.00061468646	0.00054888293	0.0003401366	0.00023806095	0.00034128537	0.0002469583
chr17:7675237:-:chr17:7675237:C>A	0.0008016933	0.0020694733	0.0021583384	0.00096763263	0.0017701929	0.0013426867	0.0008341616	0.0010019649	0.0013831746	0.0014941909	-0.00037839197	0.00095100835	0.00050028885	0.0016282689	0.0018069528	-8.041209e-05	0.0003838756	0.0010407838	0.0005179969	0.0030626818	0.003211715	0.001415296	0.0021200397	0.0006237897	5.9431248e-05	0.0013869676	0.001222914	0.001499046	0.00093516434	0.0011204589	0.0012948513	0.0013070974	0.00045895576	0.000357086	0.0013180212	0.0009500655	0.00092720985	0.008485448	-8.769469e-05	0.00042210927	0.00088032807	0.0031594364	0.0017030023	0.0016375021	0.0020432472	0.0013592676	0.0008080656	0.0011376467	0.0009942922	0.0007681413	0.00040344757	0.00065755844	0.0011364546	0.00022433022	0.00050683453	0.00064828177	0.0015200701	0.000273206	0.00088301575	0.0010384646	0.0013008551	0.0017290115	-9.447336e-05	0.0003464764	-3.7778507e-05	0.00017252835	-8.682771e-05	1.0988929e-05	-0.00014413487	0.0014856078	0.0003466606	0.002151782	0.00011489608	0.0018246499	0.0007567622	0.00020306761	0.003843134	0.0043047126	0.0070802514	0.006484292	0.000577168
chr17:7675237:-:chr17:7675237:C>G	-0.00035481018	0.0008840561	0.00047770413	2.8306787e-05	0.0001820651	6.775423e-05	0.00030808014	0.00013113022	0.00021661412	0.00023152611	-0.00045086036	-5.962632e-05	-0.00030526248	0.00014153394	-0.00032624332	-0.000269413	-9.7318125e-06	0.00022175095	-0.0002476302	0.0012047507	8.583069e-06	0.00077421014	0.00090237096	0.000120162964	-0.00013533505	3.2793392e-05	0.0004995953	-0.00027236072	-0.00016346844	0.00021954016	-0.00012616678	1.1920929e-05	-0.00041573698	-0.00052827055	7.022511e-06	-0.0001855872	-0.0007038333	0.0020308062	-0.00058011577	-0.00039341234	0.00081807916	0.0012385629	-2.713637e-05	4.668669e-05	0.0004478368	-0.0001679117	0.00058611954	-4.4432552e-05	0.000106247986	-3.2771717e-05	-5.75239e-05	5.158511e-06	-0.00014289943	-0.0006250035	-0.00036694788	-0.00024023923	1.2137673e-06	0.0004742579	-4.1441483e-05	-0.0001667196	0.00024336035	0.0002569719	-0.00011846694	-0.00024143132	-8.0368736e-05	-0.00014751608	-0.0003776117	-0.00037815355	-0.00015109236	0.00016221133	-0.000747594	0.0005913973	0.0007635247	0.00066918676	-0.00021563876	-0.00035730275	0.00054706226	-0.0012853796	0.0006273443	-0.0002188249	-0.000718832
chr17:7675237:-:chr17:7675237:C>T	-0.00010594455	0.0013875961	0.0012347482	0.00027834286	0.0005123832	0.00025541132	-0.00010980259	0.00034791772	0.0005765828	0.00051021576	-0.0005166856	0.00026501308	0.00012965636	0.00054285745	0.00018587979	-0.00023404034	-0.000120011246	0.0002476302	4.467097e-05	0.0013406927	0.000769095	0.0007333322	0.0010001659	-4.2568554e-05	-0.00027717242	0.0004004782	0.00011405078	0.00012709877	0.00019571999	0.00042787465	0.00018837235	0.00022545728	-7.921999e-05	-0.00022816658	0.0005337108	0.00014039603	-0.00027780098	0.003241799	-0.0003064329	-9.9160454e-05	0.00047267566	0.00207901	0.0003310117	0.0002356876	0.0008371093	5.186688e-05	0.0002620437	0.00027548184	0.00021605058	0.00017096779	5.197525e-05	9.3308365e-05	0.00042514366	-0.00044814023	-0.00017380714	-2.0330603e-05	0.00046396255	6.5998596e-05	0.0002245036	0.00011621822	0.00051858206	0.0007940639	-0.0003387982	-0.0001229698	-0.00030443884	-0.0002394156	-0.0003630898	-0.00022396175	-0.0002391555	0.00052599475	-0.00032212518	0.0007996451	0.0001048825	0.0008656003	8.208102e-05	-0.00047430125	-6.2248924e-05	-0.0026328347	0.00032147494	-0.0010154031	-0.00043801827
chr17:7675238:-:chr17:7675238:T>G	-0.0003992861	0.000872612	0.0008010864	0.000111623245	0.00010455738	3.4679067e-07	0.00023711812	0.00033907456	0.0003565875	0.00022727792	-0.00069703837	-1.9615347e-05	-0.0004845099	0.00041346115	-0.0001635118	-0.00021303784	-3.1146137e-05	0.00043277306	-0.00047779083	0.0030550524	0.0002976331	0.0002283183	-6.183711e-05	2.193451e-05	0.0002361211	-0.00013347105	0.00040500815	-6.242232e-05	-0.00017796863	0.00038244508	-0.00024266676	-2.0980835e-05	-0.00047179786	-0.00088977814	0.00032377243	-0.00045210664	-0.00090590393	0.0018305345	-0.00077540224	-0.00065328856	0.0014455969	0.0011617487	0.00016676295	-0.00013295087	0.0010818568	-0.00021087039	0.0010212119	0.00029325485	0.00015601245	2.395023e-05	0.00017328696	0.0004795898	0.0010495186	-0.00059002097	-0.0002785596	5.7090412e-05	-6.7017296e-05	0.0016919699	0.00028800964	-5.9171158e-05	7.70959e-05	0.00072375213	-0.00041772018	-0.00088067487	-6.931478e-05	-0.00020001152	-0.0004585006	-0.00064331834	-0.00037845699	0.00040838934	-0.00062756106	0.0009658662	0.0012108738	0.00066195836	-0.0004916841	-0.00058169797	0.0027849025	0.0008621216	0.0034370422	0.0017814636	-0.00057656114
chr17:7675238:-:chr17:7675238:T>C	-0.00028922342	6.4329666e-05	-0.00026546826	1.5909021e-05	-0.00021761114	-0.00021149895	0.00021860817	-3.6586414e-05	-9.8922035e-05	-0.00020369617	0.0001349124	-0.00029331987	-0.00037037244	-2.0373951e-05	-0.00020512668	-0.00022315979	-0.00011632659	0.00014133887	-0.00027968668	0.00041138043	-0.00073268195	-0.000104904175	-0.00035233932	0.000226541	0.0003987659	-0.00012774901	6.272576e-05	-0.00030773337	-0.0003569993	-6.560846e-05	-0.00035888498	-0.00023078918	-0.00016113845	-0.0006282113	0.0002118891	-0.0004276579	-0.0008670417	-0.00038363718	-0.00020941821	-0.00029689615	0.0011444959	0.0002879663	-0.00012857263	-0.00036243958	-0.000113573944	-0.0003714128	0.00037358023	-3.1644647e-06	-8.886511e-07	5.3319065e-05	-0.0001113198	-7.9545105e-05	-3.4288925e-05	-0.00046708368	-0.00031146136	-0.00016468222	-0.0003621795	0.0007254427	-0.00022775476	-0.00033656033	-0.00012560324	0.00015752966	0.00017652729	-0.00026058068	0.00033356927	0.00014357133	0.0002746582	-0.0001875704	3.3790417e-05	-0.00012315404	-0.0004030141	8.7207016e-05	0.0008680712	-6.0081482e-05	-2.6334415e-05	-0.00016489896	0.0022107905	0.0022784146	0.0015029907	0.0015095797	-0.0003576062
chr17:7675238:-:chr17:7675238:T>A	-0.0002529838	0.0017010949	0.0017173074	0.0006179376	0.0007695285	0.00037314676	0.00013758919	0.0007768111	0.00089341943	0.00031926416	-0.0007495555	0.00022261793	-0.00024457413	0.0007500215	0.000638615	-0.00016446547	-3.1492928e-05	0.00057582423	-0.0003645637	0.0019227808	0.0006844781	0.00044241818	0.00025148827	-2.9477205e-05	7.720427e-05	0.00038636813	0.00042295456	0.00021795793	0.00018360397	0.0005489913	0.00033950806	0.00056587567	-0.00019219788	-0.0006058216	0.00077529385	-7.2067436e-05	-0.000488498	0.0025398948	-0.0005633831	-0.00042848152	0.0011904456	0.0021622397	0.00074807083	0.00012731552	0.0013230498	5.0436367e-05	0.0005662225	0.0005342744	0.00049734116	0.0003468557	0.00026748396	0.0003519275	0.0011172295	-0.00046084143	-6.276911e-05	0.00031206824	0.00052998285	0.0011483106	0.0006987832	0.0002169609	0.0004218925	0.0011741464	-0.0004945018	-0.00070474367	-0.00033257224	6.9618225e-05	-0.0005745888	-0.0007420453	-0.00041276758	0.0009961128	-0.00019255551	0.0011403019	0.0006897775	0.0010111332	-0.00039727037	-0.0006559545	0.0011482239	-0.00205092	0.0015428717	-0.00081357086	-0.00061366777
chr17:7675989:-:chr17:7675989:C>T	-0.0002861673	-0.01625397	-0.033589516	-0.0014973879	-0.0012185898	-0.00033723225	0.001222177	-0.0021155097	-0.0016006773	0.00029420853	0.0032787106	8.1539154e-05	5.0631435e-05	-0.0002058636	-0.001558163	-0.0003453168	-0.00010037422	0.0005537597	0.00024394556	0.000406547	0.00038110127	0.00011489608	0.0003019788	0.000333786	0.0011676442	8.585236e-05	0.0004879778	0.0001358715	0.00019242546	-1.8271532e-05	-5.4836273e-06	0.00022779811	0.00045102293	0.00023676049	-1.85533e-05	0.0004376715	0.0007992116	0.0002112226	-0.00017767603	0.0002848235	-0.024257226	-0.0058380472	-2.4058601e-05	9.9247154e-05	0.00018893588	0.0003774383	-0.00080611487	-0.00019029054	0.00083892996	0.002804366	-0.0020588527	-0.0006049113	-0.0010847829	0.00017094612	0.000276002	5.8174133e-05	-0.0011745583	-0.0008857467	-0.0044649406	0.0002799901	0.00035864656	1.2235208e-05	0.0022420667	0.00064195285	0.0013245669	0.00027140704	0.0007385991	0.0004301288	0.0013646646	7.247925e-05	0.00028996577	-0.00045574794	-0.000343973	-0.00052610313	0.00050048396	0.00093000586	0.00083697925	0.0005728982	0.00020486658	0.00043116917	0.0003056743
chr17:7675992:-:chr17:7675992:A>C	-0.00068511744	-0.015668755	-0.032250796	-0.0019224557	-0.0015360442	-0.00084792485	-0.0006104816	-0.00259666	-0.0019134716	-0.0003684651	0.00058130786	-0.0005719228	-0.0003293861	-0.0008240613	-0.0018351619	-0.0009012222	-0.00059392233	-0.00014474175	-0.00022877347	-0.00052605977	-0.00012123585	-0.0004453659	-0.00023186207	-0.0018837668	-0.0024961992	-0.00044439055	-0.00038168646	-0.00028534912	-0.00040346925	-0.0005959164	-0.0004684925	-0.0003696355	-0.00027903644	-0.00026503476	-0.0004931363	-8.799813e-05	-6.3267624e-05	-0.00016479059	-0.0007465102	-0.00032342563	-0.025810631	-0.0064394474	-0.0004043579	-0.0004541657	-0.0001940077	-0.0001674999	-0.0022088832	-0.0005552985	-0.0006356673	-0.0007106391	-0.0023093657	-0.00068803265	-0.001446789	-0.00055685913	-0.00039265372	-0.00049825147	-0.0011448319	-0.0013292703	-0.004215576	-0.00028970026	-0.00029488045	-0.00037076257	0.0004117272	-0.00015761635	-4.057451e-05	-0.00015449524	-0.00011786548	-0.000119025055	-0.00010134957	-0.00039328227	-0.00029631096	-0.0008067326	9.9615616e-05	-0.0007205876	-0.000371001	-0.00030530582	-0.00021566045	-0.0003464005	-0.00019993565	-0.0002506863	-0.0005402565
chr17:7675992:-:chr17:7675992:A>G	-0.00073860993	-0.015690012	-0.032308187	-0.001951391	-0.0015748414	-0.00087087805	-0.00055053015	-0.0026549427	-0.0019523338	-0.00038744102	0.00087265536	-0.0005955696	-0.00035478853	-0.0007886995	-0.0018538237	-0.0010303151	-0.0006791245	-0.00012993813	-0.00017796863	-0.0005023696	-0.00012120334	-0.00049562886	-0.00026311658	-0.0021951848	-0.0027717242	-0.00070313975	-0.00040659038	-0.0002989769	-0.00037542256	-0.0005928386	-0.0004981431	-0.0003310442	-0.00026590173	-0.0002890717	-0.0008278977	-5.4619527e-06	0.00011036613	-0.0001534332	-0.0007579543	-0.0003218109	-0.025857644	-0.006465305	-0.00044863875	-0.00045779618	-0.00028987366	-0.00017033923	-0.0024501628	-0.0006825382	-0.0007204576	-0.00072550774	-0.002303362	-0.0007121671	-0.0015368245	-0.0005642826	-0.00035683674	-0.0005301887	-0.0012466908	-0.0014190023	-0.0042979717	-0.0005022179	-0.00028999287	-0.0005709475	0.0005272085	-9.952892e-05	-0.00016000053	-0.00023759496	-9.8141754e-05	-8.770553e-05	-0.00018969449	-0.00047141855	-0.0003300255	-0.0007973259	0.00017346036	-0.00068910554	-0.00034280258	-0.0002965927	-0.00023128769	-0.00040507317	-0.0002314069	-0.00029756807	-0.00060038135
chr17:7675993:-:chr17:7675993:C>T	-0.00061832776	-0.016585512	-0.03339738	-0.0020556883	-0.0015533187	-0.0006998452	0.00013308092	-0.00273167	-0.0021288611	-0.00013325432	0.0010671616	-0.00030955402	-0.00021006844	-0.0005335374	-0.0018744036	-0.00035433334	-0.00022532723	6.641041e-05	-3.9772553e-05	-2.8891996e-05	5.5096367e-05	-0.00017504259	4.6101482e-05	-0.0015003898	-0.0016309564	-0.00081157684	3.7084927e-05	-0.00015553561	-0.00017991933	-0.00037947568	-0.00026819922	-0.00013652715	-0.0002966794	-0.00016591766	-0.0010226857	-8.301301e-06	0.00010377711	5.8520925e-07	-0.0007762259	-0.00015282631	-0.028465314	-0.0075963843	-0.00037811018	-0.00024221161	-9.040399e-05	6.151199e-05	0.00020599365	-0.00034087355	-0.00047727066	-0.0008855733	-0.0024512897	-0.00016489896	-0.0012462139	-0.00027155876	-7.809292e-05	-0.00034529512	-0.00138195	-0.0010276925	-0.0048522297	-0.00033257224	-6.0688366e-05	-0.0005561872	0.00035741113	-0.00010700659	-3.749674e-05	-0.0002989769	0.00032177838	5.4316086e-05	0.0003643903	-0.00032682854	-4.73586e-06	-0.00085988914	-0.00033688545	-0.0005623644	6.502325e-05	0.0003126968	0.00012796576	-0.00012449785	-0.00013581189	-0.00010269338	-0.00044827026
chr17:7675993:-:chr17:7675993:C>A	-0.00034087355	-0.016473563	-0.033197273	-0.0018472021	-0.0013605031	-0.00043797493	0.0006815087	-0.0023094958	-0.0019288714	0.00024446574	0.0019914021	-1.8856743e-05	-1.6169115e-05	-0.00032910434	-0.0016748472	0.0007679246	0.00042924014	0.00048160553	5.3622505e-05	0.00027732414	0.0002486489	0.00040600516	0.00058984756	0.00059691345	0.00043426862	-0.00042670424	0.0003334392	-1.1183999e-05	3.0777671e-06	-4.2633576e-05	0.00025064294	0.00027155876	7.811459e-05	0.00011511282	-0.00067624176	0.00016442212	0.0002982183	8.514794e-05	-0.0006450523	6.950985e-05	-0.02762218	-0.0072419425	-5.8217483e-05	0.00013429468	0.00029878182	0.00024275346	0.0017020486	6.911971e-05	-0.0004230846	-0.0012261217	-0.002148498	-1.9073486e-06	-0.00081612845	4.5754692e-05	0.0002750917	-3.970753e-05	-0.0012239326	-5.8867714e-05	-0.0046644537	-3.1384556e-05	0.0002948154	-0.00025510788	0.0008402521	0.00016723979	0.00024576622	-6.4936554e-05	0.00059934094	0.00021633235	0.00080633163	5.520474e-05	0.00015021455	-0.0004762953	-0.00046528468	-0.0003736019	0.0004997687	0.00074412604	0.0006556511	0.0003601421	0.00018210844	0.00034262918	-0.00015007365
chr17:7675994:-:chr17:7675994:C>G	-0.00045644154	-0.01601424	-0.031924	-0.0019818002	-0.0014137354	-0.0005561655	0.00048607046	-0.0025224253	-0.0020496845	0.0001894344	0.0015301704	-4.8745762e-05	-3.1124462e-05	-0.00026030975	-0.0017718618	0.00028107382	0.0002759153	0.00023343346	4.7792088e-05	0.0005072247	0.00027746503	-2.9260461e-06	0.00016710976	-0.0005911047	-0.00090338965	-0.00073025445	0.00031182982	-2.1143393e-05	-2.9910694e-05	-0.00021102211	0.00011949106	0.00022541393	-0.000106291336	7.330288e-05	-0.00087256863	0.00023607774	0.0004697713	0.00019930709	-0.00063237274	1.005693e-05	-0.029834487	-0.007914023	-5.2842228e-05	8.127906e-06	-1.2224371e-05	0.00021689589	-0.0024992337	-0.00049701607	-0.00039703195	0.0001950264	-0.0021838709	-4.1549854e-05	-0.0007699836	3.4679067e-06	0.00014875153	-0.00019186194	-0.0011331602	-0.00046521967	-0.004427856	-5.3037296e-05	-3.012744e-05	-0.00043777985	0.00022766808	-0.00018639998	-0.00047718396	-0.0006760684	0.000986186	0.0003045689	-0.00084950705	-3.8883903e-05	-2.4752184e-05	-0.000552275	-0.00022558733	-0.00020933151	0.00015661934	0.0006738359	0.0002953356	0.00023421374	1.8217346e-05	0.00015618584	-0.00014617226
chr17:7675994:-:chr17:7675994:C>T	-0.00083121384	-0.016134333	-0.032103345	-0.0023528663	-0.0017340508	-0.00088238716	-7.347627e-05	-0.002925461	-0.0022813191	-0.0002912608	0.0006258704	-0.00051574275	-0.00020113858	-0.0008050962	-0.0020646723	0.0018012307	0.0010274107	6.15445e-05	2.5575811e-05	-0.00015787645	-1.11731615e-05	-1.408837e-05	0.00016383691	-0.0016754324	-0.0022540526	-0.00096993014	-0.00013594194	-0.00028432498	-0.00035537372	-0.0003092289	-0.0003348047	-0.00026436287	-0.0005741986	-0.00036974388	-0.0013630823	-0.00020833449	-0.00013622371	-8.326227e-05	-0.0012331442	-0.00043572078	-0.030213876	-0.008019122	-0.0005279021	-0.00047005306	-0.00023412704	-0.00012263385	-0.0030686639	-0.0007613572	-0.0015104468	-0.002743526	-0.002831134	-0.00044963576	-0.0012804811	-0.00034956497	-0.00025302713	-0.0005234805	-0.0014023348	-0.0011392615	-0.004617496	-0.0005495982	-0.00041946498	-0.0008145896	-0.00084586575	-0.0006158352	-0.0012425076	-0.00096745923	-0.00034689903	-0.00022591244	-0.0015775941	-0.00033408945	-0.00042606483	-0.000907627	-0.0008666732	-0.0006118579	-0.00029056723	8.836659e-05	-0.00015514548	-0.00022543561	-0.00020687147	-0.00014167483	-0.00067864766
chr17:7675994:-:chr17:7675994:C>A	-0.0005937273	-0.015928475	-0.031676237	-0.0020937487	-0.0015358492	-0.00063467026	2.3495068e-05	-0.0026138045	-0.0020849595	-8.875674e-05	0.00080013275	-0.00024988435	-0.00012939627	-0.00052480266	-0.0018823906	-3.916567e-05	-8.682771e-05	0.00023307583	2.6919624e-05	4.2557716e-05	0.00014747273	7.950176e-05	0.00017101114	0.00031679327	-0.00031384555	-0.0006889863	5.422939e-05	-0.00013691728	-0.00014266101	-0.00022012537	2.1024184e-06	4.215674e-05	-0.00029967047	-0.00018319217	-0.0009551482	3.4050507e-05	0.0002733794	8.171255e-05	-0.0010051077	-0.00025742705	-0.029388385	-0.0077150953	-0.00022354993	-0.000239589	4.5386227e-05	6.177209e-05	-0.0029113076	-0.0005824132	-0.0008826256	-0.0017602011	-0.0025511654	-0.00018960779	-0.0009915612	-0.00017362292	-1.0317022e-05	-0.00028326295	-0.0012298389	-0.0009346442	-0.0043794676	-0.00027637047	-0.0001959584	-0.0005344911	-0.0005718795	-0.00038502432	-0.0010886192	-0.0009827397	-0.00021949681	-0.00017127124	-0.0013987802	-9.109757e-05	-0.00011824478	-0.0006879568	-0.00069033017	-0.00044269997	-0.00012904947	0.000118494034	-3.7171623e-05	-0.00013932315	-9.5627525e-05	-4.0151856e-05	-0.00043272972
chr17:7675995:-:chr17:7675995:G>A	-0.00021405653	-0.015361737	-0.030077577	-0.0016970418	-0.0012458455	-0.000427051	-2.488223e-05	-0.0018447962	-0.0016288974	7.6337295e-05	0.00038745187	0.0002543276	6.669218e-05	-6.833943e-05	-0.0016081766	0.00046092813	0.00026919626	0.0001705343	2.5380741e-05	4.3348834e-07	6.747246e-05	0.00012779236	0.00018064542	0.0016248877	0.00017183478	0.00018878416	8.546223e-05	4.0086834e-05	7.512353e-05	-8.331646e-05	0.0003219301	0.00021522696	0.00021210584	0.00013238733	0.00045609474	0.0001576597	0.00064223463	1.0826371e-05	-0.0007661039	-1.703609e-05	-0.02639389	-0.0069458266	4.334883e-05	-0.000118342316	0.00052751193	0.00011277199	0.008795998	0.0010831356	-0.00045889075	-0.0013158972	-0.0017038692	0.0002716021	-0.0005507469	-8.6307526e-05	0.000112360176	-0.00018180501	-0.00096341694	-0.0007200891	-0.003999667	0.0004210689	7.8244644e-05	0.00017456575	-0.0011041815	-0.00048346954	-0.001264052	-0.0007973151	9.254976e-05	-5.691702e-05	-0.0021030686	0.0002800768	0.0021731528	-0.000523112	-0.00044406543	-0.00012839925	-5.037134e-05	1.9398603e-05	6.5500084e-05	-0.00013316762	-2.3299997e-05	-6.242232e-05	-2.2844835e-05
chr17:7676273:-:chr17:7676273:C>T	-0.00034258582	-0.00012519142	0.00015267459	-0.0004223477	-0.00043158096	-0.00022710454	-0.0005828684	-1.3871627e-05	0.00019220872	-8.3056366e-05	-0.0014709993	-0.00011043115	-0.0003175302	-0.00030782007	-0.0004680807	-0.0005421855	-0.0005852092	-8.8821755e-05	-0.00029412183	-6.9574875e-05	-0.00015640259	-0.00013175877	-0.00011946938	-0.0005365285	-0.0003540299	-0.00028302454	-0.0008022135	-0.00034262918	-0.00025801224	3.225153e-05	-0.00018698518	-8.9970505e-05	-0.00063935196	-0.00059045444	-5.162846e-05	-0.00041147796	-0.00032561476	-9.18345e-05	-0.00086715	-0.0002859072	-8.617748e-05	0.0007298209	-0.00030517578	-0.0004483353	2.379851e-05	-0.00047826767	-8.4833664e-05	-0.00019272891	-0.00022805821	-0.00023820183	-0.00026910956	-4.560297e-05	8.583069e-06	-0.00052603806	-0.0003348047	1.7859718e-05	-5.139004e-05	2.845851e-05	2.9563904e-05	-0.00048880145	-0.00042464517	-0.0001856197	-0.0013526895	-0.00092065334	-0.00061091507	-0.0003508221	-0.0006942749	-0.0006724704	-0.000976129	-0.00011049618	-0.00023690137	-0.00012545152	-0.00041131538	-2.8556044e-05	-0.0008100163	-0.0015074123	-0.00087720697	-0.002387307	-0.0006512729	-0.0013363578	-0.0005438978
chr17:7676381:-:chr17:7676381:C>T	0.00068348105	-0.0018338724	-0.0019250349	0.0003374273	0.0006910671	0.00032203848	0.001073794	9.8922035e-05	9.697134e-05	0.00046448273	0.0011149537	0.00086717174	0.0015967109	0.00074830925	-8.062883e-05	0.0010659911	0.0008511977	0.00051550433	0.0010997382	0.00027630545	0.00041407347	0.00070779974	0.00089558685	0.0009945739	0.0019027536	0.00035500526	0.00096512923	0.000674898	0.0010394399	0.001337745	0.0009394559	0.0012656342	0.0011153438	0.0011777445	0.0004332499	0.0006350333	0.0011102612	0.00068472733	0.0011880181	0.0012395165	-0.008722955	-0.0030101428	0.00077752635	0.0003310117	0.0009822629	0.0007413842	0.0011604265	0.00064110756	0.00050319324	0.00039705363	0.00048372961	0.00065586786	0.00052445586	0.0009578141	0.0006989566	0.0004086061	-0.0002734011	0.0007717935	-3.420223e-05	0.0005912889	0.0006179484	0.0006070787	8.107857e-05	0.0006665425	0.0009557334	0.000660051	0.00056124816	0.0007102598	0.0013596795	0.0006215789	0.00044764715	0.0024217693	0.0007016659	0.002077016	0.0007552125	0.0017243515	0.0009956143	0.0007696152	0.00072938745	0.0007494146	0.001106609
chr17:7676381:-:chr17:7676381:C>A	0.0005848191	-0.0019826023	-0.0018960779	9.1921196e-05	0.00049192255	0.00020690398	0.00073786214	0.00039417093	0.0003066713	0.0007118312	0.00018852408	0.0010337179	0.0015479868	0.0005405816	-6.68439e-05	0.0013605031	0.0009870962	0.0010315721	0.00068280916	0.0003911907	0.0004998175	0.00087308884	0.0011349157	0.00054257567	0.00242346	0.00025101143	0.0007041259	0.0004985116	0.0008951751	0.0022087097	0.0006425597	0.0012469942	0.0006555861	0.0007898591	0.00063950365	0.00023683092	0.00082793017	0.0006339658	0.0003157529	0.0010150563	-0.008083213	-0.0027325153	0.0004373247	0.00013921478	0.0007762909	0.0004388961	0.001669927	0.00055748766	0.0004346804	0.00049003685	0.00060027296	0.00087428093	0.00081875105	0.0007714575	0.00058742	0.00046183847	-0.0003191341	0.00062873145	-1.447851e-05	0.00052058697	0.00040579925	0.0006216981	-0.0010341677	-0.000118949196	0.00017946417	0.00010167469	4.9092555e-06	0.00011354143	0.00029893356	0.0005997311	0.00031014465	0.006247347	0.0008603226	0.003438256	0.00015658682	0.0011008219	0.00078998914	0.00091227615	0.0008990548	0.0010006211	0.0006995201
chr17:7676404:-:chr17:7676404:C>A	0.00045772034	-0.0016778599	-0.0009988005	-0.00048307938	-8.075887e-05	0.00066154654	0.0003334392	-0.00024795532	-0.00025926938	0.0009506399	0.00040255894	0.00081608514	0.00061468646	0.0006475015	-0.0009720542	0.000101241196	0.00015692278	0.0007025762	0.0002743114	0.00022039631	0.0012179721	0.0006585988	0.0012845126	0.00044095516	0.00030155617	0.0007772012	0.0008413575	0.0017453973	0.00091535394	0.0016169548	0.0008196397	0.0017407157	0.0005448081	0.0011034879	0.00088683044	0.00050223956	0.000962084	0.0019150648	8.257953e-05	0.00015748631	-0.0005264499	0.00016099756	0.0009873997	0.0013702567	0.00089211896	0.0018957312	0.00018831817	0.0007162961	0.00040695883	0.0006217523	1.0620464e-05	0.0006344102	0.00045412238	0.0004007166	0.0009026961	-2.345172e-05	0.0003903779	-0.00011103262	-0.000364542	0.0011441491	0.0007490678	5.6266785e-05	0.00026343085	0.0033772208	7.41265e-05	0.0008000027	0.00013893301	0.00068677554	0.00034232574	0.0006959222	0.0008243648	0.0053382786	0.0003620278	0.0033366464	0.0008015199	0.00047805093	0.00017532436	-0.0001821518	-0.00025493448	-0.00011275031	0.00096052344
chr17:7676405:-:chr17:7676405:T>C	-2.6876276e-06	-0.0017968524	-0.0012597387	-0.00061581354	-0.0009888735	-5.002455e-05	0.0002012903	-0.00042891502	-0.0007792603	0.00012729385	0.00061366777	4.057451e-05	-0.00010052594	7.590381e-05	-0.0015733459	-8.738041e-05	-0.00020402129	0.00054661796	0.0001875704	0.00016447631	0.0001313903	-0.00017935579	-5.065311e-05	0.0005535863	0.00039501625	0.0004644394	0.00043934042	-0.00014140389	-0.000104253944	0.00013256073	0.00023625114	-7.4126506e-06	0.00020113858	0.00026004965	0.00030790677	4.2785297e-05	-3.8016926e-05	0.00034592368	0.00015679272	-9.0859154e-05	-0.00014703925	-0.00019558994	0.00024409727	3.0040741e-05	0.00013711235	0.0005534779	0.00016449798	0.00012562492	0.0002967661	0.00045321204	5.6093388e-05	0.00046691028	0.00010516427	6.719069e-06	0.0003158396	-0.00040763075	-5.9485435e-05	-8.566271e-05	-0.0006170923	0.0005359216	7.1525574e-05	-0.000503475	0.00066501444	0.0014650171	0.00036506218	0.0009843652	0.00062493846	0.00035944852	0.00070348656	0.00027106024	0.00010251999	0.00212574	0.0014409802	0.0007496314	0.00062162225	0.00029214946	8.453022e-06	-0.0004400123	-0.0005554611	-0.00048704582	0.00013769757
chr17:12141146:+:chr17:12141146:G>C	0.0012080453	-0.00029893356	-0.0005712943	-0.0003578446	0.00026633524	0.0017672885	0.0015202869	0.00073177164	0.0015007799	0.0013057753	0.00058374624	0.000646602	0.00045022098	0.0016681497	-0.0026290633	0.00025860828	0.00039230695	0.0040811407	0.0018027045	0.0003913641	0.0011126779	0.0006124757	0.0014226545	0.00017967007	0.00031178648	0.0015656732	0.0012990778	0.0013406927	0.0011371049	0.0015211105	0.0008836009	0.0014970519	0.0012544502	0.0017373345	0.0010822252	0.0006159544	0.001448913	0.00058208813	-2.8891996e-05	0.0005308606	-0.00023919885	0.0020219847	0.0011048317	0.0024155704	0.0015833703	0.001470349	0.0004937378	0.0010569096	0.0010946664	0.0014696989	0.00075047667	0.00081600924	0.0011698767	0.0014191974	0.0013499476	0.0015514113	0.0018906377	0.0013422207	0.00081682205	0.00038532776	0.001577529	0.00034579364	0.0007236112	0.0013609149	0.00031191652	0.000556664	0.0006277778	0.0006000779	0.00048309023	0.001001358	0.00044860624	0.0034647314	0.003311504	0.0024690737	0.0014095306	0.0007390326	0.0014795824	-0.0005272952	0.0014586016	0.0015613382	0.00096611545
chr17:16091861:-:chr17:16091861:A>G	0.000108285385	-0.011535753	-0.03321496	-0.0014064529	-0.0013483654	-0.0006230094	0.00010371208	-0.0012477095	-0.0026721954	0.00021004677	7.614223e-05	0.00027493996	0.0004218058	-0.00036579912	-0.004189101	0.00096780603	0.0013195385	-4.6188183e-05	0.00020998175	0.0002903505	5.2820553e-05	-1.703609e-05	0.00031826712	0.00034312767	0.000118255615	0.00041346115	0.00037293	-0.00061871787	-9.486892e-05	-0.0005876151	8.786808e-05	-7.475506e-05	0.00048656898	0.00029177015	0.00012471458	0.00034165382	-7.2630966e-05	-0.000106334686	-3.842874e-05	0.0005013076	-0.014955651	-0.0073422086	0.00028360973	0.0003205863	-8.019534e-05	-0.00018765709	0.0002086596	0.00050826505	6.385283e-05	-0.00059799716	-0.0011072159	0.001076655	-0.0020054905	0.00016897375	7.807125e-05	5.570325e-06	-0.0005013726	-0.00019448454	-0.0052421526	0.00017937747	6.552176e-05	-0.00031169978	5.8911064e-05	0.00018323009	0.00021660328	0.00017465245	0.0004255013	0.0004007383	0.0002117428	0.00018895757	0.00023518909	-0.0017316558	0.00020764091	-0.00088722055	0.00035604564	0.0004765879	0.00031862475	7.491762e-05	9.927966e-05	2.7959998e-06	3.8948925e-05
chr17:31206372:+:chr17:31206372:G>T	-0.00041703743	-0.0021706494	-0.0131832035	-0.00013005733	-7.029013e-05	-0.00023029068	-0.00015291842	-0.0005189072	-0.0003973679	6.6936016e-05	-0.00016944516	6.818771e-05	5.9788876e-05	-0.00019147179	-0.0006231828	1.7794695e-05	-7.320534e-06	4.4849785e-05	-0.00016702306	-0.00013303757	7.342209e-05	0.00020551682	0.00025351482	-0.00014681165	-0.00011697682	4.4893135e-05	-0.00012503429	0.00010953166	3.380667e-05	6.474148e-05	-0.00014343044	-4.24656e-05	0.00010961294	6.415085e-05	1.9376928e-05	5.608797e-05	-8.648092e-06	-8.3002175e-05	9.939345e-05	0.0003861839	-0.004676212	-0.0008814335	-0.0001416423	-0.00014349005	7.0550224e-05	9.339506e-05	-0.0001682314	-1.4066696e-05	4.546209e-06	9.8835335e-06	-6.0428272e-05	0.00087126816	1.1292371e-05	-7.949092e-05	-4.0178948e-05	0.00014540824	-0.00024168058	-3.3134766e-05	-0.0010829839	8.038499e-05	9.36389e-05	0.00013251197	-0.00015315684	0.00021335753	-0.00013861331	3.6965717e-05	-0.00017219782	0.00024491007	-5.0636856e-05	-5.096197e-05	1.6255813e-06	-1.0978092e-05	-8.171255e-05	8.2146034e-05	-3.338944e-05	9.693883e-06	-4.557046e-05	1.9512394e-05	1.04904175e-05	6.4752317e-06	0.00016309456
chr17:31219119:+:chr17:31219119:G>A	-0.0019235936	-0.016627485	-0.029751085	-0.004489075	-0.0033329183	-0.0020599149	-0.0014996204	-0.0034555956	-0.0031795935	-0.00024325197	-0.0019642168	-0.000453082	6.102432e-05	-0.0020891102	-0.008418993	0.0008850856	0.0008243756	7.2771854e-06	-3.901395e-07	-0.0017236146	-0.00038456917	-9.528073e-05	0.00036816162	-0.0012608767	-0.0022766374	-0.0004110228	-0.0010364272	5.9962273e-05	-0.00018004938	-0.00018735365	-0.001147281	-0.0010634661	-0.00016149608	-0.0010140375	-0.00027323852	-0.0012282458	-0.0006174933	-0.0013365746	-0.00033382935	-0.0004954609	-0.024098916	-0.012388121	-0.0013096116	-0.00059742277	0.00010009245	-0.00064678624	-0.0021052794	-0.0004032417	-0.0009423169	-0.0026670585	-0.0016113195	0.00036239624	-0.0034728483	-0.00029466368	-0.0008509701	-0.00090813637	-0.0026147256	-0.0011028702	-0.008907816	-0.00040631945	-0.0006906228	-0.00032496452	-0.0016260851	-0.0006011345	-0.0010197379	0.0007032048	-0.00064041396	0.0005015243	-0.0008372827	-0.0004567233	-0.00045526028	-0.0006795688	-0.00017597458	-0.0004110228	-0.0013534914	-0.0005616383	-0.00068838487	-0.0003216375	-0.00018136068	-0.00021463091	-0.00059680507
chr17:31258504:+:chr17:31258504:T>C	-0.00048426064	-0.0018327181	-0.012130109	-0.000549441	-0.00042083047	-0.00039170546	-0.0005418279	-0.0007138036	-0.0007051121	-0.00023919344	-0.00083475764	-0.00023469058	-0.0005937815	-0.00020725076	-0.00068934396	-0.000120168384	-9.274483e-05	-2.6410276e-05	-0.00023132021	-0.00035686928	-0.00017294017	-5.7849018e-05	-5.730174e-05	-0.0002997355	-0.00024496426	-0.00031029637	-0.00026119297	-0.00011537834	-7.838553e-05	-2.992695e-05	-0.0002499331	-0.00016257438	-0.0004526431	-0.0004319657	-0.00020694191	-0.00054300914	-0.0002592748	-0.00031430612	-0.00048239666	-0.00043079528	-0.0027563898	-0.00059814885	-0.00020300258	-0.00021136891	-2.9173765e-05	-8.4958294e-05	-0.0003219355	-0.00019266388	-0.00041573698	-0.0003518083	-0.00037268075	0.0002580231	-0.00026726723	-0.00027784976	-0.00023480979	-9.7215176e-05	-0.00017057765	-6.0287388e-05	-0.0004592267	-0.00017198107	-0.0003246719	-5.050139e-06	-0.0008543459	-0.000544586	-0.00027572567	-0.00019701502	-0.0003517487	-0.00025783887	-0.00053339655	-0.00015757843	-0.000108166176	-0.00012993813	-0.00016015227	-4.5039436e-05	-0.00039248576	-0.00060554524	-0.00012393431	-2.7878717e-05	-3.3400276e-05	-2.3435463e-05	-0.00020406464
chr17:31343007:+:chr17:31343007:A>G	0.0010059531	-0.0057826475	-0.0015653264	-0.002560529	-0.0029732098	0.00034575028	0.0031331668	0.00013386119	-0.0013888966	0.00025133652	0.005702756	0.0006732074	0.00095488806	0.00037405707	-0.004096378	0.0009274049	0.00061928143	0.0023973638	0.0007122213	0.0017553676	-0.0011313178	8.769469e-05	-0.00046617334	0.004267953	0.0032299215	0.0005577261	0.0016824548	-0.00036434692	-0.00030452554	-0.00025049123	0.00026260724	-3.8363716e-05	0.0026205236	0.00054420123	0.00042438507	0.0022640228	0.00043678284	0.0004235181	0.00402676	0.004811634	-0.0005396496	-0.0006668784	0.00088934466	0.0007130016	-0.00012254715	0.0007544864	0.0021838276	0.00064034894	0.002050053	0.0035765388	0.0015237982	0.00038188155	-0.0004933097	0.000192989	0.0005825216	-0.0013661385	-0.00018301877	-0.00016301329	-0.0038316033	0.00012354417	0.00016559254	-0.0048897485	0.010797284	0.0035562299	0.010308873	0.0039629503	0.0074527045	0.00352374	0.008690747	-8.6350876e-05	0.0004894083	0.00095358765	0.0014932915	0.00016923384	0.0063297967	0.0072996835	-0.0041496973	-0.008169955	-0.0060046804	-0.010587823	0.0020760624
chr17:31343008:+:chr17:31343008:G>A	0.000114137474	0.0018841136	-0.00023293495	0.0018763975	0.0024587458	0.0021921506	0.00042525204	0.0015761202	0.0013601996	0.0027923584	-0.0011914427	0.0027253411	0.0018603585	0.0007563721	0.00059548294	-0.0010433197	-0.00010369041	0.00027769263	0.0011494376	-0.00013238733	0.0022422185	0.00022879514	0.0017890497	-6.792762e-05	0.000107418404	0.003386671	0.0010585785	0.0033111463	0.0010493885	0.0004015023	0.0016137037	0.0011780479	0.004974192	0.0017261505	0.0025349965	0.00081877277	0.001623934	0.001997601	0.003058	0.003145825	-0.00079614465	0.0010422576	0.0017681122	0.0028856883	0.0012245395	0.0014696772	-0.00038337708	0.0008942431	0.003083229	0.003435915	0.0014995228	0.00045746024	0.0027326671	0.001645305	0.0025402417	0.0025451833	0.0016972151	-0.0010489334	0.0011936101	0.00095627527	0.0032209049	0.00095688214	0.0022559166	0.0031174964	0.00023833188	0.002795653	0.00047354263	0.004291361	0.0009475188	0.0019057014	0.0011752736	0.0005456101	-0.00064549665	0.001464161	0.0040728827	0.001945669	-0.0029901157	-0.008085684	-0.0030286529	-0.0065439832	0.0017069037
chr17:31352415:+:chr17:31352415:G>A	-0.00044161623	-0.00082115695	-0.0031321265	-0.0005469593	-0.00060449407	-0.0005680052	-0.0002674623	-0.0005116842	-0.0007796017	-0.0005217953	-0.00019440868	-0.0002099113	-0.0003437129	-0.0003080585	-0.0022670573	-0.00033164566	-0.00047686967	-0.00010367957	-0.00037014484	-0.00030077586	-0.00057224254	-0.0001229698	-0.0003566796	-0.00015428392	-0.00020062923	-0.00036264549	-0.00024685534	-0.00095910917	-0.0001245683	-0.00028439003	-0.00033259933	-0.00028087877	-0.0005811399	-0.00057979603	-0.00050634146	-0.0006320693	-0.0005523888	-0.0003878041	-0.00041299517	-0.00017618049	-0.0036575685	-0.00082860753	-0.00043122334	-0.00067270343	-0.00026030975	-0.00057275186	-0.00018610196	-0.00049404125	-0.0007363341	-0.0017097268	-0.00091218407	-0.00045167317	-0.0006957596	-0.0003110333	-0.00029369377	-0.00026342543	-0.0002877008	-3.9382416e-05	-0.00030042368	-0.00028577176	-0.0004585548	-0.00025239316	-0.00015161255	-0.0006741448	-6.8599526e-05	-0.0003592101	-0.0002469583	-0.00048445028	-0.00017541647	-0.00022072684	-0.00066088006	-0.0010877848	-0.0006256808	-0.00047184664	-0.00040476973	-0.0002938238	-0.00011171536	-5.3470783e-05	-6.186962e-05	-3.3606182e-05	-0.00046252122
chr17:39463119:+:chr17:39463119:T>C	-0.0006444129	-0.0064900247	-0.009370511	-0.00065745006	-0.0007123947	-0.0007145513	-6.2286854e-05	-0.0011832931	-0.0009192174	-3.7713485e-06	-5.4727902e-06	-8.31539e-05	0.00011814724	-0.0005842881	-0.002403514	-6.7678366e-06	-1.6250393e-05	4.145232e-06	-1.4662743e-05	4.8659062e-06	1.6878952e-05	-7.070194e-05	-6.67572e-05	-3.99893e-05	-3.296137e-05	-5.7475132e-05	-2.293695e-05	-8.771636e-05	-0.00017840754	-0.00027660347	-0.00030476396	-0.00028228218	1.9181858e-05	-0.00017670068	1.4586883e-05	-0.00018687682	-7.904659e-05	-5.0739807e-05	-0.00020341981	-4.7754158e-05	-0.0060293456	-0.002493116	-0.00034233116	-0.00010451404	-1.3037162e-05	3.4733253e-05	-3.0766834e-05	-4.9482693e-05	-0.00027952951	-0.00047092547	-0.00011728569	0.0002960075	-0.00034418973	-6.160953e-05	-0.00011160157	-0.0009335009	-0.0009281852	-0.00018644874	-0.004166879	5.68249e-05	-3.457611e-05	-0.0001125715	-6.77759e-05	7.349795e-05	-4.8296017e-05	-4.725023e-06	-2.9596415e-05	-5.7095833e-05	-3.9604576e-05	-0.00013413212	-5.8721413e-05	-2.9065392e-05	0.00012769482	-8.692525e-05	-3.422932e-05	-8.886511e-06	-2.9601833e-05	-5.492839e-05	-3.571402e-05	-5.601753e-05	6.801432e-05
chr17:40631694:-:chr17:40631694:C>T	-6.528334e-05	-0.0002633008	-0.0008563562	-0.0013681758	-0.00096433813	0.0001151345	0.0001842759	0.00060042465	-0.00037819688	0.00030391867	0.00013702567	0.00063597073	-0.000572378	0.00021626732	-0.002262809	-0.00018076463	-0.00019030138	0.00012391806	-0.00018583644	8.119236e-05	4.991618e-05	0.00023945895	0.0002285784	0.00022775476	-0.00011734529	0.00027916647	-6.940148e-05	0.00026874107	0.00035678258	9.33788e-05	0.00021227924	6.6973946e-05	0.00033486972	-0.00018158826	0.00023438713	0.0009839751	0.00016121431	0.0002648397	0.0013967428	0.001871109	-0.00090464676	-2.9260462e-05	-2.379851e-05	0.00021145561	0.00016339259	7.127632e-05	0.0003442331	-0.00018744035	0.0013452009	0.0068989666	0.0005141605	0.00023284825	0.00038593466	7.5860457e-06	9.606101e-05	-0.00045550952	0.00011203506	-0.0003026182	-0.0016327337	-3.498251e-05	0.00022727792	-0.0014223619	0.0011503046	0.00076749106	0.0014427359	0.0007337657	0.0011545095	0.0029931935	0.0014929771	0.00015883012	-6.242232e-05	8.173422e-05	1.6732649e-05	0.00030052662	0.0016987107	0.0013870326	-0.00085457886	-0.002282316	-0.00077427516	-0.001959584	4.7380276e-05
chr17:43047705:-:chr17:43047705:T>C	1.42617655e-05	-0.00093711505	-0.0004387769	-0.00045559622	-0.0005609339	-8.856167e-05	-0.00011405078	-0.000121550125	-9.9658966e-05	6.0688366e-05	0.00095989485	8.929859e-06	-0.000104904175	-1.3264743e-05	-0.00034470993	-0.0004557046	-0.00031358545	-0.00014469841	-0.00021284277	-5.791404e-05	-5.2625484e-05	-2.5142323e-05	-1.51720915e-05	0.00021219254	0.00018457933	-8.149581e-06	-9.27665e-06	1.9983812e-05	-7.7811155e-06	3.33786e-06	-3.788688e-05	-0.00011188334	-6.0081482e-05	-0.00014062361	0.000276869	-7.2132454e-05	-0.00018596649	9.4933945e-05	-0.00043019382	-0.00012198361	-0.00016515906	-0.00012111664	-6.2248924e-05	-0.00018639998	4.5516276e-06	-0.00012033636	0.00056385994	6.4373016e-05	-0.00025003607	-0.00042585892	-0.00016533244	-8.106232e-06	0.00014790622	-0.000111493195	-6.5456734e-05	0.00019532983	-2.748316e-05	-0.00010158799	-0.00030942398	3.970753e-05	-6.172874e-05	-0.00024266676	0.00050809165	-7.3693013e-06	0.0009154407	0.0003306649	0.00041103363	-0.000104904175	0.0005885037	-1.7339534e-06	6.361441e-05	0.00011392073	0.0012269453	-3.799525e-05	7.386641e-05	-2.4535439e-05	-0.0005794872	-0.0010838942	-0.0011503913	-0.0012689504	-0.00056578894
chr17:43057051:-:chr17:43057051:C>T	0.00011695515	-0.008120016	-0.020505775	-0.0005077882	-0.00026620517	-0.001037771	0.0009447011	-0.0021401753	-0.0024321296	0.0015512164	0.0020965824	0.00082731247	0.0019246665	-0.0005346645	-0.0020726377	0.0008218614	0.0008936362	0.00034672022	0.0016748254	0.0017511194	0.0005948869	0.00013596361	0.0003890016	0.00078574097	0.0006900484	0.000939716	0.0013444207	0.000478246	0.0005008958	2.2996555e-05	0.000172485	-3.1037765e-05	0.0019057773	0.0028963198	0.0008151531	0.001066468	0.0015653697	0.0014714327	0.0022734513	0.0021241254	-0.016406147	-0.0056611407	2.8523531e-05	0.0009215745	0.00050447206	0.0010640838	0.00039698862	0.00030983577	0.0009522438	-0.00019992482	0.0011426752	0.0011986602	-0.0005811778	0.0006960305	0.0005495765	0.0006248301	-0.0007385341	7.9057434e-05	-0.007605769	0.0010577332	0.0007385232	0.0002989769	0.0013503649	0.00061922724	0.0014174418	0.00086512347	0.0018277819	0.0019452464	0.0028446154	0.00043643604	0.0006521182	-4.2861157e-05	-0.00017553027	-0.00010642139	0.0023886182	0.0027270643	0.0009603067	0.0007583228	0.00025211682	0.0003170967	0.0011788823
chr17:43067609:-:chr17:43067609:T>G	0.00019535152	-0.0066071856	-0.016580278	-0.0011108138	-0.0009316098	6.0124832e-05	0.000101522965	-0.000482906	-0.00080975617	0.00021149895	0.0005058592	0.00015666267	0.00025211682	0.00013448975	-0.00022472035	-0.00029732965	-0.0001448718	3.9523296e-05	0.00025211682	0.00029312482	0.00048420645	-0.00040539828	-0.0005271218	0.00015115738	0.000119924545	-2.3234974e-05	0.00018555467	9.9658966e-05	0.00013789264	-0.00017985431	0.00020761923	0.0001031052	0.0004451925	8.35332e-05	0.00013074008	0.00063831155	0.00021698257	0.0007491112	-1.6472557e-06	0.0005549518	-0.008064791	-0.0045582163	0.00021626732	0.0001244545	-0.00013880296	0.00047822433	4.0737064e-05	0.00032650342	0.00013758919	-0.00028766284	-0.00026633524	-0.00014157729	3.504753e-05	-6.658381e-05	0.000204173	-7.3693013e-07	5.3145668e-05	-5.5963344e-05	-0.0005232421	0.00022433022	0.00022814491	-0.00017855385	0.0009980202	0.0013094816	0.0002322197	0.00068101013	0.00058152457	0.0007633729	0.00024091113	5.8564274e-05	0.0009333871	1.879172e-05	0.0012158914	8.9602036e-05	0.0002665953	0.00066119974	-3.8797207e-05	-0.00010002743	-0.00031952423	-0.00028241763	0.00032450937
chr17:49622068:-:chr17:49622068:C>A	-0.00055029173	0.00065179303	0.0002705184	0.00041259418	0.0006191514	0.00027036667	0.0005023263	0.00015050714	0.0006656647	0.00056552887	4.8030506e-05	4.3023715e-06	-0.0006447922	0.00027996843	4.7770412e-05	4.08346e-05	0.00013533505	0.00042469936	-0.00036391345	0.00024368546	0.00050696457	0.00055573205	0.0014010126	-8.008697e-05	8.53105e-05	0.0007626794	0.00016661124	0.0005208579	0.0004288717	0.00063575397	0.000106659805	0.00035621904	-2.6204369e-05	-0.00019600174	0.001079386	-0.00059417164	-0.000186931	0.000110192734	-7.846139e-05	-0.0007180734	0.0018475706	0.0018780882	-0.00011977283	0.0003834421	0.00091797655	0.00031431156	0.0001456304	-6.698479e-05	-1.3871627e-06	0.0008611679	0.00024463914	0.00020294297	0.0004321445	0.00026464462	0.00012660027	0.00088652695	0.0006047162	0.00019840761	0.0007702654	0.00020293756	0.0006088344	0.0011220411	-9.607185e-05	0.00059525535	1.968037e-05	0.00042176247	-0.00033020973	0.00021904166	0.00027504834	0.0005177151	-0.00034565275	0.0010934472	0.00022727792	0.0005870678	0.00062235916	-0.00010659478	0.00027543848	-0.00091492047	-7.724762e-05	-0.00016663292	0.00010325692
chr17:49622068:-:chr17:49622068:C>G	-0.00057079573	-0.00011730194	-1.300465e-05	-0.00024760852	-1.5042045e-05	-0.00014214082	0.00041068683	-0.00010382046	7.3693016e-05	0.00013585524	0.00045234506	-0.00032540885	-0.0007776564	-6.222725e-05	-0.00071048737	-0.00020031496	-0.00014240091	0.0002846176	-0.00035689093	0.00010373376	-0.00017261505	0.0006237897	0.001136368	-0.00019935044	1.7838045e-05	4.2178413e-05	6.140362e-05	-7.872148e-05	4.6448273e-05	0.0002628673	-0.00018098137	-5.693869e-05	-0.0004934181	-0.00054946815	0.0002263676	-0.0005777858	-0.0003950921	-4.2958694e-05	0.0005231337	-0.0006182844	0.0017091144	0.0009329969	-0.00041896646	1.6104092e-05	0.00024058601	3.4408135e-05	0.000118537384	-0.00018701771	-9.718808e-05	0.00061832776	0.00021819635	0.00011454387	-1.8228184e-05	-6.2942505e-05	-0.00020996007	0.00027626212	-1.1227347e-05	4.2763622e-05	-0.00014188072	-0.0001958717	4.859404e-05	-8.2969666e-05	0.00049893424	0.0006692084	0.00024101952	0.00026627022	0.00062121043	0.00088687375	0.0004927462	1.6559254e-05	-0.0004752441	0.0007554997	0.002586408	0.00026789037	0.0008203767	0.00046101483	-5.7653946e-05	-0.0011023608	-0.00050674786	-0.0006509261	-0.00032784723
chr17:58370909:-:chr17:58370909:A>G	-0.0015619885	-0.016740235	-0.025515838	-0.0019375627	-0.0021212318	-0.0014719963	-0.0002366196	-0.0021465474	-0.0019702478	-0.00016032565	0.00025888465	-0.00032567978	-0.00019624016	-0.002068823	-0.0019233227	-0.00018039616	-0.00025961615	6.247109e-05	-9.311329e-05	-9.817427e-05	-7.931753e-05	0.000101609665	0.00041959502	-6.431883e-05	-5.0479717e-05	-8.17559e-05	-0.00018386407	-0.0002461997	-0.00034503502	-0.00041530348	-0.0006040443	-0.0004933964	0.0002425584	-0.00028690425	2.7071346e-05	-0.0001995997	-0.0003231005	-0.00028369643	-0.00014232505	6.502325e-05	-0.016551755	-0.008835662	-0.00046899103	-0.00031603465	1.9376928e-05	0.0001103878	3.0647625e-05	-0.00038075447	-0.00091405347	-0.0016490329	-0.000449354	0.00042000684	-0.0005490238	-0.00030799347	-0.0002481504	-3.8211994e-05	-0.0019849213	-0.0001310056	-0.0024393364	-8.974292e-05	-0.000120119614	4.8225575e-05	0.00052206084	0.00040698593	0.0002551187	0.0004001097	0.00024049933	0.00037245316	0.00014197285	-0.00027032333	-8.673018e-05	-0.00037792596	0.00012384761	-0.0005384792	0.00011050701	0.00013564933	0.00012007626	7.66299e-05	-4.6448273e-05	-6.950985e-05	3.868883e-05
chr17:61857056:-:chr17:61857056:A>C	0.00057376514	0.00013718822	-0.0073625823	-1.6190788e-05	0.00010529973	-0.00029188936	-0.00025976246	-0.0009458932	-0.00012379343	3.3649532e-05	-0.00074659695	-0.00011783838	-7.602843e-05	-3.4771183e-05	-0.00023904713	-5.4223972e-05	-2.6453625e-05	6.1316925e-05	0.0001061342	-0.00019277768	-1.090765e-05	0.00037996334	0.00013003024	-5.625053e-05	-0.0001296401	4.476309e-05	-0.00022160466	-1.3839115e-05	1.2484464e-05	0.00022889268	-0.00021199205	-0.00010613962	0.000116380776	-0.00021508607	4.3175438e-05	0.0006049438	-0.00021473928	-9.641864e-05	0.0003557747	7.797371e-06	-0.00060550193	-0.0003207976	-0.00025568224	-1.5334649e-06	5.1693482e-06	5.2798878e-05	-0.00010475787	0.00012853471	-2.2091648e-05	8.11165e-05	-1.250072e-05	0.00030711023	-6.0260296e-05	-0.00013201887	-0.0002137802	6.36686e-06	-8.749962e-05	-0.00021364471	-0.00031504306	0.00028784166	-6.040118e-05	3.8472088e-05	-0.000494686	7.522106e-05	-6.83286e-05	0.000110691246	0.0001586784	0.00027505917	-0.00010888143	-0.00016833436	4.971569e-05	1.020865e-05	0.00048698622	-0.00013786554	-8.649176e-05	1.4814464e-05	-0.00014468757	-6.2704086e-05	-5.1492996e-05	-3.877011e-05	0.0001535795
chr17:75949215:-:chr17:75949215:A>C	-0.0012681268	-0.0014639876	-0.009475708	-0.0007732944	-0.0006740473	-0.00089429726	-0.0008101626	-0.00097279117	-0.00041162426	-0.0005134019	-0.0017877005	-0.00062190945	-0.0004569888	-0.00089223817	-0.0019573786	-0.00054169784	-0.0005256046	-8.09702e-05	-0.00057223166	-0.0006414706	-0.00081374426	-0.0002138723	-0.00025883588	-0.00042825396	-0.00063792145	-0.0006999753	-0.0007845109	-0.00015886263	-0.0003265305	0.0002896569	-0.0010054328	-0.00051603536	-0.0010291121	-0.0007244023	-0.00043369422	-0.0015476021	-0.0009012168	-0.00041954627	-0.0011163787	-0.0013358213	0.0002603585	-0.00022255833	-0.001227238	-0.0010481422	-0.00032663345	-0.0009112304	-0.00037723238	-0.00052777206	-0.0009078654	-0.00056377327	-0.0010538046	0.0002837127	-0.00072050095	-0.00047452885	-0.0008732568	-0.00019845096	-0.00081865897	-7.2869385e-05	-0.00097101927	3.512881e-05	-0.0007779598	-0.00024513222	-0.0022592435	-0.0010061209	-0.0008530021	-0.0006023266	-0.0017000653	-0.0012358915	-0.00094577944	-0.00043206324	-9.6678734e-05	-0.0006920045	-0.00036253172	-0.00032890926	-0.0013262413	-0.001362107	-0.0006165179	-0.0003216104	-0.00020332228	-0.00025958364	-0.0006156184
chr17:80112102:+:chr17:80112102:T>G	-0.00014270436	-0.017917264	-0.024829626	-0.0013777342	-0.0012928572	-0.001064669	-0.00049066544	-0.0014457919	-0.0012195543	0.0007557002	0.0006204735	2.1370974e-05	2.6464462e-05	-0.0020743066	-0.0009549314	0.00035628406	0.00039718367	0.00044679642	-0.0005008958	0.0012320172	0.0005806793	0.00020334938	0.00010525097	0.00019294565	-5.6310135e-05	0.00028020685	0.00029451196	-6.160953e-05	-0.0006010316	-0.00015861337	-0.0008572232	-0.0005138787	0.00032171336	-0.000543616	0.0005296469	-0.00037938898	-0.00053635513	0.00060020795	-0.0008952834	0.00017426231	-0.013165995	-0.0057268795	-0.00030775505	-0.00017599626	0.0005782301	0.00015245784	0.0007546815	0.00016221133	-0.00030320341	-0.00079061766	-0.0003310984	0.000527176	0.00015174258	-3.4570694e-05	-0.00020265579	0.00029704787	-0.0013823293	0.000247912	-0.0018687573	0.00010670315	0.00040966814	0.00032019615	0.00062270596	0.00022860007	0.00045390564	0.0004289367	0.00045915085	0.00013832613	0.00019450621	-0.0003541383	-2.3061579e-05	0.0002785054	0.0005073114	-0.00032580981	0.00031924248	0.00033460965	0.0003770915	1.04904175e-05	0.00032522462	0.00012501804	-0.00024810704
chr17:82889670:+:chr17:82889670:C>T	0.0001409704	0.0005713376	0.00019056146	0.00053145667	0.0007298209	0.00020833449	-0.00036152927	0.00026091663	0.00017361208	-1.9550323e-05	-0.0014803626	8.9883804e-05	-1.1183999e-05	5.9127808e-05	4.673004e-05	-2.9758974e-05	-9.055571e-05	8.541888e-05	-6.463311e-05	-0.00013091347	-3.675981e-05	-5.1801853e-06	6.708232e-06	0.00019506975	-3.4245577e-06	-1.7556276e-05	-0.0001951998	-3.2294881e-06	0.00014595552	4.3262135e-05	5.2495438e-05	7.9956924e-05	-5.3145668e-05	2.4275347e-05	1.4370138e-05	-0.00023776834	-6.153367e-05	-5.826083e-05	0.0019728055	0.0005569458	0.00043964386	0.00024149635	6.5456734e-05	-5.496632e-05	2.351674e-05	-0.00010477413	-1.8900091e-05	7.464669e-05	0.00027535178	0.0010824203	0.00021074036	1.3969161e-05	3.2815067e-05	-5.392595e-05	8.938529e-05	2.6637857e-05	6.67572e-05	-2.1609392e-05	4.8182228e-05	-1.08372085e-07	1.0707162e-05	8.8171524e-05	-0.0003192208	0.0011646531	-0.0001635118	0.0004012368	-1.0663813e-05	-5.895441e-05	-0.00033699383	7.78545e-05	0.00028874658	5.884604e-06	-0.00035537372	1.08697195e-05	0.0001078519	0.00015778975	4.048781e-05	0.00017339532	0.00080594147	0.0006474582	7.4820084e-05
chr18:51076777:+:chr18:51076777:G>C	-0.00026715343	-0.0016785644	-0.005256848	-0.000549777	-9.991906e-05	-0.00024196235	-0.00010184266	-0.00059400906	-0.00031334703	0.0001925501	-0.000450118	-0.00013013861	0.00045075742	-3.6944042e-05	-0.0010914044	-5.2452087e-05	-1.4738603e-06	4.257397e-05	0.00022995472	-0.00042686137	-0.00012157722	0.00022884933	0.00024007125	-0.0003064329	-9.8185104e-05	-1.688979e-05	-1.4023347e-05	-3.7393787e-05	-9.2278824e-05	0.00016021729	-0.0005387718	-5.0333412e-05	-0.00017563322	-0.00029179725	-5.803867e-05	-0.00033674997	-4.057451e-05	-0.0004875389	-0.0003558289	-0.0006210154	-0.005262505	-0.0017664216	-0.0005004894	-8.770553e-05	-3.691695e-05	-2.690337e-05	-0.00027752464	-3.7989834e-05	-0.00023005226	-0.00015605037	-0.00012826378	0.00072414224	-0.0005434426	-0.0001016205	-0.00016747821	-0.00038331747	-0.0002565438	-0.00023284284	-0.0017224225	0.00011183457	-0.0003494512	-6.519123e-05	-0.0005533912	0.00017100573	-0.00022684444	-9.2202965e-05	-0.0003397302	-0.00043187357	-0.0003157854	-0.00023538958	-0.0001550371	0.00025472857	0.000104042614	0.00014776533	-0.0004632798	-0.00021544912	-0.00021830472	9.0734524e-05	5.4240227e-05	0.00012249296	2.6226044e-06
chr18:51076778:+:chr18:51076778:T>C	0.00034931573	-0.001981085	-0.0031808072	-9.9203804e-05	0.00031128796	0.00011636452	0.00034851918	-0.00019698794	-0.00023441965	0.0008184693	0.00013185632	0.00017652729	0.0012590289	0.00046102566	-0.0005060326	0.0005163334	0.00074020843	0.000109667126	0.0009991255	0.0001733303	0.0006186366	0.00027356905	0.0004934398	6.106225e-05	0.00012634018	0.0004119331	0.00043822418	0.00029298934	-6.825815e-05	-0.00012984058	7.162853e-05	0.00022377209	0.0004947565	0.0004595139	0.0005306276	0.00035463137	0.00043207948	0.00035621904	0.00048772854	8.138743e-06	-0.0018842004	-0.0016492389	7.937171e-05	0.00072910025	7.9469246e-05	0.00058789685	8.5044994e-05	0.0006618716	0.00018804724	0.00035083294	0.000119637356	0.00024120374	1.6645952e-05	0.00039906937	0.00029694493	4.2460182e-05	6.4898624e-05	-0.0003429543	-0.0016703118	0.00061742286	0.00040718642	0.00014758651	1.8287788e-05	0.0012676716	-7.748604e-06	0.00026616183	0.00026180528	0.00029360707	0.00016542456	0.00016495856	0.00022572279	0.0002834851	0.00025915558	6.502867e-05	0.00022129579	0.00047770413	7.642941e-05	7.848848e-05	0.000102184036	5.3145668e-05	0.00028967857
chr19:1218416:+:chr19:1218416:G>T	-0.00023965402	-3.0604275e-05	-0.00026535988	-5.888939e-05	-1.5302137e-05	-4.564632e-05	5.01546e-05	-3.4397297e-05	-8.4270134e-05	0.00017841296	0.0002602393	-2.7374788e-05	-0.00032652507	2.5749207e-05	-0.00076896494	-6.411834e-05	-9.129264e-05	6.540255e-05	-0.00039052963	4.410202e-05	0.00014179404	-4.169074e-05	5.531311e-05	1.4099208e-05	3.9507042e-05	9.067492e-05	1.3264743e-05	-1.6515905e-05	0.0001977357	9.599599e-05	0.00017192146	2.1956184e-05	0.00050656364	-5.0750645e-05	0.00017648935	-0.00018405914	-3.8764694e-05	0.00027956747	0.00069029763	2.5088137e-05	-6.2097206e-05	0.00010810115	2.7970835e-05	0.0003250729	0.00016330589	0.00022928281	8.117069e-06	-7.510185e-05	1.1281533e-05	0.00031459332	0.00010410222	7.4337826e-05	2.5554136e-05	-0.00010947748	-3.2771717e-05	-6.293167e-05	2.360344e-05	-3.765388e-05	-0.000243317	0.00016843188	0.00021755695	-0.00011588226	0.00046691028	0.001479875	0.0001531731	0.00064373016	0.0004141981	0.0009791418	0.00021679293	7.347627e-05	0.00038051605	5.7345085e-05	-7.973476e-05	7.334622e-05	0.000579433	0.00025958364	-9.702553e-05	-0.00023870035	-0.00048123708	-0.00033703717	-9.2116267e-07
chr19:1221212:+:chr19:1221212:G>T	0.0013805736	0.0014946677	0.00062322617	0.0017145331	0.0020229167	0.0013300289	0.0016573126	0.0004967343	0.0006006848	0.0006875125	0.002061107	0.0012285926	0.0006413026	0.002179926	0.0014697855	0.00023464723	0.00051329355	0.0003667528	0.00064537744	0.00073879416	0.0029187636	0.001046094	0.0015886481	0.0019945665	0.0004757751	0.00211629	0.002300956	0.0029442527	0.0023899078	0.00084096735	0.0021634535	0.0015368029	0.00151036	0.002087333	0.0010635202	0.002450943	0.0026007565	0.0036529193	0.0012963902	0.0013627139	0.00063848495	0.00087326224	0.0019713314	0.00296506	0.0023297397	0.0036067963	0.0005230578	0.001364968	0.0011036613	0.001368696	0.0005847324	0.00072769687	0.0007864345	0.0012608008	0.0015944567	0.0009674159	0.0019011064	0.00010582534	0.00079107285	0.0016790737	0.0025072964	0.0012774034	0.001634511	0.0042142	0.0011604483	0.002391035	0.0012613643	0.002454411	0.0015669302	0.0015854402	0.004076524	0.0007250417	-2.3191626e-05	0.0015505444	0.002301823	0.0014541366	0.0014045889	0.001073924	0.00085180457	0.0010221655	0.0021103078
chr19:1221947:+:chr19:1221947:A>T	0.00027617541	-0.00031705337	-0.000287121	0.0004044446	0.00013958324	0.00018822063	-5.7870693e-06	7.7225945e-05	-2.2931532e-05	0.00019643524	0.00041066518	0.00021810965	6.181544e-05	0.00041805615	9.718808e-05	-1.6971067e-05	-3.48633e-05	0.00015216524	-0.00026785245	3.0566345e-05	1.20076265e-05	0.0003547235	0.00011032278	6.179376e-05	7.305362e-05	0.00023039905	2.7244741e-05	6.441637e-05	0.00030110098	0.00017525932	0.00048607046	0.0002040863	0.00060783734	0.00010343031	0.00032758713	0.00070329144	0.00017768686	0.00020345775	0.0012333177	0.0004935698	-0.00012777069	0.000109997665	0.0005885471	0.000358018	0.00063757465	0.00061511993	2.1609392e-05	0.00030092758	0.00024986267	0.00035164572	0.00020826947	0.00013320013	0.00018343059	-7.733432e-05	0.00012748892	-3.1687996e-05	0.00028332797	-3.9501625e-05	-7.98919e-05	0.00012493134	0.00035008517	5.305897e-05	0.0005489046	0.0015145649	0.0004999421	0.002164624	0.00060055475	0.001252998	0.00063575397	0.00017989766	0.00047276236	0.0001121055	-2.0254742e-05	9.84452e-05	0.00049369986	0.00027866798	-0.00027877634	-0.00052733853	-0.00081049313	-0.00070795143	0.00015542725
chr19:6366256:+:chr19:6366256:A>T	0.00094327057	0.00011587143	-0.00020098686	0.0007081032	0.0005529577	0.00046437437	0.00041476163	0.00016381523	7.276102e-05	0.00045722182	0.0016413168	0.000518257	-5.561655e-05	0.0007113977	0.00023720482	-0.00010752678	-4.887581e-06	0.00041048092	-2.7309765e-05	0.0005601319	0.0006677888	0.00027450648	0.00025623495	0.0006628903	0.0004089312	0.0004909689	0.0005931854	0.00041808866	0.00056412	0.00023983825	0.0008820621	0.00056934357	0.0011871078	0.0004895817	0.0007161444	0.00072756683	0.00040078163	0.0004068288	0.0012491833	0.0014221452	1.9463625e-05	0.00013327599	0.0010193911	0.0009460449	0.00059273024	0.0007013841	0.00039274042	0.0006719502	0.0009268197	0.0011192668	0.00038662823	0.0002699657	0.00075199385	0.00020616705	0.00050861185	0.000653527	0.00074555655	0.000378923	0.00040340424	0.0005315434	0.00082735583	0.0002979799	0.0017514229	0.0015927661	0.0015231479	0.0019195296	0.0025818131	0.002203291	0.0014225786	0.0005010258	0.00078504736	0.00018868664	9.4197014e-05	0.000264753	0.0013712536	0.0011623556	0.00038424405	-7.347627e-06	-5.336241e-05	-9.5670875e-05	0.00071889703
chr19:10486819:-:chr19:10486819:C>A	-0.0002360344	9.805506e-05	-0.00033400275	-0.00012484464	-4.265525e-05	2.2909859e-05	8.3294784e-05	-3.1514603e-05	-0.000233065	0.0001902797	6.191297e-05	3.555688e-05	-5.0512226e-05	-0.00022519719	-0.0010077737	9.1438946e-05	0.0001071258	7.207827e-05	-9.922548e-05	3.959916e-05	6.9011345e-05	-1.160665e-05	3.921444e-05	0.00022909859	0.00024724007	2.1425161e-05	-5.2083622e-05	-2.7808275e-05	-6.674095e-05	0.00023599104	-4.1517345e-05	-8.312139e-06	1.921437e-05	-0.00021467426	0.0004986633	-8.026578e-05	-6.663799e-05	0.00037155367	-0.0001685511	-3.143874e-05	-9.5627525e-05	0.00018525124	-9.743734e-05	5.585497e-05	6.700104e-05	3.311309e-05	0.00095740234	0.0006385716	5.134669e-05	0.00019555743	-2.1511858e-05	0.00012494759	4.560297e-05	-6.113269e-05	-3.7724323e-05	8.017367e-05	-0.00020690398	4.002181e-05	-0.00026130676	0.00022201105	0.00014036353	3.0690975e-05	-0.00020915811	0.00011832064	-4.356558e-05	0.00010351701	0.00023098425	0.00017103282	2.0092184e-05	5.834753e-05	0.0009893287	0.00017873266	0.000220017	0.00012667612	0.00012562492	-0.0001705343	9.5670875e-05	2.9910694e-05	0.00066878577	0.0004733259	-4.4546345e-05
chr19:10486820:-:chr19:10486820:T>G	-0.00017403472	-0.00047588348	-0.00072399055	-0.00024468248	-0.00035992535	5.732883e-06	0.00019864603	-0.00016299161	-0.00035008517	0.00011134148	0.00029634347	-2.5597486e-05	-9.36118e-05	-0.00014862148	-0.001390934	8.723952e-06	8.4877014e-05	0.00013216517	-5.3351574e-05	0.00023329258	1.781637e-05	-7.118962e-05	-4.134937e-05	0.0004502643	0.0005181486	-7.9024925e-05	0.00011006268	-7.411567e-05	-0.00014456836	0.000114094124	-1.03386965e-05	-3.3129345e-05	5.2647156e-05	-0.00022910941	0.00053386256	-0.00012824753	-0.00012664362	0.0003101934	-1.1704185e-06	1.0121952e-05	-0.00035481018	-3.8060276e-05	-1.5204603e-05	7.61639e-05	2.8463926e-05	-1.5074556e-05	0.00023039905	6.339767e-06	-5.8520925e-07	0.00020330603	0.00012158264	0.00016778708	0.000102335754	-5.1758507e-05	-4.432418e-05	0.00011090799	-0.00033400275	0.00010297515	-0.00035498358	0.00020750002	6.6161156e-05	-0.00013672221	0.00038019635	0.00011006268	0.000384114	0.00025705856	0.0007078214	0.00042504614	0.00026507812	3.804944e-05	9.105422e-05	0.00031661446	0.0014992844	0.00013681976	0.0003238483	7.3855575e-05	0.00031926416	-0.0003940409	-8.314306e-05	-0.00025766547	-5.555153e-05
chr19:10489190:-:chr19:10489190:A>T	-0.0002460263	-0.0100215785	-0.01814283	-0.0019490502	-0.0017782558	-0.00053137	-0.0001675866	-0.0033756604	-0.0026283697	9.341673e-05	0.002291842	-0.00034349615	-9.213795e-05	-0.0004153685	-0.0030209802	0.00061217224	0.00090841815	0.000591083	-6.253069e-06	0.0016940724	-4.2850323e-05	-0.00017577951	-6.435134e-05	0.0031908208	0.00090321625	-5.251711e-05	-2.3928556e-05	-0.00023859198	-0.0003040704	-0.0011211742	-0.0004160621	-0.00027537346	0.0008128123	0.00014205412	-0.00014643236	-5.535104e-05	-4.2286785e-05	0.00082501495	0.000340245	0.00018022278	-0.023769118	-0.0058986056	-0.0004014102	-0.00018089468	-6.762418e-06	0.00016890872	0.00028714267	-0.00013667886	-0.0005304597	-0.00066497107	-0.006810015	-0.0018744036	-0.0012236509	-0.00026893616	-0.00025844574	0.0002729676	-0.0021645373	0.0009980635	-0.0023556189	0.0003698956	0.00026962973	-3.3551998e-05	0.0010911931	-0.00013814731	0.0016287024	0.0012134422	0.0019527782	0.00048860634	0.002283313	-0.0001785105	5.9517948e-05	-0.0050586355	-8.2189385e-05	-0.0020146586	0.0007062392	0.0021816602	0.0005931854	6.441637e-05	5.392595e-05	-0.00015397505	0.00037609448
chr19:10489191:-:chr19:10489191:C>A	0.00016726147	-0.010327426	-0.01804521	-0.0019449755	-0.0015512813	-0.00010473078	0.00090789795	-0.0025998896	-0.0021175905	0.0009079413	0.0050316886	0.00036287308	0.00019132007	-0.000114137474	-0.0027581127	0.002057769	0.002327919	0.0028227025	0.00023700974	0.0034274189	0.00042815643	0.0007630261	0.0005943125	0.008305636	0.005338322	0.00043795325	0.0010989796	0.00035749783	7.9913574e-05	0.00033551996	-0.00025593152	0.00012356584	0.00150091	0.00073125144	0.0014960115	9.944222e-05	0.00015586073	0.002028552	0.00025701523	0.00023553589	-0.025679328	-0.0060972734	-0.0002692396	-0.0001614744	0.0008260987	0.00057953055	0.0014762878	7.135218e-05	0.0028601994	0.006114526	-0.00479178	0.0021808797	-0.00023443048	0.0006831776	0.00027318436	0.0009233735	-0.0018679879	0.0020947023	-0.0023184689	0.0017051264	0.0008150014	0.0008777272	0.0014871034	-0.00030112808	0.0012137673	-0.0003154061	0.0009977601	-0.00073491444	0.002608169	0.00048030505	0.0007082766	-0.00014738603	-0.00020863792	-0.0010134957	0.0016610839	0.0040636063	0.0017442703	0.0020923615	0.0012200095	0.0017200817	0.001076785
chr19:11013113:+:chr19:11013113:G>T	0.0004684058	-0.011167959	-0.01784602	-7.410483e-05	-0.00012014129	0.00016383691	0.0018297542	-0.0007142587	-0.0005167181	0.0010786273	0.0019599742	0.0008694259	0.00044182214	0.00014762445	-0.0009903691	0.0005359379	0.0012432337	0.00096845085	0.00084239786	0.0023221103	0.0013103269	0.0017354705	0.0011725209	0.00024310025	0.00077063387	0.0011298332	0.0022585392	0.0010073077	0.00082293426	0.00038003922	0.00037095763	0.0002644279	0.0011938594	0.0010395917	0.0009065975	0.00075997005	0.001123255	0.0006702163	0.00073760207	0.0011507814	-0.015365774	-0.00432539	0.0005034967	0.00078748574	0.0009605776	0.0015206662	0.0011871512	0.0008690249	0.002711773	0.0042535174	0.00034739755	0.0032186725	0.0006384633	0.0006384416	0.0012508956	0.00062270596	0.0008092143	0.00012177771	-0.0017869906	0.00071901624	0.00093123043	0.00078530743	0.0028891293	0.0014739741	0.0018797354	0.0018457499	0.0017877492	0.0014528144	0.0024076917	0.00087137654	0.00047911296	0.00034156712	0.00014374474	0.0010480448	0.0018049154	0.0020438975	0.0018675978	0.0013969595	0.0008322326	0.0010976791	0.00079716335
chr19:11021724:+:chr19:11021724:G>A	-0.00049580226	-0.00040626526	-0.0004340085	-0.00045069781	-0.00056119397	-0.00041307101	-6.1847946e-05	-0.00030339847	-0.00038120963	-7.7919525e-05	-8.862127e-05	-0.00021962686	-0.0001987544	-0.00042947856	-0.00093473087	-0.00028116594	-0.0004813021	-3.5080044e-05	-0.00022220612	-0.00012799827	-0.00055852806	-0.00047060577	-0.00039346653	-5.0902367e-05	-6.182085e-05	-0.00030827522	-0.00019894946	-0.00020517003	-0.0002949888	-2.4210323e-05	-0.0003143874	-0.0002489632	-0.0008003928	-0.00047878784	-0.00013446808	-0.00015549226	-0.00020365282	2.2498045e-05	-0.0006629554	-0.00034941325	-0.00024353374	-0.00038697504	-0.00053488126	-0.00029577993	-0.00047544998	-0.0003527511	-4.6307392e-05	-0.00033846768	-0.00023074583	-0.00023039905	-0.00030741908	-0.00018283454	-0.0002636476	-0.00033046983	-0.00024498592	-0.00028209251	-0.0004109903	-7.9680576e-05	-0.00024994937	-0.00032882256	-0.00059394405	-0.00043210117	-4.4692646e-05	-0.0002279119	-0.0002900037	-0.0013046698	-0.00020947239	-0.0005027814	-0.00015364452	-0.00025846742	-0.00051760674	-6.0466202e-05	-0.0003078309	-0.0001500574	-0.00046374582	-0.00032054295	-0.00032468277	-0.00038857895	-0.00048522514	-0.0003244877	-6.185879e-05
chr19:11033288:+:chr19:11033288:A>G	-0.00058139453	-0.0015107935	-0.00095610187	-0.0014700457	-0.0012551221	-0.00072574615	-0.0016038634	-0.00073536957	-0.0005377423	0.00027526508	-0.0025967686	-0.00043110413	-0.0004723289	-0.0011755769	-0.0015666268	-0.0002707893	-0.0002930056	2.150102e-05	-0.0008033406	-3.2706695e-05	-0.0005235022	-0.00035008517	-0.00033549828	-0.0008427013	-0.00029995225	-0.0009025227	-0.0009915612	-0.000663844	-0.0012467124	-3.4679067e-07	-0.000963081	-0.0006110885	-0.0014645403	-0.0015318177	6.0731716e-05	-0.0013014186	-0.0012983409	-0.0012121634	-0.0021193677	-0.001231497	-0.00106274	-0.0006873391	-0.0007897507	-0.0010416941	-0.0006688508	-0.0010277574	-0.00020742416	-0.0004684275	-0.0010626533	-0.00082961	-0.0006113486	-0.00015868923	0.00021050194	-0.00083130057	-0.0007824898	0.00020842119	-0.0007075397	0.0005371354	-2.748316e-05	-0.001181299	-0.00069033017	-0.00040743567	-0.0026342869	-0.00188536	-0.0016189055	-0.00091383676	-0.0009647716	-0.0012125536	-0.0012947862	-0.00078977237	-0.0006168539	-1.9550323e-05	-0.00020191887	-0.0005248785	-0.0013823942	-0.0015066754	-0.0028559945	-0.005969308	-0.002593474	-0.003027309	-0.0010854547
chr19:11034913:+:chr19:11034913:G>C	-0.00016212463	-4.2785297e-05	-6.7905945e-05	-0.0002999739	-0.00015917691	-9.337338e-05	-0.00015922026	-0.00029165094	-0.00023343346	6.151199e-05	-0.000200445	-0.00023258817	-0.0002981316	-9.4153664e-05	-0.00034219568	-0.00022996013	-0.00017980012	-1.354651e-05	-0.000361746	-0.00016006557	-0.00019966472	-3.0019066e-05	-0.00013472816	-5.383925e-05	-0.0002282316	-0.00035834312	-6.758083e-05	-8.151748e-05	-0.00037821857	1.3914975e-05	-0.00023393198	-0.00025727533	-0.00034670395	-0.00010130622	-0.00030671468	-0.0003680966	-0.0004236915	0.00014127385	-0.00021784956	-0.00019897115	-0.00014677914	-0.00023286993	-0.00028954854	-4.2221764e-05	-0.0002849969	-0.00011795217	1.5302137e-05	-0.00022456863	-7.232753e-05	-8.348985e-05	-0.00018761375	-6.334348e-05	-0.00010197813	-0.00021266937	-0.00019372594	-0.00016754324	-0.0002877062	-0.0002620437	-0.00033512982	-0.00020590695	8.5483895e-05	-0.00046110153	0.00020351193	0.00028674168	-0.00010308353	-0.00034204396	-0.00016539748	0.00010369041	8.041209e-05	-0.00026555496	-0.00030513245	-7.838553e-05	-0.0001842759	-0.00026714802	-0.0002195185	-0.00015425682	-0.00042551215	-0.00081539154	-0.00021969188	-0.00038779865	-0.00027450648
chr19:11041305:+:chr19:11041305:A>G	0.00015466864	-0.00032875754	-0.00012562492	-3.33786e-05	-7.7074226e-05	0.0001503771	-0.00020321933	-7.4559994e-06	-4.7531994e-05	0.0004450191	-0.00021509691	0.00015258789	1.5085394e-05	-0.00012783571	-2.3061579e-05	0.00024140965	7.3649666e-05	0.00011277199	-0.00016407533	0.0001598705	7.4863434e-05	0.00024693663	0.00013726408	-8.999218e-05	0.00011847236	-0.00023690137	-7.109209e-05	0.00015735626	-4.7813763e-05	0.00016273152	-3.8016926e-05	-4.4649296e-06	0.00011578473	0.000114267525	7.3649666e-05	-7.854809e-05	-6.586855e-05	0.00014279106	-3.6066227e-05	7.61639e-05	-0.00014660576	-0.00014591217	5.5226414e-05	-9.510734e-05	4.1744926e-05	5.9647995e-05	7.4863434e-05	2.2974882e-05	0.00022818825	8.513711e-05	3.268502e-05	5.461953e-05	0.00024036928	0.00012874603	2.5749207e-05	0.00031553616	0.00032039123	0.0003542033	-0.0001282692	-3.89706e-05	0.00012939627	0.00011509115	-0.000114094124	-0.000241453	0.00015241449	0.00017599626	0.0003646504	-2.4275346e-06	0.0005409934	-1.7339533e-05	-0.0001951998	0.00026876276	0.0006138628	7.798455e-05	-0.00016984073	-0.0002999739	-0.00034852463	-0.00065569446	-0.0003301447	-0.00064373016	0.00018080798
chr19:13926820:+:chr19:13926820:G>T	-0.00016702306	-0.0005363334	-0.00015299971	-0.00030560928	-0.00019975142	-0.00012913617	-0.00014515356	-4.6166508e-05	-8.084557e-05	-0.00010668148	-0.00012925538	-2.817674e-07	-7.6944176e-05	-7.60772e-05	-0.00047072498	-0.0022950172	-0.0032490818	-6.8686226e-05	-8.021702e-05	-8.8176945e-05	-0.00010180473	-0.00018243356	-6.484985e-05	-0.00013207305	-5.8661808e-05	-0.00012837756	-0.00019099495	-0.00048381631	0.00015174258	0.00036460703	-6.348437e-05	-5.4836273e-06	-0.0003750216	-0.00017632138	8.34465e-05	-0.00012197278	-8.538636e-05	-2.3386696e-05	-0.00019331412	-9.191036e-05	-0.00021991947	0.00024284016	-0.00014948845	-0.0001568144	-6.751581e-05	-8.840994e-05	-0.000100829384	-0.00015564398	-0.00018152324	-0.00011734529	-7.030097e-05	2.091581e-06	-7.549199e-05	-0.00017168304	-7.464669e-05	-0.00021829388	-3.6315483e-05	-9.186701e-05	-0.00033556332	8.977543e-05	-0.00021700426	-0.00032989544	-0.00021371516	-0.0003001094	-0.00035328214	-0.00044441223	-0.00025549802	-0.00028393485	-0.00011323799	6.662716e-05	0.0002665953	2.530488e-05	-0.00022423267	0.00010278008	-0.0003361702	-0.00021429495	-0.00054814597	-0.0005833561	-0.000545946	-0.00060259213	-0.00019957802
chr19:13926873:+:chr19:13926873:G>T	0.00047738987	-0.00048589706	-0.00027265874	0.00017989766	0.0002814423	0.00029325485	0.0007482442	0.00010707162	3.9274044e-05	0.0005572926	-0.00015703657	0.0005018061	0.00029700453	0.00038687748	3.4418972e-05	0.0011082563	0.0007055131	0.0014724081	0.00023081085	0.0017050396	0.00082039833	0.00029151005	0.00031373717	0.0008963455	0.0010307268	0.00029078397	0.00076663494	0.0005226677	0.00040341506	0.00064789166	0.0005462386	0.00056689436	0.0002002716	0.00024519183	0.0005003539	0.00017386675	0.0004475496	0.00071458385	-2.2302975e-05	0.00027201392	-0.0029048703	-0.00070194766	0.00041133707	0.0002323931	0.00076710095	0.00046523052	0.0004160621	0.00048490005	0.0008960637	0.0012082403	0.00037546593	0.0005346374	0.0017179576	0.00080706854	0.00051054085	0.000809106	0.00014529446	0.001045758	0.00032123653	0.00056342647	0.00045626814	0.0005037351	-0.00034005533	-0.00014363635	0.0004734993	0.00028786875	0.000477379	0.00021665747	0.00051625207	0.0005547675	0.0005456209	0.0005768971	0.0002665303	0.00043620847	0.00052628736	0.00072237576	0.00075591693	0.00045854395	0.00050709466	0.00056960364	-7.0116735e-06
chr19:35725088:+:chr19:35725088:G>A	0.0009409731	-0.0022820344	-0.0031801679	0.00063477864	0.0011964712	0.0006239631	0.0012900829	-0.0010065165	-0.0007983338	0.0015035109	0.0035455227	0.0014158596	0.0014534647	0.0011707436	-0.00015718286	0.002592477	0.0026014934	0.001288284	0.0018562838	0.0005116246	0.0009895238	0.00018679012	0.0017694776	0.0008457357	0.0012237809	0.0017795779	0.001646237	0.0025307483	0.0014962933	0.00046730042	0.0012129653	0.0010603342	0.0032426878	0.0026574135	0.0018570207	0.0015267134	0.0028975336	0.0008212436	0.0021040007	0.0014631856	-0.01046094	-0.008065397	0.001662081	0.0017247741	0.001987544	0.0024201004	0.0003733635	0.0019959102	0.0015343103	0.0019272458	3.7171623e-05	0.00013940985	0.00037899884	0.001776782	0.0011683378	0.00039863586	0.0007922866	-0.0003007813	-0.00027136368	0.0014565858	0.0015328364	0.00075888634	0.0012694001	0.0025927967	0.002128276	0.0022006035	0.0018871264	0.0027552627	0.0025165298	0.0014587316	0.002563975	0.0011020357	0.00087321346	0.0010530949	0.002668771	0.002494877	0.00090562215	0.00025376407	0.00016962398	-1.42617655e-05	0.001219446
chr19:35730341:+:chr19:35730341:G>A	-7.2024086e-05	-0.00019275058	-0.00041246414	-0.00015748631	-0.00024994937	-1.9702044e-05	4.2254276e-05	-0.00019424612	-0.00023681467	3.0495903e-05	-2.6502392e-05	7.824464e-06	-9.437041e-05	5.002455e-05	-0.00088767573	-2.9412184e-05	-3.6889858e-05	2.193451e-05	-1.354651e-05	9.601767e-06	0.00018275868	3.1980602e-05	4.2861157e-05	2.4421648e-05	-4.044446e-05	6.156618e-05	0.00010949915	0.00011955608	6.5467575e-05	0.00016663292	8.749962e-05	1.2256883e-05	-7.2956085e-05	-2.2920694e-05	-5.4608692e-05	0.00010061264	3.1915577e-05	0.0003440922	-6.3711945e-05	4.207004e-05	-0.00017514011	-0.00017166138	2.864274e-05	2.5207346e-05	4.471432e-05	8.53105e-05	-3.4787438e-06	-5.5183064e-05	4.1950832e-05	8.680604e-05	-4.9742786e-05	5.212697e-06	-1.6743486e-05	1.3979999e-05	4.1138042e-05	-0.00012625348	-0.00032145326	-3.217567e-05	-0.00015314059	0.00012460622	9.623441e-06	-0.00020553848	-8.954243e-05	6.406957e-05	-7.875941e-05	-0.0001287677	1.8927183e-05	9.046902e-05	-3.0490484e-05	7.8656456e-05	5.865097e-05	4.5825134e-05	-0.00014617226	5.8407135e-05	1.5659765e-05	-7.31078e-05	-0.00020074844	-0.00038175148	-0.0006348003	-0.0004783977	-3.6282974e-05
chr19:35737633:+:chr19:35737633:C>G	0.00018377737	-0.0001355518	-0.00050336664	8.08239e-05	-9.532408e-05	0.00015124408	0.00045795875	-5.962632e-05	-6.831776e-05	8.4714455e-05	0.0007611784	0.00012214617	0.00012534315	0.00014075366	-0.00041237744	-1.3497743e-05	-0.00021240929	5.8683483e-05	0.00017935579	0.0002487681	1.688437e-05	-6.727739e-05	-2.2265043e-05	0.00061792677	0.00036779858	0.00026802582	0.00045592134	8.374995e-05	0.000118342316	-5.9062786e-05	0.00012871352	8.1279063e-07	0.00031880356	4.6025623e-05	0.00016487729	0.00024298104	2.6421114e-05	3.4343113e-05	0.0003232685	0.00029028545	-6.719069e-06	2.2758138e-06	0.00019911202	0.00025494533	0.00014196742	0.0002639727	0.00012267177	0.0001367439	0.0001904531	0.00024121458	0.00010845336	5.14659e-05	0.00015115738	9.3947754e-05	0.00013893301	-0.00011873245	-3.101609e-05	-9.374185e-05	-7.3682175e-05	0.00031405146	0.0003320629	-2.5250694e-05	0.00057490845	0.00062459166	0.00085851824	0.0015390244	0.0005099448	0.00028912586	0.0009963729	0.00011532957	0.00023096259	0.00013142824	0.00044532257	0.00011729111	0.00044788013	0.00041855464	0.00019801747	-0.0002112172	-0.0007126548	-0.00070717116	0.00022166426
chr19:35738192:+:chr19:35738192:G>T	0.00062060356	0.0005956346	0.00047939474	0.0006034808	0.00054684555	0.0006855618	0.00052946265	0.00065322354	0.0005848624	0.0006340417	0.00014226003	0.0008716583	0.00067249214	0.0005308173	0.00034817783	0.0019157584	0.0012598254	0.0017149665	0.00046149167	0.0003069314	0.0002872077	0.0004986633	0.0005993193	0.0011491884	0.0015099265	0.00048776108	0.00043148344	0.00037354772	0.0006531477	0.00086402893	0.00053681026	0.0006385825	0.00060681865	0.00065779686	0.0006541989	0.00041266464	0.0005994385	0.00031172147	0.0006284714	0.0009775487	-0.000552004	0.00024019588	0.00090534036	0.00045936217	0.001043168	0.00033018264	0.00081573834	0.00074915454	0.0012057044	0.0011730086	0.001480406	0.0009220405	0.0019000227	0.00067474623	0.00059360807	0.0006805333	0.00013966994	0.0006573417	0.0005238056	0.00043697792	0.0008524331	0.0006474582	-4.2752786e-06	5.325404e-05	0.00051858206	0.00065310433	0.00031867894	0.00018702853	0.00083700096	0.0006970059	0.00038776614	0.0019509142	0.0003630248	0.0015927012	0.00023250146	0.00067914615	0.0004187714	0.00044352358	0.0003212582	0.00037210638	0.0004722422
chr19:36090521:+:chr19:36090521:G>A	-0.0007880818	-0.012324485	-0.028438438	-0.0024352507	-0.0018101172	-0.0013800968	-0.00039980627	-0.0026686408	-0.0022230581	0.00018249858	0.0008330345	-4.9872833e-05	0.00028818304	-0.0015891682	-0.002286651	0.00044085764	0.00021191077	0.000374794	0.0001605424	-6.944483e-05	7.640232e-05	-5.3080646e-05	2.60093e-05	0.00014981357	0.00029581244	-3.2078135e-06	0.00017346036	-0.00041237744	-0.00024179979	-0.0004016703	-0.00073701685	-0.00050689955	0.00060731714	0.00013953989	0.00021938844	-0.0005191673	1.6017393e-05	-0.0004572435	0.0012012395	-6.385283e-05	-0.020262025	-0.010508017	-0.00059799716	-0.0004157153	0.0002634742	2.2237951e-05	-0.000328194	-1.8770044e-05	-0.0009830431	-0.001658613	-0.00058390875	0.00094086473	-0.00068092346	-0.00022710454	-0.00019669533	-0.00048336116	-0.0012527163	-0.00063399837	-0.003885139	0.00014799292	-7.499348e-06	-7.759441e-06	0.0006338466	-0.0004173734	0.0030929826	0.0016511137	0.0018687248	0.0010746393	0.0027137236	-0.00018551132	0.0011113341	-0.00049955194	-0.00068228896	-0.00044449893	0.0005439845	0.0011408546	0.00019936128	6.246567e-05	-0.00016548416	-2.9910694e-05	-0.0001689304
chr19:39482916:+:chr19:39482916:G>A	-0.00079163635	-0.0060083647	-0.01485144	-0.0007315549	-0.0005717494	-0.0013178479	0.0003447966	-0.0013670054	-0.00088552997	0.00013748082	0.0071650203	-0.00023718314	0.00030682303	-0.0010771968	-0.001042366	0.0011227131	0.0009012656	0.0003684434	0.00042871994	9.6722084e-05	-9.268522e-05	-0.00026464462	-0.0003194809	0.00034028833	0.0006124757	-5.9647995e-05	6.940148e-05	-0.00034325774	-0.0005074631	-0.00030508908	-0.0008537553	-0.00051994756	0.0010781939	-0.0004411394	-3.8211994e-05	-0.00046996636	-0.00011718273	5.20186e-06	0.0026359991	0.00048398972	-0.011060888	-0.0040777815	-0.0006987182	-0.0005680648	-3.636967e-05	-2.2346323e-05	0.0004346154	-9.241971e-05	-0.00054665044	-0.0011937835	6.443804e-05	1.703609e-05	-0.00042321466	5.4662876e-05	-0.00051129947	-0.0002699115	-0.0025592716	0.00012886524	-0.0014687668	-0.00010009245	-8.783557e-05	-0.00015195934	0.004464529	0.001759139	0.0047259764	0.0012209849	0.002668684	0.0010993048	0.0028970458	-0.0003686168	0.00014654073	0.00014556538	-0.0008012815	-0.00014188072	0.001889554	0.0025909597	0.0006924542	0.00061962823	0.00018594482	0.0004040978	-0.00019647858
chr19:45353241:-:chr19:45353241:C>T	0.00068313425	-7.7919525e-05	-0.00015286966	0.000632026	0.0005425215	0.0005363768	0.00086860225	0.00044298172	0.0005923618	0.0008140369	0.0011115182	0.00072095613	0.000869816	0.00065470824	0.00053884764	0.0010927483	0.0009873238	0.00074386597	0.00071851775	0.0002518459	0.00018565763	0.0005167289	0.0006428957	0.0008254593	0.0018273051	0.00040291657	0.0004769401	0.0006597042	0.00057228043	0.0012762763	0.0006105412	0.00047930263	0.0011644688	0.0010186001	0.0004348755	0.0004944585	0.0009541728	0.00044107978	0.0011812665	0.0011130896	-0.0014036353	-0.00015941533	0.00069562957	0.00072000787	0.0005778833	0.0007693334	0.0013034994	0.0006889105	0.00081900577	0.00046291135	0.00062380056	0.00018287789	0.00064737146	0.00074842846	0.00053249166	0.0002388304	0.0002953356	0.00047677214	0.00027257745	0.00042595647	0.0007085746	0.00040888786	0.0006674366	0.00059747155	0.001720125	0.0015955839	0.0008198565	0.001033317	0.0016400814	0.00048889895	0.00042696975	0.0011053736	-3.1460415e-05	0.00071604684	0.0007706393	0.001030716	0.0007694201	0.00057662616	0.0003181479	0.00040568004	0.0009129264
chr19:48799980:-:chr19:48799980:C>T	0.00046456943	-0.005626418	-0.0072769467	0.0005243258	0.00046034294	0.00034244495	0.00073008105	0.00015113571	6.918474e-05	0.00028282945	0.001420552	0.00058809196	0.000964815	0.0006113811	2.0373951e-05	0.00047430125	0.00055826793	0.00044439055	0.0015101649	0.00032305717	0.00035222553	0.00035054033	0.000626564	0.0009753054	0.0013751116	0.00045498935	0.00073620403	0.00077376585	0.0009168603	0.0004770539	0.000728954	0.0007684773	0.0008494204	0.001135631	0.00028859486	0.0013386662	0.0016776323	0.00040285152	0.0010415749	0.00080298295	-0.0047105877	-0.0010732737	0.00085708225	0.0007948767	0.00068518246	0.00096219237	0.0006739443	0.0004604513	0.00064086914	0.0007449497	0.00049807806	0.0006385879	0.00043728136	0.0006095713	0.0007154725	0.0002953356	8.762966e-05	0.00027782266	-4.7185204e-05	0.0005214756	0.0007360307	0.00045728683	0.0009702498	0.0007962747	0.0009520596	0.0008022677	0.0008319833	0.00077762385	0.0009050044	0.00055293605	0.00056551804	0.00061934645	0.00014235756	0.0011078228	0.0007284121	0.0009105314	0.000623703	0.00051927567	0.0002616969	0.00024591794	0.000696334
chr19:49864072:-:chr19:49864072:C>A	-0.00047144023	5.6266785e-05	-0.0002007051	-0.00030747327	-0.00021574715	-0.00027556854	-0.00015888432	-0.000105836174	-8.3121384e-05	2.0872463e-05	-0.00019585002	-0.00025672262	-0.00031573122	-0.00046530637	-0.0004570701	-6.801432e-05	-0.00012253631	-6.502325e-06	-0.0006962689	-8.254701e-05	-0.00052637403	-0.00021679835	-0.00029546564	-2.1723185e-05	-3.354116e-05	-0.00044167042	-0.00021301075	-0.00054160034	-0.0007311106	-8.864836e-05	-0.0003954064	-0.00039326062	-0.00068423967	-0.0005960031	-0.00022977049	-0.0009784482	-0.0006718419	-0.0002977306	-0.00040279736	-0.00037657132	-3.3281067e-05	-4.681674e-06	-0.0004714619	-0.00056960364	-0.00051598117	-0.00088613684	-4.649704e-05	-0.00030736488	-0.00029208444	-0.0003349781	-0.00016384776	-0.00020684979	-0.00010765682	-0.00016755407	-0.0003377958	-0.00021613728	-0.00026943468	-1.8894672e-05	-0.00027062677	-0.00041109865	-0.0003409169	-0.00033172694	-0.00021485308	-0.0010014664	-7.337874e-05	-0.00045215	-1.3600696e-06	-3.671646e-05	-0.00014307824	-0.00033521652	-0.00045174902	-2.0243904e-05	-0.00019539487	-0.00036396764	-0.00035354224	-0.00024550612	-0.0002091798	-0.00025813145	-0.00013691728	-5.8867714e-05	-0.00018002228
chr19:49866453:-:chr19:49866453:T>C	-6.9011345e-05	-0.0009989305	-0.00047133185	-0.00022454695	-0.00037418713	-3.9794228e-05	0.0004719821	-0.00022567403	-0.00018176166	-3.975088e-05	0.0041171852	-8.661097e-05	-2.488223e-05	-5.5746597e-05	-2.488223e-05	0.00047473473	0.00033493477	4.4345856e-05	4.4649296e-05	2.678958e-05	-0.00048845465	-0.00027249075	-0.0002745715	0.00042984702	0.0004564632	-3.0170788e-05	0.00016290491	-7.512353e-05	-2.6876276e-06	-4.0466137e-05	2.5835905e-05	-7.469004e-05	0.0006289916	0.00032169168	-8.17559e-05	0.00036664444	0.0003138889	-0.00021717766	0.0019486167	0.000262954	-0.00031453912	-0.00022237952	0.00015683607	0.00024639477	3.082102e-05	0.00026208704	0.00017983263	5.5833298e-05	3.1818043e-05	9.770827e-05	0.00023724815	1.1292371e-05	-3.372539e-05	-5.635348e-07	-7.78545e-05	-0.0004340085	-8.609078e-05	4.690344e-05	-0.00067875604	1.447851e-05	-0.000117475334	-0.00037973578	0.0040179165	0.0015329014	0.0014297311	0.0007684014	0.0011574138	0.0009484725	0.001448718	-8.123571e-05	-0.00019320575	0.00012883273	0.00043973056	3.6846507e-06	0.0011256825	0.001217582	6.745078e-05	0.00014209747	-0.0012957833	-0.0013980865	0.00011712855
chr19:50406179:+:chr19:50406179:C>G	-0.0005328872	-0.00039989298	-0.0008444786	-0.00063545053	-0.0011751868	-0.0003897927	-0.00012237375	-0.000572508	-0.000625632	-1.1530789e-05	1.6938557e-05	-0.00024095448	-0.00032130154	-0.0006582087	-0.0016225468	-8.908185e-05	-0.00016175616	6.2855806e-06	-0.0003648021	2.3993578e-05	-0.00010642139	-0.0002465248	-0.00031657654	-0.0001010678	-1.3096766e-05	-0.00025844574	-0.0001300465	-0.0005393245	-0.0005760193	-1.2636185e-05	-0.00039664182	-0.00033153186	-0.00034282423	-0.0005829334	-4.4280834e-05	-0.0004505461	-0.00048851967	-0.00024123625	-0.00035832144	-0.00030149112	-0.00040702385	-0.0005916249	-0.0002872077	-0.00032797726	-0.00019598007	-0.00039961122	-1.6364185e-06	-0.00022766808	-0.00018770044	-0.00018986789	-0.00012568994	-7.4668365e-05	0.000112186775	-0.00025803392	-0.00033051317	-0.00018288872	-0.0006556077	3.64076e-05	-0.00030818852	-0.0002568635	-0.00018613989	-0.00044753336	6.878376e-05	-0.00011425668	-3.4917484e-05	-0.00012337077	4.080209e-06	-4.3110413e-05	-1.9534067e-05	-0.00029837003	-0.00031952423	6.2698666e-05	-8.117069e-06	-2.2292137e-05	-6.281246e-05	-0.00014051524	-0.00044319846	-0.00065436144	-0.00113976	-0.0007639202	-0.00030909886
chr19:50413741:+:chr19:50413741:G>T	-2.69413e-05	-0.00016388026	-0.00027860294	-0.00045106627	-0.00027088684	-4.1744926e-05	-8.932027e-05	-1.3286417e-05	-9.515069e-05	0.0003518408	-0.00029922614	6.4329666e-05	-0.00031111456	-0.00021029603	-0.0005576394	-0.00017211655	-0.00025469606	0.00012616678	-0.00037064336	-1.6667625e-05	-9.016557e-06	8.453022e-06	-5.732883e-05	7.596883e-05	4.1300602e-05	-0.00031890653	-4.4616787e-05	-0.00015803901	-0.00022532723	0.0006836111	-0.00011374734	2.279065e-05	-0.0005414594	-0.00027592617	0.00010761348	-0.00029372628	-0.000409744	-0.00015263124	-0.00055548275	-0.00023103844	-0.000108036125	9.7253105e-05	-0.0002290444	-0.00026441703	-6.181544e-05	-0.00024927745	0.0009281419	0.00069856644	-3.8883903e-05	0.00033549828	-1.9111416e-05	1.5984882e-05	0.00028996033	-0.00017077272	-0.00013699314	0.0011363463	-0.00022886017	0.00048223409	7.341125e-05	4.852902e-05	0.00011608817	0.00019303235	-0.0003717054	-0.00043567744	-0.00021845644	-9.0577385e-05	-0.00011527538	-2.60093e-07	-0.0001613281	-8.961288e-05	0.0046063554	0.00022149627	-4.0271065e-05	0.00019441951	-0.0003530004	-0.00025288624	-0.00068263576	-0.0013606548	-0.001010808	-0.00088407774	-0.00029993057
chr19:50414813:+:chr19:50414813:A>T	-2.2324648e-05	0.0012444583	0.0017414093	1.6645952e-05	-1.820651e-05	0.000148253	-0.00011181831	0.00016281822	0.0002692396	0.00012209198	-0.0001396591	-6.736408e-05	-0.00039655512	-4.3652275e-05	-0.00051715155	-0.00013596361	-0.00023334677	3.2305717e-05	-0.0004918575	2.1024183e-05	2.895702e-05	-0.00011192669	-0.00010480664	-0.00014049356	-3.1102787e-05	-0.00023954565	-0.00014259598	-0.00026726723	-0.00030131775	8.0693855e-05	2.0200556e-05	8.864837e-06	-0.00041415475	-0.0003156662	7.553534e-05	-0.00054003973	-0.0003619194	-6.389618e-05	-0.00032226605	-0.00023547086	0.00022788481	0.0005754124	-7.9675156e-05	-0.00016455217	-0.0001810464	-0.00059295783	1.929023e-05	5.9474598e-05	0.000115741386	0.00017590956	4.8734924e-05	7.0636925e-05	0.00037778507	-0.00018774379	-0.0001518943	0.0005085252	-8.010864e-05	0.00021653826	0.0009071177	-0.00016463887	4.183162e-06	9.18345e-05	-0.00011440299	-0.00049620867	-6.7667526e-05	-9.7578224e-05	-0.00011575764	-0.00014943426	-0.00013257698	3.4028835e-05	-0.00011268529	1.1920929e-06	-0.00022819909	4.844232e-06	-0.00030377778	-0.00032016364	-0.00017818538	-0.00033729727	-7.5687065e-05	-0.00022341988	-0.0005728223
chr19:52190176:+:chr19:52190176:T>C	-0.001140161	-0.026360424	-0.030566476	-0.0019944797	-0.0021183707	-0.0014339361	-0.00013971329	-0.0011629191	-0.0011467934	-9.8076736e-05	0.0019018325	-0.000131477	0.00023234975	-0.0019683405	-0.002048666	-0.00017270175	-0.00048845465	5.9127808e-05	0.0010559342	-0.00024825876	-0.000396631	-5.75239e-05	-0.00019793077	1.8639998e-05	-0.00014166399	-0.000310421	-0.00043734637	-0.00058544765	-5.977804e-05	-0.00047440964	-0.00057640945	-0.00071885367	0.00014797124	-0.0005437244	-0.00016843188	0.00089940155	7.5513664e-05	-0.0002989769	2.011386e-05	-0.00030231476	-0.014211395	-0.00739219	-0.00054385443	-0.00022580406	1.9702044e-05	-4.4801018e-05	-0.00021609393	-0.00051936234	-0.000658187	-0.0010549806	-0.00051875546	9.0490685e-05	-0.0009968932	-0.0004890615	-9.601766e-05	-0.00023913383	-0.0019376061	-0.00035931848	-0.0031945056	-0.00010887059	-1.4608557e-05	-0.00014638901	0.0013981407	-6.935813e-05	0.0014266968	0.00050570746	0.0009160042	0.0010241162	0.0011042681	-0.0002617836	-0.00048151883	-0.0014666211	-3.1861393e-05	-0.0012496602	0.0006080974	0.0007879084	0.00034297595	-8.786808e-05	-0.00017291849	-0.00030578265	0.00013269078
chr19:55138075:-:chr19:55138075:C>T	-0.0019704862	-0.0013687827	-0.000939716	-0.0013008334	-0.001641707	-0.0010703477	-0.00097363646	-0.00056216936	-0.0007077564	-0.0002058636	-0.0016025088	-0.0009273616	-0.00092441385	-0.0009272315	-0.0021598989	-0.00092653796	-0.0010123036	-0.00019029054	-0.00061342935	-0.0007795204	-0.0019224774	-0.0012516108	-0.0015381466	-7.2024086e-05	-0.00048265673	-0.0008582202	-0.0012467991	-0.0020728654	-0.0013576963	-0.00043472377	-0.001291275	-0.000809171	-0.0016132268	-0.0007450255	-0.0007043535	-0.0009784482	-0.0017661073	-0.0006762635	-0.0012625131	-0.001019673	-0.0005437461	-0.00050167606	-0.0015459928	-0.001964244	-0.0013312426	-0.0013953231	-0.0009178899	-0.0014058893	-0.0013753935	-0.0017113253	-0.0007203384	-0.0005249435	-0.00117238	-0.0017633438	-0.00085460057	-0.0010858015	-0.0015013001	-0.0008555759	-0.0012934859	-0.0011146502	-0.0010445985	-0.0014139739	-0.001387401	-0.0009976192	-0.0021867752	-0.0035140298	-0.00083817134	-0.0017665083	-0.0015759468	-0.0015656732	-0.002161958	-0.00022326816	-0.0019178824	-0.00040693174	-0.002440019	-0.0019685572	-0.0020211393	-0.0023550554	-0.0009720542	-0.00081461127	-0.0011439648
chr2:11791913:+:chr2:11791913:G>T	0.0002206022	0.00028961356	6.417795e-05	0.00023902547	0.00030964072	0.0002710169	7.269599e-05	0.0001180172	-7.2869385e-05	0.00036274304	-0.00043032385	0.0003415888	1.707944e-05	0.00028822638	-8.279627e-05	-0.00011715022	-0.00012488799	0.00016828017	-0.00038710507	-1.6039068e-05	0.00033586676	0.000265685	0.00029175932	-2.178279e-06	-0.00035461513	0.0004168857	-3.832037e-05	0.00048206068	0.00034466657	0.00016026064	0.00021728603	0.00012807413	0.00066952273	0.00017799031	0.00043619762	0.0009784698	0.00022120909	0.000561324	0.00043938376	0.0004747564	-1.114065e-05	0.00050301984	2.7006323e-05	0.00020226566	0.0004355474	0.0002492558	-0.00013949654	0.00010975925	0.00029654938	0.0006715601	0.00021104379	0.00014475259	0.00024208156	5.3969296e-05	0.00030808014	0.00018754872	-2.0092184e-05	-0.0004028407	-0.00049746037	0.00047553668	0.0005968267	-0.00042559885	-0.00024557114	0.0012595437	-0.00043669614	0.000112360176	0.00023547086	0.00034137207	-7.0355156e-05	0.0002429702	0.0003840273	0.00036770647	-0.0003423474	0.00027023663	0.00049101224	4.8030506e-05	-0.00069282274	-0.002324798	-0.0002099384	-0.00077277963	-1.3524836e-05
chr2:25236934:-:chr2:25236934:A>C	-0.0009630593	-0.017823739	-0.028369535	-0.0015444756	-0.0016058359	-0.00088459795	-0.00015971878	-0.0013143366	-0.0012031035	-0.00017805533	0.00056591904	-0.00046372414	-0.0004645261	-0.0010648425	-0.0010858015	-0.00015315143	-0.00020625374	-5.3319065e-05	-0.0004117272	-8.309971e-05	-0.00038450415	-0.0004252087	-0.00043054062	-2.7992508e-05	7.974018e-05	-0.00032806396	-0.00016433542	-0.00039978462	-0.0006149899	-0.00024307858	-0.0006518364	-0.0006559762	-0.0003121983	-0.0005355748	-0.00016211379	-0.0007488944	-0.00076259265	-0.00033551996	-0.0008395802	-0.0006451607	-0.010336789	-0.005971497	-0.0006776723	-0.0008804148	-0.00029071895	-0.0006333698	0.00016838853	-0.00040145355	-0.0005753257	-0.00093416736	-0.0009272315	-0.00033424117	-0.00040344757	-0.000286189	-0.0004933747	-0.00022142584	-0.0009715991	3.5665253e-05	-0.002189983	-0.00023891708	-0.00032572311	-0.00015111403	0.00051676144	-0.00027275085	0.00044103104	5.600669e-05	-0.00011183999	-0.00029919363	0.00021160733	-0.00037592108	-0.0001112602	-0.00032212518	0.0002808571	-0.0010484565	-0.0002411062	-0.00018167496	6.2704086e-05	-2.581423e-05	-5.1411716e-05	-3.3356926e-05	-0.00019855933
chr2:25243899:-:chr2:25243899:T>A	-0.00069020013	-0.0075537506	-0.009156834	-0.0005994277	-0.0006057566	-0.00023070248	0.0010358637	-0.0006165071	-0.00052707846	0.0005910613	0.005024888	0.00040305743	0.0004272461	-0.00074403937	-0.0005146807	0.00022385338	0.00015263124	0.0009771694	2.4188648e-05	0.00068551843	0.00030935893	0.00022420016	-3.3942135e-05	0.0019102097	0.0023681468	0.00039837576	0.00045091455	-4.1744926e-05	1.2094324e-05	6.935813e-05	-0.00028341467	0.00027054007	0.0008865703	0.00014521858	0.0008311922	-0.00021964853	-2.3408369e-05	0.00032138824	0.0015201569	0.0003991994	-0.0040879683	-0.0026797382	-7.5513664e-05	0.00032017447	0.0004886714	0.0005876368	0.00072370877	-6.9358134e-07	0.00037947568	0.00047935138	0.00043032385	0.00041131538	9.66679e-06	0.00017140129	0.00021518361	6.194548e-05	-0.0008477948	0.0003138022	-0.0019130274	0.00047414954	0.0003306649	0.0002615235	0.0036779533	0.0011665388	0.0033897052	0.0011082129	0.0012509606	0.00095488806	0.0039752615	0.00019238213	0.00033166193	0.001459035	0.00035485355	0.0009992339	0.0008236712	0.0013439872	0.00074455957	0.00040340424	-0.00014045021	5.9474598e-05	0.00089307263
chr2:25244153:-:chr2:25244153:A>G	0.0002711903	-0.012843436	-0.016547984	6.5500084e-05	-0.00039971957	-0.00045277856	0.0021113483	-0.0011482239	-0.001251394	0.0005206195	0.0041905423	0.00017642975	0.0005899776	0.00066895917	-0.00039967624	0.00094184006	0.0016467355	0.0022217145	0.00080563803	0.00094782223	0.0011442575	0.00085674634	0.0011869344	0.001031182	0.0026060452	0.00093507767	0.0018924366	0.0011785247	0.00078157947	4.7770412e-05	0.0010415857	0.0011670806	0.0018016425	0.001829971	0.0010975924	0.0018413067	0.0023335328	0.0010575381	0.0011490692	0.0012355284	-0.015970318	-0.0063493033	0.0013052766	0.0020601966	0.0015247952	0.0024960474	0.0008410974	0.00074631517	0.0022654966	0.0066589876	-0.0009698001	0.0019083456	0.0002040863	0.0010577115	0.0012357886	0.00036365335	-0.000120899895	0.00036460703	-0.0013732585	0.0016036034	0.0012721148	0.0008152615	0.00226444	0.0018280473	0.0019581101	0.0013608716	0.0021388314	0.0015420481	0.002465248	0.0007559603	0.0008274425	0.00082735583	0.0019668231	0.0015748198	0.0018155575	0.0028344502	0.0014162497	0.0011340921	0.00046229362	0.00042310628	0.0009335171
chr2:25244339:-:chr2:25244339:C>T	-0.0001757145	-0.00017330864	-8.470362e-05	-0.0003957315	-0.00036720795	-0.00010720166	0.000103972176	-7.876483e-05	-0.00023365021	0.00016114929	-1.2267719e-05	5.992976e-06	5.526976e-06	-0.00017595291	-0.00095540826	3.9078972e-05	4.9970367e-05	0.00025443596	0.00011474436	6.1230224e-07	7.7962875e-05	0.00015408342	0.00012033636	-9.753488e-06	-5.3048134e-05	3.868883e-05	5.1780182e-05	-4.0509483e-05	-2.7244741e-05	0.00034893642	0.0001016205	0.00020495328	-7.738308e-05	-0.000101533806	-3.9219856e-05	-0.00013366612	-1.1964278e-05	0.00013621287	-0.00029352578	-0.00017886813	-0.0002789389	-2.449209e-05	-2.360344e-05	4.21459e-05	8.37662e-05	0.00012318655	8.8209454e-05	-4.6307392e-05	1.0761348e-05	0.0001598705	-7.0441854e-07	0.0002722415	0.00018671426	-0.00012321906	6.804683e-05	-3.2901764e-05	-0.00046166507	-4.0661205e-05	-0.00023928555	1.9962137e-05	5.7242134e-05	-0.0003106594	-2.445958e-05	9.36389e-05	-8.008697e-05	-0.00035461513	4.1132622e-05	4.7640366e-05	-7.2062016e-05	8.374995e-05	0.00016350095	0.00034955415	-6.353855e-05	0.00053623045	7.772988e-05	2.5976788e-05	-0.00031477754	-0.0009702336	-0.0007643916	-0.00083231926	2.9011206e-05
chr2:26215176:-:chr2:26215176:C>T	0.0015747331	0.004781593	0.00048825957	0.0026309707	0.0035793132	0.002010042	0.001443126	0.0009194721	0.0013629523	0.0037500642	0.0017525499	0.0035355308	0.0023472742	0.0018342842	0.0005890239	0.0003342195	0.0008791143	0.00055952504	0.0033164457	0.00058555603	0.0029076664	0.00031201405	0.001914913	-0.00014422157	3.342195e-05	0.0043592453	0.0016032566	0.004315203	0.002182874	0.0006268295	0.002403606	0.0011302233	0.0054289643	0.003653136	0.004582535	0.004695112	0.0045416574	0.002771811	0.0022310345	0.0033959476	-0.0010641922	0.001868118	0.0023391896	0.0032706694	0.001996994	0.0033912659	2.4362043e-05	0.003042958	0.003441377	0.005773978	0.0015511946	0.00034079768	0.003072782	0.0015834462	0.0025890307	0.00039670683	0.0010706945	-0.0005905845	0.00055458327	0.0021500154	0.0042051403	0.00037808853	0.0024292036	0.007077759	-0.0011212609	0.003161127	0.0011060021	0.0045803245	0.0002923445	0.0023855513	0.0032691523	0.0015186504	-0.00157094	0.0024226145	0.0033758336	0.001897335	-0.0033982883	-0.011180878	-0.004958673	-0.008137573	0.002873811
chr2:43934879:-:chr2:43934879:C>A	4.0747905e-06	0.0032362505	0.00070567563	0.003936941	0.0020631442	0.0021686554	0.0026374296	0.0018648668	0.0017606561	0.0022483305	0.00093477423	0.002536427	0.0010208216	0.0014846976	0.0014345862	9.8878685e-05	-2.9650602e-05	0.00248935	0.0004008033	0.0017222491	0.0019766202	0.00042538208	0.0016053807	0.004040458	0.00053605164	0.003610351	0.0018023577	0.0009401061	0.0023398832	0.0016655055	0.002168742	0.002445741	0.0017446171	0.003148079	0.004005432	0.0009669391	0.0022074094	0.002308152	0.0011434555	0.0008408373	-0.00073888083	0.0027252545	0.002028552	0.002321937	0.0037325078	0.0015354156	0.0011562001	0.000880935	0.0025962482	0.0022113973	0.002094789	5.830418e-05	0.0014293845	0.0013078343	0.0026387302	0.0034205697	0.0020679126	-0.00059223175	0.0035657017	0.002089847	0.0033203473	0.007256768	-0.0007733432	0.00023469058	-0.0010596189	0.0017188679	0.00015163422	4.560297e-05	0.001150218	0.0028192347	0.0013701699	0.002042727	-0.0026917458	0.0014225353	0.0012550354	-6.415627e-05	0.00013273413	-0.008703405	-0.0013064471	-0.004622546	0.0010755713
chr2:46974971:+:chr2:46974971:A>T	-0.0004849217	-0.0007224083	-0.00048695912	-0.0006129958	-0.0006654479	-0.00024013086	-0.0005386526	-0.00026369095	-0.00025523792	-0.000133341	-0.00036629764	-0.00029782814	-0.0004972328	-0.00050674786	-0.0011249022	-0.00010789524	-0.00016037984	2.907623e-05	-0.0006111102	8.233027e-05	-4.300204e-05	-0.00011949106	-9.121678e-05	-0.00038745187	-0.00013402375	-0.00032292714	-0.0004289367	-0.00043375927	-0.000582164	-4.009767e-06	-0.00032932108	-0.00033976816	-0.00042260776	-0.00092417543	3.9230694e-05	-0.00085185876	-0.00091747806	-0.000120867386	-0.0003908981	-0.00052133476	-0.00044577772	-9.6927986e-05	-0.00033911792	-0.0004584139	-0.00011698766	-0.00041924824	-8.080222e-05	-0.00023527579	-0.00024715337	-1.7317858e-05	-0.00020707738	4.475767e-06	8.648092e-05	-0.0004143498	-0.00046699698	-0.00014302948	-0.00033929132	0.00025937773	-0.000266682	-0.00039581818	-0.00023358519	-0.0004001314	-0.0003426129	-0.00021741608	-0.00030001727	-0.00024513763	-0.00030450386	-0.0003338077	-0.00019574165	-0.00029282135	-0.00025783887	0.00012858347	0.00023525412	-7.4830925e-05	-0.00017155301	-0.00034497	-0.00061756914	-0.0010346716	-0.0006046295	-0.0005443096	-0.000587355
chr2:47375300:+:chr2:47375300:G>A	-0.0010286461	-0.013283318	-0.03536658	-0.0033859557	-0.0024121457	-0.0012909282	-0.0021936568	-0.0019956068	-0.0021190427	-0.0010630217	-0.0045049894	-0.0006558787	-0.00074789743	-0.001344269	-0.0024841481	-0.00030158868	-0.00043643604	-4.4335018e-05	-0.0004892133	-0.00097421085	-0.00077051466	0.00011704185	5.266883e-05	-0.0014324839	-0.000919147	-0.0009337338	-0.0012931607	-0.00021680919	-0.0002782995	-0.0004598119	-0.0006816604	-0.00061011314	-0.0014189265	-0.0008375428	-0.00090853736	-0.00087367406	-0.00045865233	-0.00097515364	-0.0016299486	-0.0014045889	-0.023790598	-0.0075849835	-0.0009800412	-0.0010719732	-0.00014942343	-0.00060220197	-0.00085287204	-0.00077901105	-0.0015326197	-0.002199845	-0.00056465104	0.00040739233	-0.0009130023	-0.0007098913	-0.00091188605	-0.00028519196	-0.00081909786	-0.00027260996	-0.004843056	-0.00056689436	-0.001140627	-0.0004384626	-0.005888218	-0.0019043088	-0.0039047329	-0.001411308	-0.0020661624	-0.0019267473	-0.0032819076	-0.0005055124	-0.00023117391	-0.0003282211	-0.001122052	-0.00018875166	-0.002226136	-0.0025901361	-0.00090420246	-0.00054518745	-0.00029043175	-0.00046704573	-0.0011230924
chr2:47429942:+:chr2:47429942:G>A	-0.0003691749	-0.003174912	-0.01444214	-0.00096215983	-0.00058020785	-0.00015673855	-0.00048367	-0.0010206266	-0.001046029	1.1162324e-06	-0.0019602613	-0.00015135786	-5.6385994e-05	-0.00016932595	-0.0031477322	-0.00018513203	-0.00020448187	3.9631672e-05	6.600402e-05	-0.0005823536	-4.5451252e-05	6.5267086e-05	0.00016322461	-0.00046506253	-0.00050770154	-0.00013635376	-0.00019108708	-2.3803928e-05	-4.6865505e-05	0.00045373224	-0.00030696933	-0.0002321926	-0.00020670891	-0.00044566934	-0.00014311075	-0.00027361242	-0.00027033416	-0.0001456033	-0.0007123893	-0.0003161918	-0.010455782	-0.0020395408	-0.0004185059	-0.00018662756	-0.00011680343	-0.00014584172	-0.0006893711	-0.00010961294	-0.0003145337	-0.00035389446	-0.00029356914	0.00076304784	-0.0003782348	-9.016557e-06	-0.00011932308	-0.0011358641	-0.0004772327	-0.0021077504	-0.004761468	1.541051e-05	-0.00036545235	-0.000381551	-0.001434765	-0.00011637536	-0.0006319447	-0.00025477193	-0.00059559126	-0.00018600443	-0.00072000787	-0.00018967823	-6.525625e-05	2.4670904e-05	0.0001809597	0.00012924454	-0.00039163503	-0.00044201722	-0.00042172454	-0.0004223585	-9.777329e-05	-0.00020598281	-0.00017505884
chr2:47429943:+:chr2:47429943:T>C	-0.00035299498	-0.0032030018	-0.014769381	-0.0009649396	-0.0006901405	-0.00044456395	-0.0003537644	-0.0010916862	-0.0012145367	-0.00011433796	-0.0008774996	-0.00017793612	-7.6131386e-05	-0.00016772206	-0.00295619	-9.428913e-05	-9.1558155e-05	3.935532e-05	0.00017378548	-0.00026291067	-8.481741e-05	1.707944e-05	0.00014068863	-0.00023502653	-0.00023780628	-0.00014110045	-0.00023226305	-0.00019001961	-0.00016467679	-0.00035736777	-0.00031093575	-0.00030070002	-0.00013140657	-0.00031503223	-0.00017119538	-0.00023963234	-0.00033789873	-0.00011408329	-0.00051210145	-0.00027557937	-0.00869868	-0.002170357	-0.0003821958	-0.00023140149	-0.00016910379	-0.00020141494	-0.00035380776	-0.000116586685	-0.00026771156	-0.00030093844	-0.00022305142	0.00041786648	-0.00035826184	-0.00012752143	-0.00015887889	-0.001149042	-0.00048269468	-0.0018158935	-0.004665635	-5.8255413e-05	-0.0003050999	-0.00030904467	-0.0004968047	8.965622e-05	-0.00028683923	-0.0002735474	-0.0002702312	-0.0001776381	-0.00036105243	-0.00019542196	-0.00015173176	-0.00011013855	0.0005406033	-2.94176e-05	-0.00027524342	-0.00029320607	-0.0002418052	-0.0002249967	-0.00010874055	-0.00018498572	-0.00021898746
chr2:47478271:+:chr2:47478271:G>A	-7.65432e-05	-0.0012594786	-0.0005257346	-0.00042158907	-0.0005571842	0.0001539317	1.8965115e-05	2.2541393e-05	-5.2473762e-05	0.00016190788	0.00018187003	0.00020525673	9.3134964e-05	0.00017354706	-0.0012539084	-3.660809e-05	2.6442787e-05	0.00012082945	4.564632e-05	6.327846e-05	0.00025354733	8.951534e-05	0.00017213821	0.00018653003	-0.00014415654	0.00025105476	0.00020190803	0.00044941902	0.0005858811	0.0004061027	1.85533e-05	8.249283e-05	7.863478e-05	1.9105997e-05	0.00031477754	0.0002023957	-2.095916e-05	0.00018726695	-0.00021408904	-9.124929e-06	-0.00039451773	7.174232e-05	-4.568967e-05	2.2151253e-05	0.0001781637	0.00014341962	8.6426735e-05	0.00018499115	-3.1059437e-05	-9.185618e-05	1.094558e-06	0.00018000603	5.585497e-05	0.0002701716	0.00014391812	-0.00041060013	-1.1043115e-05	-0.00038715926	-0.0009759556	0.00048676404	0.00014088371	-0.0006614165	8.551099e-05	6.7374924e-05	-3.043088e-05	-0.000106334686	0.00027879802	0.00023648956	0.00010423227	0.0003040487	0.0011168177	0.00016038526	-0.00073348393	0.0001250939	0.00023078918	6.541339e-05	-0.0007566972	-0.0021282977	-0.0014476343	-0.0020808307	-7.267432e-05
chr2:65016675:+:chr2:65016675:T>C	-0.000932325	0.0015628013	0.0025195642	-0.0005309798	-3.1536274e-05	-0.00089502335	0.00023794174	-0.0008798079	-0.0006502325	0.00024644894	0.0005364418	-1.354651e-05	0.0003694621	-0.00020249323	-0.0013822642	0.00047421455	0.00028306787	0.00042298707	0.00012574413	0.00032036955	0.00024302439	0.0002966794	0.00023554671	0.0007429123	0.0005754991	0.00014468757	0.00032863833	6.7916786e-05	-0.00015087561	-0.00034319272	-0.0004197901	-0.00023586099	0.00022120368	-7.359548e-05	0.0003261241	-0.00056453724	-0.0001287081	0.00029165094	7.8201294e-05	-2.5846741e-06	0.003372019	-0.0025180904	-0.00039431182	-5.301562e-05	0.00015387753	0.0001686703	0.00065892393	0.00019267472	0.0001114065	-2.5575812e-06	-0.00040994992	0.0008013465	-0.00054924056	0.00021386147	1.7447906e-06	4.611232e-05	-0.00094476616	0.000105023384	-0.0017111193	0.000369668	0.00016933138	-1.1053952e-05	0.00027915023	0.00033204665	0.0002805428	0.0002607649	0.00027290257	1.2760813e-05	0.00062823296	2.7201393e-05	0.00046584822	0.00074106996	0.001416228	0.00021507523	2.9488043e-05	0.0003491857	0.00011591478	0.000102216545	2.3462555e-05	5.0934877e-06	7.419153e-05
chr2:74093667:+:chr2:74093667:G>A	-0.00087384746	-0.01992644	-0.030350577	-0.001430143	-0.0014939741	-0.0007230369	5.1964413e-05	-0.0008026253	-0.001047893	0.00022699616	0.0003687902	0.00022164258	0.0005954396	-0.0009619323	-0.00097619405	0.00018246066	0.00017505884	0.00016493147	0.0006254803	0.0002520843	0.0003199144	7.51452e-05	0.00013045831	3.799525e-05	0.00010757013	6.997585e-05	7.839636e-05	7.0355156e-05	8.602576e-05	0.00010440566	-0.00021136891	-3.5415997e-05	0.00027543848	5.8325855e-05	0.0003862706	0.00014432994	0.0002356009	0.00035036693	-3.547018e-05	4.1246414e-05	-0.013259584	-0.0049710707	-0.00022175095	0.000116261566	0.00030480733	0.0004487471	-4.5212833e-05	-0.0001532598	-0.00040693718	-0.00089491496	-0.00030106847	0.0006962039	-0.00020428137	2.1165068e-05	0.0001186891	0.0003078851	-0.0015772473	4.5082784e-06	-0.0027692318	0.00056118314	0.00030124187	0.00016272068	8.607453e-05	0.0004404404	6.771088e-05	0.00026821007	6.001646e-05	0.00016971068	0.0001778711	7.460334e-05	2.7537346e-05	0.00010431896	-0.00012289394	0.00015718286	0.0001303066	0.00028535453	0.0001403906	0.00024444406	9.7009266e-05	0.00010915778	0.00035662
chr2:74463389:-:chr2:74463389:G>A	0.0005179318	0.00056969037	0.0003900528	0.00085631286	0.0008510243	0.0007091869	0.00044848703	0.00064975565	0.0005883304	0.00069548865	0.0003322092	0.0006996935	0.0005832152	0.00075661053	0.0009361614	0.0006428849	0.0006034591	0.00046110153	0.00025723196	0.00023876537	0.0006333264	0.00023971904	0.00045097957	0.00047783417	0.0003358234	0.00078834186	0.000457807	0.0005433776	0.0006373579	0.0005526109	0.0009237636	0.0009613904	0.00067273056	0.0008556626	0.00082748587	0.00046144833	0.00081318076	0.00060224533	0.00046339902	0.00070597907	1.51720915e-05	0.00053379755	0.0009965029	0.0008293065	0.0009821112	0.0008080222	0.00029451196	0.0005754991	0.00054472144	0.000269413	0.0004877177	0.00016756491	0.0004197901	0.0005224401	0.0007332889	0.000995896	0.00059530954	0.00064867194	0.00058932736	0.0007856976	0.0007153424	0.001058275	0.00012741848	0.00031263178	0.00020278584	0.0004868074	0.0003350865	0.0004235181	0.00023993579	0.0006714734	0.0007845489	0.0006685257	-0.00047453967	0.00061644206	0.00054290076	0.00046131827	0.0016155243	0.0031032562	0.0021043257	0.0022472034	0.0007488511
chr2:96797646:+:chr2:96797646:A>G	-0.00044686144	-0.007476319	-0.018038321	-0.0008864511	-0.0011115074	-0.00027253412	-0.00013464148	-0.0010775219	-0.0010792884	0.00020436807	0.0015299212	5.6429344e-05	0.00014094873	-0.0005229386	-0.0012060729	-0.0025562374	-0.0012731552	7.9707665e-05	-0.0003465739	-9.088083e-05	2.8631905e-05	-5.271218e-05	-1.8618324e-05	0.00014058026	0.00024752182	0.00023276155	-8.106232e-06	-4.5787205e-05	-2.8165903e-05	-0.0005118413	-0.00011706352	-0.00015956705	0.000401822	7.705255e-05	0.0005949952	-6.771088e-05	-4.254688e-05	-1.8639998e-05	2.3711811e-05	0.00020655719	-0.01839226	-0.00972854	-5.9062786e-05	-0.00012731552	0.00021808798	0.00023956732	8.127906e-06	4.9244274e-05	-0.00016454133	-0.0005408417	-0.00073792716	0.00014191325	-0.00022098151	-0.00020653551	-3.925237e-05	-1.8152323e-05	-0.0006324378	-0.0002270395	-0.0021870462	0.00036053223	0.00019066985	0.00025715612	0.001099787	0.0005980622	0.0006465045	0.000626434	0.0004462112	0.00021613728	0.00076293945	7.3042786e-05	0.00022247704	-0.0009822845	0.00022697449	-0.00026637857	0.00020415132	0.0005830852	0.00014422157	-0.0001728318	-4.4085762e-05	-0.00024858388	4.4237484e-05
chr2:127289683:-:chr2:127289683:A>G	-0.000629165	-0.0088223545	-0.016332842	-0.0009463917	-0.0009958093	-0.00049261615	0.0006126057	-0.0012670431	-0.0010168769	-0.00014560873	0.0042362646	-0.00045880405	-0.00027647885	-0.00069635565	-0.00062613055	8.4877014e-05	9.476055e-05	-0.0005518306	6.0081482e-05	6.051497e-05	-0.00017101114	-0.00019446286	-0.00032715363	-0.0002822876	-0.0005208796	-0.0001207265	-1.8986788e-05	-0.00038790703	-0.00044666638	-0.00076965854	-0.0003351732	-0.00070962036	0.0001151345	4.5863064e-05	-0.0004347021	2.7439812e-05	-0.00010802529	-0.00041302768	0.00016099756	1.6819347e-05	-0.011876539	-0.003416755	-0.00030556592	-0.0001112331	-0.00024572285	-5.6786972e-05	-0.00023703142	-0.00041744925	-0.00034978174	-0.00033027475	-0.0015859171	-0.00042009354	-0.0004513914	-0.0003699823	-0.00016741319	9.046902e-05	-0.00086233835	-5.8564274e-05	-0.00094652176	-0.00021288612	-6.11652e-05	-0.00018806891	0.0031985587	0.0006483035	0.0013593327	0.0002706701	0.00066930597	0.0003374273	0.001191226	-0.00033408945	-0.00037501074	-0.0037820989	-0.0002786463	-0.0029344992	0.00062873145	0.0011227347	0.00041259418	8.3056366e-05	-6.1880455e-05	-0.0001651157	-0.00021401318
chr2:142954808:+:chr2:142954808:A>G	0.00044171375	-0.0054124054	-0.0012085438	-0.0043700826	-0.0043459805	0.000712839	0.0070899185	0.00063467026	-0.001346198	0.001318704	0.01936956	0.0013131987	0.00045743855	0.0013773225	-0.005824566	0.004161705	0.004392494	0.0061871787	0.00077496876	0.0060507166	0.00085674634	0.0009906725	0.001228636	0.007418329	0.008226308	0.0016153075	0.0049278517	0.0011071942	0.00055139716	0.0008359389	0.0008159009	0.00076983735	0.0011383512	-0.00013014404	0.0012696981	0.0016176321	0.0004983978	0.0023662178	0.0006641475	0.0017890659	0.00034893642	0.00070324814	0.0007549308	0.0010580583	0.0006243099	0.0012119684	0.008752433	0.00082130864	0.002123616	0.0037394871	0.002012112	0.0008645762	0.0020916678	0.0016993392	0.0011368773	-0.002064098	-0.0002926263	0.000621373	-0.0038131585	0.00051329355	0.0014801458	-0.0040279734	0.015505704	0.0028992838	0.009802558	0.0022506497	0.008438804	0.001803073	0.0074564326	0.0011003668	-0.0007100864	0.003008707	0.0039190054	0.0010755713	0.0056447117	0.0045706793	-0.001813325	-0.0081941	-0.0052315537	-0.011802804	0.00058374624
chr2:165880677:-:chr2:165880677:A>T	-0.0005095005	-0.010057493	-0.023893725	-0.0018760074	-0.0009542812	-0.00058859045	0.00012104078	-0.0018561103	-0.0024988435	0.0005203323	0.00030472604	6.928769e-05	0.0007467324	-0.00061836565	-0.0041569364	0.0013037595	0.00082593615	0.0002888441	0.0005579645	-0.00014631315	0.00011725317	-7.80279e-07	0.0002896894	0.00017121705	9.188869e-05	0.00046539848	-0.00010973757	0.00015067513	-0.00012218952	-0.00036859512	-0.00030369108	-0.00035495107	0.0011100877	0.0011111173	0.00025203553	0.0002934716	5.2229923e-05	-0.00021276149	0.0017996863	0.0006408637	-0.013286937	-0.0063927174	-0.00049308216	0.00030106847	9.540536e-05	6.0455364e-05	0.00010699576	0.0003172051	0.00010695241	-0.000113129616	-0.001281695	0.000411375	-0.0005290508	0.00010442734	1.78543e-05	0.00018249858	-0.0008686131	-0.00012648647	-0.0066842814	0.00038719177	0.00066510116	0.00040940804	0.00092787633	0.0013661818	0.0008012382	0.0012113344	0.0018701878	0.0015354969	0.0022226193	-8.883802e-05	0.00058346987	-0.0010358637	-0.00015291301	-0.00046976047	0.0011877093	0.0020381103	0.00019344958	0.0001022328	2.3690138e-05	-8.561394e-07	0.0003507625
chr2:165931757:-:chr2:165931757:C>T	-0.00019168854	-0.014649912	-0.018994289	-0.0017932112	-0.0012878939	-0.00016717477	-5.3795902e-05	-0.0011608384	-0.0012739355	0.00055919995	0.0008503957	0.00013362277	0.00019793077	-5.767562e-05	-0.0024918644	0.00020164793	7.220832e-05	0.00017464161	-2.22813e-05	1.5042045e-05	0.00042126395	0.00020712073	0.00044595113	-8.554892e-05	-0.000255433	0.00029371	-7.100539e-05	0.00011220845	0.00021102211	0.00012469292	0.00013492325	0.000100829384	0.00045733017	7.460334e-05	0.0003949512	1.85533e-05	0.000119967895	8.435683e-05	0.00089775433	0.0006334998	-0.022499172	-0.008808569	-0.0001541918	5.5876644e-05	0.00031479922	0.00036889856	-0.0002670288	-0.00016130101	-0.00042425503	-0.0014463338	-0.001003092	0.0005871166	-0.0003686168	-3.9685856e-05	0.00019457123	0.00027645717	-0.00029637598	-0.00022591244	-0.0030674285	0.00062834134	0.00026336583	-2.189116e-06	0.00128875	0.0013348623	1.1985952e-05	0.0002652515	0.0007324219	0.00069323456	0.0009544546	0.00016316501	-0.0002308542	0.00016600435	-0.0013561682	0.00022454695	0.0002668554	0.00061189046	0.00031731345	3.6976555e-05	0.00010379878	1.9723718e-06	7.3736366e-05
chr2:201272778:+:chr2:201272778:T>C	0.00013693896	-0.0051385704	-0.011076407	-0.0006605495	-0.00077689777	-0.0005728548	0.00023792007	-0.0015333783	-0.0016058142	1.2137673e-06	0.0012916868	1.0230325e-05	0.00023265318	-0.0005085902	-0.0010846312	0.0005095655	0.0007988323	2.8523531e-05	0.00032901764	0.0002429702	-6.4373016e-06	-0.0002808571	-9.848855e-05	0.00042763623	0.00017952919	0.00016026064	0.0005639683	-0.00015276129	-0.00019702045	-0.0007983121	-7.5860457e-06	-9.226799e-05	0.00061529333	0.00028090042	1.8206509e-06	0.0005117763	0.00011840733	-0.00044727325	0.00065573776	0.00070654263	-0.01420914	-0.0055123894	0.0003170967	0.0002863624	2.861023e-05	-1.1834231e-05	0.00011689013	0.00031891736	0.00023846193	7.950176e-05	-0.0013297688	-9.7990036e-05	-0.0003269369	-0.00016836687	0.00010577115	-2.6572834e-05	-0.00014240091	-0.00038171897	-0.0020083515	-5.2148647e-05	8.5570595e-05	2.6876276e-05	0.0029051846	0.0006374879	0.0009873564	0.00069002673	0.00093923917	0.0009423169	0.0007462068	-6.9011345e-05	7.542697e-05	-0.0004001097	-4.4335018e-05	-0.0007494146	0.0008090626	0.001266046	0.00026245552	-0.00015593659	-0.00019236044	-0.000323469	4.0769577e-05
chr2:224502963:-:chr2:224502963:A>G	-0.0005693652	-0.00751413	-0.020626415	-0.0011198304	-0.0013849519	-0.0008387132	-4.0964645e-05	-0.0016549284	-0.0024131427	-7.672744e-06	0.0001899275	-0.00011266361	0.0003401366	-0.0007616173	-0.002954483	0.0001084371	8.576566e-05	5.5871227e-05	8.500706e-05	7.2024086e-05	-0.00015228445	-9.7253105e-05	5.652688e-05	0.00019264221	6.3917854e-05	3.9230695e-06	-3.097274e-05	-0.0002540675	-0.0002062104	-0.0006866455	-0.00035910172	-0.00039586154	0.00032593988	2.5532463e-05	-0.00017237663	-0.00015083226	-0.00039458275	-0.00049153244	0.00064104254	0.00033562293	-0.007482702	-0.0041708513	-0.00042416833	7.80279e-05	4.0747905e-06	-0.00016253645	0.00018098137	-0.00017241998	0.00012278557	0.00016632947	-0.00038645483	0.0003796599	-0.0005248677	1.3113022e-05	-8.084557e-05	-1.1032278e-05	-0.0005816113	-0.00017412142	-0.0027285055	-0.0001891743	4.1094692e-05	-7.6900826e-05	0.00082394754	0.00044717573	0.00044698064	0.000593283	0.0006182194	0.00050520897	0.0007957654	-0.00016667625	0.00014515356	-0.00043685327	1.4998696e-05	-0.000535396	0.00028621068	0.00068558345	8.0325386e-05	2.375516e-05	-2.0270998e-05	-2.0189718e-05	-0.00031865726
chr2:224502964:-:chr2:224502964:C>A	-0.000429782	-0.008304813	-0.0210055	-0.001405174	-0.001311649	-0.00059257855	-0.00022841584	-0.0011866309	-0.0017633005	0.000105803665	-0.000628932	0.00014021179	0.0006834377	-0.0005986474	-0.00303017	0.0004579154	0.00022430853	0.00030505116	4.6014786e-05	-5.7122925e-05	-0.00010885976	0.00026193532	0.00029403513	-4.3451786e-05	-0.000118862496	9.765408e-05	-4.2416832e-05	4.9742786e-05	0.00039644676	0.00044224478	-0.00022838333	-0.00014040688	0.00013467399	0.0001452511	-5.244125e-05	1.5182929e-05	-0.00013074008	-0.0006929636	-3.2511625e-06	0.00017611547	-0.012999794	-0.0039658546	-0.00035034528	5.5345623e-05	0.00020291588	3.166632e-05	-0.0001945604	-6.086176e-05	0.0001929023	0.0002673756	0.000118342316	0.0031171928	-0.00054630364	9.120594e-05	0.000123089	5.881353e-05	-0.0006486394	-0.00026293777	-0.0029085116	2.2844835e-05	2.1208416e-05	-8.214062e-05	-0.00014209206	-4.3598087e-05	1.3188882e-05	0.00021039355	0.00019844012	0.0003852736	0.00029093568	4.0617855e-05	0.00012199445	0.00045656075	-0.00013147159	0.000762804	0.00019696626	0.00014792789	8.469278e-06	2.0736998e-05	4.6589157e-05	7.5101852e-06	-8.7001106e-05
chr2:224503073:-:chr2:224503073:C>T	-0.001506697	-0.00020954826	2.1024183e-05	-0.0005514838	-0.0005464554	-0.00056351314	7.180734e-05	-0.00034713745	-5.461953e-05	-0.00081807916	2.1641905e-05	-0.0010393317	-0.0012368072	-0.00092868373	-0.0007382306	-0.0008852807	-0.0006275719	0.0004736185	-0.00083921175	-0.0006280812	-0.00097140396	-9.5042315e-06	-0.00014211914	-0.00023139607	-0.000575239	-0.0004180995	-0.00075446477	-0.0006529851	-6.510995e-05	0.00021260435	-0.0008681687	-0.0003954714	-0.0014166399	-0.0023864182	-0.00036215782	-0.00083825807	-0.0010412823	-0.00011721524	-0.0010597489	-0.0012378476	-0.00011704185	0.0003267635	-0.0007461635	-0.00066605484	-0.00012399933	-0.00041148879	-0.00060766394	-0.0011223446	-0.0010279092	0.0003351515	-0.0006083792	-0.00010938536	-0.0005768646	-0.0009828265	-0.0012190993	-0.0004539923	-0.00075205887	-0.00045607306	9.142269e-05	-0.00082239235	-0.0003628514	0.00030110098	-0.00036772815	0.00033269144	-0.0008910786	-0.0012152846	-0.0011629408	-0.0012458888	-0.0006597909	-0.00085212965	-0.0019304102	0.00029210068	0.0005126216	-7.976727e-05	-0.00034498086	-0.0010002743	0.00011660836	0.00013160706	0.00019272891	0.0007871281	-0.00088613684
chr20:25302216:-:chr20:25302216:C>G	-0.00075877795	-0.003838409	6.528334e-05	-0.0010789958	-0.0006585121	-0.00081649696	-0.00022114407	-0.0006717769	-0.0006615682	0.00011545962	-0.00034936992	-0.00011415915	-7.9545105e-05	-0.0011408112	-0.00076892157	0.00018169663	0.00021659244	7.70959e-05	-0.0003603155	0.00019335747	0.00029483708	0.00030671468	0.00018156659	-3.0940228e-05	-3.3942135e-05	-7.3888084e-05	-0.00012837756	-0.0001997731	-0.00045377557	-5.635348e-07	-0.00068341603	-0.0004117272	-0.00022659519	-0.0009844954	8.171255e-05	-0.0007180842	-0.00038630312	6.541339e-05	-0.00089120865	-0.0004725023	-0.0023894743	-0.0023672364	-0.0005988641	-0.00022584741	2.1219254e-05	-2.9108742e-05	-1.3871627e-06	-0.0001180172	-0.0006370978	-0.0006715601	0.00038238007	0.00115115	-0.00014881654	-0.0001553839	-0.00014465506	-9.158524e-05	-0.0012226538	-0.00017185645	-0.0013075742	-5.559488e-05	-0.000104080544	-6.567348e-06	-0.00047458845	-0.00019602342	-0.00029680945	-0.00014920668	-0.00018100305	-0.00030489403	-0.0004182187	-0.00017812035	-0.00016286156	0.00014435161	0.0002035878	0.0005008524	-0.0003546043	-0.00020001152	-5.407767e-06	4.58739e-05	2.861023e-05	2.6995485e-05	-5.1108273e-05
chr20:32433917:+:chr20:32433917:G>A	-0.00076766446	-0.009247649	-0.021567257	-0.0012462139	-0.0012271837	-0.0006648194	-0.00046545808	-0.0021479346	-0.0021146645	-0.0002202771	-0.0008777434	-0.00018204343	4.021688e-05	-0.00062086363	-0.0027317135	6.773255e-05	-5.5378132e-05	9.601767e-06	-0.00014250929	-0.00040988487	-7.606636e-05	-0.00019829924	-9.926883e-05	-0.00022198936	-0.0005979538	-0.00022660602	-0.00019294565	-0.00024397807	-0.00027264247	-0.0004949136	-0.0003132712	-0.00038829717	8.371743e-06	-0.00039545514	-5.887855e-05	-0.00023853779	-0.00021196496	-0.00031187318	-0.000455813	-0.00017667901	-0.016885584	-0.009113485	-0.0005535104	-0.0004275387	-7.920915e-05	-0.0002382506	-0.0007767894	-0.0003256039	-0.0003898252	-0.00045608392	-0.0009991472	0.00026308408	-0.00079853967	-0.0002552271	-0.00016935305	-0.0005652038	-0.0011351217	-0.00033559042	-0.0044527487	-4.4692646e-05	-0.00017216531	-0.00016221133	-0.000801482	-0.00024852427	-0.00055030803	9.493394e-06	-0.00047548793	-0.00030632995	-0.00026386435	-0.00017463077	-6.164204e-05	-0.0003452626	-0.00019678203	-0.00021068616	-0.00025732952	-0.00022537058	-0.00036277014	-0.00046026707	-0.00015741045	-0.00028967857	-0.0002566251
chr20:32434431:+:chr20:32434431:G>T	0.0015129176	-0.0040277136	-0.00055798615	-0.0007641532	-0.0010154898	0.0028731606	0.00081576	0.001097159	0.0031295256	0.0018517104	0.00032231482	0.0019799145	0.0015543158	0.003515157	-0.0012684736	0.00017195399	0.0002908815	0.0035571186	0.0041070418	0.00042764164	0.0036406084	0.0027031032	0.0051488443	-0.00020689314	9.0783295e-05	0.0009893071	0.0015543808	0.004201716	0.0033268929	0.0022688778	0.002385963	0.00478155	0.0010367524	0.0015987483	0.0012357886	0.0014555021	0.0033439288	0.002189593	-0.00033747067	0.0003873435	-0.0006832806	-0.00019618598	0.0027516538	0.0027274436	0.0025610924	0.004595063	0.00015118447	0.0037357158	0.00088102167	0.0010547421	0.00061235647	0.002453197	0.0018740351	0.0015135462	0.0028669185	0.00020852956	0.0045411806	-0.00040719725	-0.0005965233	0.00084785983	0.0016889789	-0.0020753145	0.0007345893	0.003646504	6.704439e-05	0.00046699698	-6.17179e-06	0.00044323097	0.00011077794	0.0024018288	0.0010481531	0.0041725636	-0.0005344423	0.005504348	0.00060198526	0.00054090674	-0.0007114194	-0.0025909164	-0.0028728137	-0.003530394	0.0024345138
chr20:34928952:-:chr20:34928952:C>T	-3.5719437e-05	0.0006552609	0.00051108276	-7.273934e-05	6.3289294e-06	-1.0533767e-05	-0.00014964017	2.6486137e-05	0.00021058862	0.00024383719	-0.0002369664	0.00019624016	0.00015048547	0.00010577115	-0.00074473297	-0.0010542002	-0.0007748387	-8.804148e-05	9.575757e-05	-9.130348e-05	0.00038925084	-0.00023547086	4.6491623e-05	-0.00015219775	-0.00028558212	0.0005217899	-0.0002228997	0.00031633812	0.00037093597	0.00023664128	0.00018323552	0.00022970546	-3.563274e-05	7.778948e-05	0.0006698262	0.00010015748	8.782474e-05	0.00014840472	-2.6399439e-05	-6.242232e-06	-0.00062578375	0.0011839434	-2.1240929e-05	0.00011283701	9.7339806e-05	8.1625854e-05	-0.00040095503	8.453022e-06	-3.9924274e-05	0.00010529431	-0.00014615059	0.00012102994	0.00027654387	-6.419962e-05	0.0001765598	-0.00025870584	0.00013407794	-0.000790428	4.334883e-06	0.00034163214	0.00014426491	-0.00026633524	-0.00028073788	5.5985016e-05	-0.0008615581	-0.00037518414	-0.00018496947	0.0001669797	-0.00059103966	0.00028224426	0.00036898526	8.434057e-05	-0.0001561154	0.00027376955	-0.00021995198	-0.00041276758	-0.0016834519	-0.004168727	-0.00233026	-0.0044429083	-4.0856274e-05
chr20:44622931:-:chr20:44622931:C>T	-0.00035884164	3.4679066e-05	0.00016210297	-0.00043797493	-0.00045440413	-0.00024385886	0.00016782501	0.00010219487	0.0001397783	0.00024157221	2.8469345e-05	-1.1108138e-05	-8.876757e-05	-0.00020326268	-0.0007621592	-3.7643043e-05	-0.00015234406	0.0002862432	-5.7415527e-05	-5.7870693e-06	-0.00035496193	-0.00045511939	-0.0001734441	0.00045415488	4.215674e-05	0.0003379475	0.00014987317	-0.00022683902	-0.00026887655	9.355762e-05	-4.305623e-05	0.00020728329	-0.00021584467	-0.0001444925	0.00027863545	0.00017470663	-0.00025009568	6.749413e-05	-0.00023145025	-0.00012901696	-0.00012852928	0.0007868463	-0.00011392073	-0.0001220378	4.720146e-05	-8.603118e-05	3.9154835e-05	-5.392595e-05	-0.00034102527	-0.00015735626	-8.2113525e-05	7.1525574e-07	3.2457438e-06	-0.00014224919	-0.00032410838	-0.0003476793	-0.00022661686	-2.8924509e-05	-0.00030262905	-0.00014728849	0.00016407533	-0.00027452817	1.3833696e-05	0.00025643	9.393692e-05	0.00027223068	0.00016669794	-2.3104927e-05	0.00031578	-0.0001300465	-0.00081402605	0.00045997446	-0.00050310657	0.00034078144	0.00020321933	8.3945015e-05	-0.00021011179	-0.0011370399	-0.00055304443	-0.0008693608	2.628023e-05
chr21:34880556:-:chr21:34880556:C>G	-0.0009504231	-0.00788667	-0.024081491	-0.0022728227	-0.0016938556	-0.001548637	-0.0004186197	-0.0017727072	-0.0022817524	-0.00023591518	-0.0005091645	-0.00028000094	-0.00016355515	-0.0010639862	-0.0024820892	-0.00027595868	-0.00040431457	-9.614771e-05	-0.0003711527	-0.0004024939	-0.00018846989	-0.00023178621	-9.55625e-05	-0.00037936188	-0.00020998175	-0.00028466096	-0.00031538444	-0.00037897716	-0.00017976761	-0.00033796916	-0.00053811073	-0.0004324046	-0.00026215205	-0.00032150745	-0.0002708977	-0.00058950076	-0.00034034793	-0.000721032	-0.00046054882	-0.00025629456	-0.010457083	-0.004512917	-0.0005655939	-0.00033460965	-0.00017874892	-0.00018811226	-0.00036954338	-0.0004501126	-0.0006836761	-0.0008476647	-0.0003515157	0.0020552657	-0.00082997844	-0.00039462608	-0.00025621327	-0.00026331164	-0.0009970232	-0.00016632405	-0.0057002306	-0.00011815808	-0.0004622286	-0.00041789358	-0.0006219961	-0.00029093027	-0.00034368038	-1.3069673e-05	-0.0002311143	-8.266622e-05	-0.00026844305	-0.0002193451	1.1769208e-05	-0.00026538156	-9.711222e-05	0.0003566525	-0.0003087358	-0.00028544664	-0.00019785491	-8.2438644e-05	-8.4020874e-05	-8.851832e-05	-0.0003873435
chr22:20990384:+:chr22:20990384:A>C	-0.0006614165	-0.00049335306	-0.00025597485	-0.0018558069	-0.0016779032	-0.00051630626	-0.0011030111	-0.00040968982	-0.00052274356	-0.00024271011	-0.0026404858	-0.00031518936	-0.0005794005	-0.00076038187	-0.0031395392	-0.00026496974	-0.00024821542	0.0002961809	-0.00058028917	0.0010160967	0.00012280724	-2.7223066e-05	-0.00015065887	0.00035407327	-0.00021895496	-0.0004503727	-0.00060688367	-0.00054426625	-0.0004453009	0.00016693636	-0.00051448564	-0.0004066554	-0.0013292052	-0.0016771663	7.8699806e-05	-0.0008870905	-0.0012931391	-1.7491255e-05	-0.0019024069	-0.0012719631	-0.00041953	-0.00020202724	-0.0007314682	-0.001099283	-0.0002425584	-0.0008840127	0.00018141487	-0.00047302246	-0.00030877374	0.00029828332	-8.934194e-05	0.0002874461	0.0005652038	-0.0005250411	-0.00042076546	0.0009065541	-0.0012074384	0.0017896132	0.00033417615	-0.00056893175	-0.00055378134	-0.0009026094	-0.0027335773	-0.0010769151	-0.0022136515	-0.0007197207	-0.0007948009	-0.0006038276	-0.0016024763	-0.00032470442	-0.00037613782	0.00030640038	-0.00028504024	8.2276085e-05	-0.0006904602	-0.001168121	-0.0029411316	-0.008544749	-0.0024378516	-0.0034916617	-0.0012720282
chr22:23793689:+:chr22:23793689:G>C	-0.0014592084	-0.01324853	-0.028455865	-0.0018398545	-0.0021129088	-0.0008433949	0.00089415634	-0.002547871	-0.002145312	0.00065055763	0.0021834427	5.3709202e-05	0.00068837946	-0.00060653687	-0.0036000772	0.0009803989	0.0009407997	0.000492627	-0.00018310547	0.001275301	0.00058755005	0.00035043198	0.00049209595	0.0011564385	0.0013483438	0.00082748587	0.0007211512	-0.00012516975	-0.0001243678	-0.00039417093	-0.0011450594	-0.00085293164	0.0010287762	0.0004868074	0.0013890917	1.4370138e-05	-9.083748e-05	0.0006331097	0.0005055774	9.09892e-05	-0.019381784	-0.007647341	-0.0005963499	0.0002500794	0.0010900497	0.000523112	0.0014811213	-4.5516273e-07	-0.00018557635	0.00016286156	0.0005542582	0.0024243703	-0.00044848703	2.5163998e-05	-0.00042514366	0.0004682866	-0.0024176945	0.00017820705	-0.002788934	0.0013710585	0.00036332823	0.00040555	0.00023761121	0.0003474734	0.0007213896	0.0004487471	0.0008936795	6.510995e-05	0.0018430407	-0.00012501804	0.000421394	0.0018611822	0.0006598126	0.0012540384	0.0007154508	0.0015464696	0.00047759575	0.0005836053	7.414818e-05	9.346008e-05	0.00063900516
chr22:23801082:+:chr22:23801082:G>A	0.0012163683	-0.0013037595	-0.0032313087	0.00087001105	0.0009809841	0.0011315779	0.0007219748	9.8315155e-05	0.0005475391	0.00084803323	0.0014308799	0.00089814444	0.0006678321	0.0014639768	0.00080758875	0.00025935608	0.00038855727	-0.00021774118	0.00080321054	8.4801155e-05	0.0004999854	0.0006033724	0.0007916797	0.0005007874	2.1197578e-05	0.0009157874	0.0008176457	0.0012532581	0.0012800043	0.0007116578	0.0011566769	0.00097170746	0.00091604755	0.0014961417	0.0004917058	0.0010633469	0.0011727159	0.0004592592	0.0012415972	0.0014554803	-0.0029667942	-0.0006216656	0.0007082766	0.0011721525	0.00046821075	0.0011046584	3.0842693e-05	0.0007034215	0.000515591	-0.0009026094	-2.5489113e-05	-6.3549385e-05	0.0006421696	0.00065170636	0.0012383894	0.0004899285	0.0015350255	-5.1335854e-05	0.0001578331	0.00076185574	0.0010476545	0.00061000476	0.0014597719	0.0018250726	0.0006246567	0.0009682395	0.0006273443	0.0017223358	0.0006449439	0.00065647473	0.0017556277	-0.0005598502	-1.1400743e-05	0.00016420538	0.0009727478	0.0009118427	0.00042321466	0.0002395023	0.00011721524	3.7800182e-05	0.0010245497
chr22:26470814:-:chr22:26470814:C>T	-0.00078571925	-0.0012963251	-0.0011340163	-0.0014344562	-0.0013383952	-0.00038753857	-0.00013043663	-0.00074950134	-0.0006072738	-0.00026395105	-0.001283819	-0.000166893	-0.00040539828	-0.00051936234	-0.0018108542	-5.4294414e-05	-3.8721344e-05	0.00011229515	-0.00010993264	-4.1593205e-05	-0.00021303784	-0.00013288585	-8.592822e-05	-0.0003361702	-0.0005644885	-0.00027424638	8.127906e-05	-0.00043900448	-0.00013871626	3.823367e-05	-0.0002785596	-0.00028781456	-0.0013464581	-0.00095345755	-0.00038983606	-0.00040765243	-0.00067710876	-0.00031877647	-0.00096008996	-0.0005999912	-0.00096269086	-0.0002936233	-0.0005665909	-0.0007940639	-0.00026202202	-0.0005309798	6.519665e-05	-0.00035374815	-0.0003734502	-0.0003080368	-0.000109910965	2.8404322e-05	-0.000115156174	-0.000303962	-0.00025794722	-0.00024201653	-0.0011157122	-0.00073159824	-0.00091559236	-0.00030220638	-0.00031952423	-0.0009529374	0.00056216936	-0.0004173192	-0.00041900983	-0.0007130016	-8.743459e-05	0.00013130362	-0.00010212985	-0.00016910379	-0.0001580065	0.00018746745	-0.00046279214	-2.4015253e-05	-0.00035147232	-0.00017846715	-0.0015448224	-0.003959634	-0.0015357625	-0.0020176498	-0.00096696074
chr22:29042493:+:chr22:29042493:A>G	0.0011279366	-0.0015181628	-0.0011440191	-0.00028224426	-0.000534231	0.0010439699	0.0032213384	-0.00035363977	-0.0010080771	0.0019747561	0.005916682	0.0015156053	0.0007951043	0.0010309652	-0.0016984072	0.0009310029	0.000931393	0.0014004274	0.00037136945	0.0031443508	0.0009758256	0.0007737767	0.0008402087	0.003000346	0.00439089	0.0013868592	0.003454295	0.0010993264	0.00077791646	0.00027472322	0.0018072345	0.0012646589	0.0015458628	0.00056535547	0.0012995113	0.001571937	0.000540755	0.0025347145	0.0013215758	0.001977834	-0.0006054965	-3.5112555e-06	0.002273993	0.0020402996	0.001855937	0.0018937804	0.0033205205	0.001291275	0.0017334331	0.0005865964	0.00070719287	0.0005123615	0.00081478467	0.0019027536	0.0016924251	-0.00057064404	-0.00050952216	0.00029113077	-0.0019395568	0.0015561797	0.0012252982	-0.0006933212	0.0067729084	0.0028639706	0.0050754547	0.0033753135	0.00550088	0.0020528273	0.0054767784	0.0012312368	0.0024778193	0.0025149258	0.018475793	0.0012921203	0.0038272685	0.0030951933	0.0019652627	-0.0016970201	-0.0021572113	-0.0028596357	0.0016186021
chr22:29639213:+:chr22:29639213:G>A	-9.926883e-05	-0.011870124	-0.030429406	-0.0008553592	-0.00031835382	-0.00017322194	0.0014098774	-0.0022133915	-0.0017829374	0.0015640259	0.0001802336	0.0009811575	0.00086871063	-0.0002923445	-0.0017580553	0.0009988005	0.0010012713	0.0014137789	0.00065161963	0.0010856282	0.0018639998	0.0011493509	0.0037156886	0.0005122965	0.00044423883	0.0016228069	0.0012716814	0.0006475882	0.00069150055	0.000104947525	0.0010834608	0.0010643873	0.0017610029	0.0021545237	0.0014009476	0.0005461303	0.0015845732	0.00054454803	0.0017119321	0.0024277081	-0.021619104	-0.01327532	0.0013871626	0.0020356611	0.0012630549	0.0009533709	0.00051316345	0.0007785017	0.0005911914	0.00043002042	0.0008669766	0.0020913428	0.0001300465	0.00096797943	0.0014621561	0.0008234978	0.00078938226	-0.00052349136	-0.0068083676	0.0007923733	0.0014964017	0.00062578375	0.0017027096	0.0022822076	0.0007993525	0.0010022684	0.0016760826	0.0024907372	0.00079761853	0.0010482614	0.0004506111	-0.0005728982	-0.002002196	0.0011949539	0.0023911216	0.0021261303	0.0015931563	0.0010963787	0.0011770074	0.001259717	0.00065296347
chr22:29681438:+:chr22:29681438:G>A	0.00011972948	-0.00017764351	-8.424846e-05	-0.00019259886	-0.00013286417	-2.3841858e-06	3.5849484e-05	7.117878e-05	2.011386e-05	0.0002168742	-4.9851155e-06	0.00026945633	0.00034254248	0.00012330576	-0.00035736777	-2.9141253e-05	-1.6906044e-05	7.01926e-05	0.00044688312	-4.8962505e-05	-1.2137673e-06	9.818511e-06	8.433515e-05	4.7423622e-05	2.500144e-05	0.000275005	0.00010956417	0.0002618703	0.00025311383	5.3730877e-05	0.0003769181	0.00010206483	0.0002334768	0.0001078519	0.00029360165	0.0005728548	0.0001708811	-0.0001579198	-1.4001673e-05	0.0004001964	-0.00020454147	-2.1457672e-05	0.00014942343	0.00019693375	4.8767437e-05	9.315664e-05	-7.172064e-05	1.7426231e-05	-4.2091717e-05	-4.638325e-06	4.8745762e-05	6.7786736e-05	0.00021353635	3.70199e-05	7.315115e-05	0.00016793338	0.00011376901	-8.458441e-06	0.0001559691	0.00014493683	8.656762e-05	-7.8157944e-05	0.00011363896	0.0003378608	-0.00024292686	-0.0008711381	1.1942603e-05	-7.503683e-05	-2.5055626e-05	0.00023365021	-0.00030491568	2.3560091e-05	-4.5592136e-05	0.00010663813	8.366324e-06	0.00012007626	-0.00030591272	-0.00047219882	-0.00053163007	-0.0005141605	0.00015111403
chr22:41131635:+:chr22:41131635:T>C	-0.0005674037	-0.0067730383	-0.023561781	-0.0008947524	-0.0009977384	-0.00061221555	-0.000103359875	-0.0015271577	-0.0016100407	5.559488e-06	-5.104325e-06	-8.295341e-05	6.703897e-05	-0.00019389932	-0.0028127106	-5.15526e-05	4.4291668e-05	0.00011611527	2.286651e-06	-5.3741715e-05	6.429716e-05	5.888939e-05	9.7334385e-05	3.1227417e-05	-6.386908e-05	9.8195946e-05	-1.8211927e-05	-6.193465e-05	-0.00029705872	-0.00167799	-0.0002771616	-0.00018344684	0.00033193285	-0.00012168559	0.00018660047	-8.963455e-05	-5.0447205e-05	3.012744e-05	0.00018980286	2.518567e-05	-0.010686181	-0.0051670293	-0.0004033609	-0.00013289669	0.000112316826	0.00016215714	-9.34059e-05	0.000104817474	-7.416985e-05	-0.00020896304	-0.0004593459	0.0004949082	-0.0005407659	-9.173697e-05	-5.5378132e-05	-5.9431248e-05	-0.00049249694	-0.0003848672	-0.0034775843	0.00027505917	2.7851625e-06	1.3064255e-05	-1.8683348e-05	0.00033869527	-9.206208e-06	0.00034492667	0.00012638351	4.1853298e-05	4.257939e-05	-6.686016e-05	0.000493223	-0.00041342323	-2.255223e-05	-0.00019976767	4.7374855e-05	0.00013843992	1.2267719e-05	2.2200022e-05	3.0929394e-05	3.6196275e-06	4.2806972e-05
chr22:41147946:+:chr22:41147946:G>A	-0.00029928033	-0.005960248	-0.017921621	-0.0006494956	-0.00039850583	-0.00017831543	0.00021202998	-0.0011593862	-0.001083244	0.0008805232	-0.00032155623	0.0002654791	0.0010165517	-0.00025302713	-0.002061432	0.0008347143	0.0006487695	0.00018196757	0.0004964525	-9.016557e-06	0.0005567182	0.00021363389	0.0004244501	1.9745394e-05	-3.6413019e-06	0.0006984364	0.00041864134	0.00033304907	1.0685487e-05	-0.00016754324	4.870241e-05	8.953701e-05	0.0007703521	0.00058596785	0.00055412814	0.00035429	0.0004809011	0.00020678477	0.00094340066	0.0005389398	-0.006285754	-0.0026164488	-0.00012542984	0.00030699643	0.00013946403	0.0002749508	-9.584427e-05	0.00031460414	0.00029061057	0.00034553354	-6.001646e-05	0.00016069412	-0.00030851364	0.0003069314	0.00043077904	8.644841e-05	-0.00027199226	-0.00024039095	-0.0016836904	0.0005970435	0.0005141171	7.952343e-05	-0.00023226305	0.0013830878	-7.2994015e-05	0.0004936782	0.000120412216	0.00061850116	1.29179525e-05	0.0001386079	0.0004441413	0.00030164828	-0.0002058636	-4.5895576e-05	0.00037923726	0.00052879076	-3.1102788e-06	-2.2866509e-05	2.0081347e-05	-2.2763556e-05	0.0007428473
chr22:41172497:+:chr22:41172497:A>G	4.8772854e-05	-0.00031128255	-0.000104817474	-0.00017462535	-0.000251705	0.00022577698	0.00022745674	7.35142e-05	1.707944e-05	0.0003789284	0.00021865693	0.0003344254	0.00012474711	5.383925e-05	-0.0004271323	0.00016477975	0.0001114065	0.00071464886	0.0002951622	0.00037819147	0.00030318715	0.0007048737	0.00118047	0.0003885085	0.00029005247	0.0003251	0.00028963524	0.00033161856	0.00042674757	0.000577271	0.00030758706	0.00022947788	0.00031792035	0.0003338998	0.00047281114	-4.03686e-06	0.00028189746	0.00049795886	-5.6407666e-06	0.00013536215	-5.9989365e-05	0.00022648681	0.00023847818	0.00034084104	0.00035742196	0.0003275817	0.0009737177	0.0007577268	0.00017508051	0.0002876412	0.0002460317	0.00015297261	0.00032410296	0.00026144224	0.00028347428	0.00020329519	0.00010659478	0.00068149786	-0.00011114641	0.0005264499	0.0004400611	-0.00025180794	0.00021601807	0.00029038842	2.6003881e-05	-2.4172392e-05	0.00025871667	0.00011081587	0.00013406169	0.00031793118	0.00055410643	0.0002455332	0.0002399954	0.00022203814	0.0001608946	0.000121019104	-0.00033968687	-0.0017331188	-0.0018308813	-0.0019945286	0.00022985176
chr22:41172664:+:chr22:41172664:G>A	0.00010527264	-0.0034826885	-0.017462946	-0.0006612431	-0.00020707738	-0.0001635985	0.00011040948	-0.001601826	-0.0023409238	0.00044714322	0.0012688149	0.00018603151	0.0005032366	5.865097e-05	-0.0026407242	0.0009235902	0.0005694953	0.00027802857	0.00026724554	0.0003169233	0.00029529224	0.00015735626	0.00055430154	0.0001929023	0.00015815822	0.00035114723	0.00036295978	0.0003610741	2.8826973e-05	-2.4622137e-05	-2.530488e-05	-0.00012568994	0.0006254261	0.0006085526	0.0004096248	0.00016812845	0.00022229282	0.0005172383	0.0010952733	0.00053589995	-0.018587459	-0.0067077116	0.000116586685	0.00036514888	0.000233997	0.0003143007	-0.00014938008	0.00035489688	0.0005890239	1.8336556e-05	-0.0004943501	0.0015881712	-0.00070940366	0.0003848943	8.424846e-05	-0.00028484518	-0.0007409616	-0.0006381815	-0.0068779425	0.00026234714	0.00040117177	9.714474e-05	0.000682652	0.00059085543	0.00018450347	0.00038164313	0.0007565238	0.00038175148	0.00068503077	8.7196175e-05	3.2598324e-05	0.00035281616	0.00017264756	0.0002767823	0.00043538483	0.0007410375	0.00027563356	0.0001802878	7.2999435e-05	-1.2354417e-05	0.00039677185
chr22:46355587:+:chr22:46355587:A>G	-0.0005230037	-0.011882912	-0.0131957745	-0.0006184578	-0.00086363876	-0.0006652312	-0.00064468384	-0.00063553726	-0.0005732233	0.0003709793	0.0014218851	5.011125e-05	-5.6136738e-05	-0.0019088225	-0.0007301677	-7.40398e-05	-5.8737667e-05	0.00029537894	-0.0005007657	0.00014994362	-6.478483e-05	0.0003032251	-1.8119812e-05	0.0005809177	0.0005106926	-2.527237e-05	-0.0005665259	-8.9883804e-05	-0.0003335259	-3.9967625e-05	-0.0006080974	-0.0006323077	0.00040613522	-0.00031029095	0.0003974871	-0.00063510373	-0.00067882106	0.00010919571	0.0004970377	0.00031146136	-0.01776938	-0.0064014522	-0.00021605058	-0.00025359067	0.00034076517	3.0495903e-05	0.00041640888	-6.341934e-05	-0.00013394789	-0.0003152327	0.00035372647	0.0008959987	0.00017610463	-0.00040206042	-0.00021128221	0.00015180762	-0.0018598383	0.00031969763	-0.0013855371	7.0311806e-05	0.00033439288	0.00042057037	0.0017416152	0.00034823202	0.0015137846	0.0012020632	0.0009847555	0.0005642284	0.0017037392	-0.00018412416	0.00012741306	-0.00073177164	-6.905469e-05	-0.00040938638	0.0005166747	0.0005310232	0.0006507093	0.0007167296	0.00037212807	0.0004492673	9.5540825e-05
chr22:50447319:-:chr22:50447319:C>G	0.00018720193	-0.0016507019	-0.0019195947	-5.1097436e-06	1.3492324e-06	9.213795e-05	0.0006271709	0.00017874892	0.00010317022	0.00028683923	-0.00012635643	0.0002553138	0.0005000288	-2.189116e-06	0.00014016846	0.00071342423	0.00044447725	0.00080633163	0.00056610326	0.00059873407	0.00020171296	0.00042519785	0.0006186854	0.0012426809	0.00071829016	0.00010895729	0.00025757877	-2.6155602e-05	0.00030712647	0.00043305484	0.00034504588	0.0006728606	0.00010984594	0.00041300058	0.00015171008	6.9618225e-05	0.0008641102	0.00025829402	8.2357365e-05	0.00064640696	-0.0033140182	-0.00091559236	0.00051118026	0.00041930785	0.0001811331	0.00015074015	0.0008117069	0.00022047217	-9.999492e-05	-0.0001231432	0.0006574934	0.0017900142	0.0004397739	0.00027917733	0.00032681768	0.00025841323	0.00020467151	0.00060892105	0.00018819353	0.00014767864	0.00027411093	0.0001930486	-8.824197e-05	-0.0002912554	0.00029815326	0.000121799385	0.0007601001	0.00067105074	0.00021360138	0.00016516988	4.925511e-05	0.001672398	0.0014584281	0.0016463454	0.0003199198	0.0005583113	0.00056316634	0.0006324161	0.00037542256	0.0004235181	0.00047291408
chr3:10142188:+:chr3:10142188:G>C	-0.0014855753	-0.034405187	-0.05302243	-0.002278588	-0.0033482204	-0.00077176094	0.00084443524	-0.0033725826	-0.0041865003	-0.0002606999	0.0023634324	0.00010804697	0.0005562089	-0.0011153221	-0.002555067	0.00035476685	0.00033883614	0.00010984594	4.8463993e-05	0.00042950024	0.00021165068	2.5879253e-05	0.00017729672	4.5733017e-05	0.00030201132	0.0005652471	0.0006641475	-4.010851e-05	0.00036356665	-0.0014211915	3.0170788e-05	-0.00015627254	0.00046533888	0.00041057848	0.00023109262	0.00076334045	0.0006494956	0.00019745393	5.6115063e-05	0.0003373081	-0.03946738	-0.019005906	-0.00012376091	0.00043693456	0.00048298185	0.0008925958	-0.00025887924	-2.1826138e-05	-0.0012732636	-0.0015705499	-0.0018378171	0.00059383566	-0.0011161674	-0.00020681728	0.00041864134	-0.00023022565	-0.0019994648	-0.0005249977	-0.010121692	0.0007150607	0.0007265156	0.0002938184	0.001970134	0.0011609305	0.00084894354	0.00087959116	0.0011842467	0.0006449439	0.0013503378	0.00019879774	0.0002659126	-0.00049216097	5.8911064e-05	6.242232e-05	0.0006622618	0.0010210817	0.00088386104	2.930381e-05	-0.00014764612	-0.00050440704	0.0006337816
chr3:10142189:+:chr3:10142189:T>C	-0.0016781092	-0.03437662	-0.05304241	-0.0025451833	-0.00364969	-0.00115607	0.0003301447	-0.003634583	-0.0043781023	-0.00051207974	0.0014211156	-0.0004345287	0.00015126575	-0.0014155128	-0.002750375	2.3495068e-05	0.00015523216	-2.7569857e-05	-0.0002579689	-0.00010074268	-0.00020582025	-0.00029004703	-0.00019203532	-0.0002873594	-9.593097e-05	0.00013279915	0.0002976114	-0.00014011427	-0.00021592053	-0.001589385	-0.00042399493	-0.0006062334	0.0002637939	0.000102184036	-0.00014955347	6.529418e-05	8.026036e-05	-0.00019398602	-0.00042933767	-5.140088e-05	-0.03735976	-0.018208308	-0.00044133447	0.00021407822	0.0002691529	0.00046363744	-0.00047796423	-0.00025427341	-0.001569011	-0.0018010356	-0.0021634535	0.00019127672	-0.0015536222	-0.00048717586	-8.2189385e-05	-0.0005674796	-0.0022977917	-0.00086454913	-0.010325605	0.00025122816	0.0004916841	6.836111e-05	0.0013646159	0.0005903732	0.0006164854	0.0006449439	0.0006556511	0.00036876852	0.0008633787	-0.00025352565	-6.32893e-05	-0.00086318364	0.0004311475	-0.00041549857	0.00036000123	0.00052777206	0.00053600833	-0.0003144091	-0.0003530329	-0.0007801056	7.797371e-05
chr3:10146638:+:chr3:10146638:T>C	-0.00047918884	-0.013130144	-0.03178887	-0.00055565615	-0.0010018349	-0.00042278116	-0.00017400221	-0.00039810484	-0.00043987687	-0.00021815841	-0.00012833964	-0.00019841302	-0.00034366956	-0.00030625408	-0.0005089857	-7.923625e-05	-7.107583e-05	-9.026311e-05	-0.00026564163	-8.36795e-05	-0.00014340878	-0.00019441951	-0.00016356599	-9.865652e-05	-9.231676e-05	-0.00013606115	-7.3736366e-05	-0.00017759475	-0.00018953736	-0.0003053275	-0.0002219948	-0.00022841584	-0.00020323017	-0.00027589363	-0.00013285334	-0.0004294027	-0.0002733198	-0.00016825307	-0.00042489442	-0.0003713261	-0.012735876	-0.0029704084	-0.00031203573	-0.00038132883	-0.00010434606	-0.00019089201	-0.00010061806	-0.0002170151	-0.00032124194	-0.000750986	-0.00024175103	-0.0003430735	-0.00025768715	-0.00017275052	-0.00016569007	-0.00015957789	-0.00021268021	-2.48443e-05	-0.00119911	-0.0001899329	-0.00020474737	-0.00017992475	-0.00013729659	-0.0003071915	-0.0001701821	-0.00044485656	-7.038225e-05	-0.00042647665	-0.000110024754	-0.00012296438	-7.530234e-05	-0.00036049972	-0.00017925826	-0.000355688	-0.0002606782	-0.00014558164	-6.707148e-05	-9.071827e-05	-7.806041e-05	-8.4833664e-05	-0.00037337432
chr3:10149785:+:chr3:10149785:A>G	-0.0008238662	-0.0012008493	-0.0012236509	-0.0012050542	-0.0014824867	-0.0003802343	-0.00033031811	-0.0009209893	-0.00088830426	-0.00019431114	-0.0003505241	-0.00033112007	-0.00044343687	-0.0006608963	-0.0017282746	-0.0001138232	-0.0001881231	0.00037516246	-0.00015958873	-2.4763021e-05	-0.0003246611	-0.00010694157	-0.00014053691	0.00032347982	0.00029299475	-3.8753857e-05	-0.00011036613	-0.00028637322	-0.00032277542	0.000114961105	-0.00041950832	-0.0003500418	-0.0006258704	-0.0006875558	0.00022909859	-0.000783075	-0.00074176356	-0.00018913095	-0.0008299134	-0.0008193363	-0.00032958118	-0.00028664415	-0.0005231554	-0.00048054347	-9.07291e-05	-0.00032130154	0.00013663551	-0.0003901178	-0.00032966788	-0.00018980286	-0.00018124147	0.00039047544	0.00017289682	-0.00031130965	-0.00022810156	0.0009969365	-0.0004712018	0.0010715182	0.00062816794	0.00010928241	-0.00015677106	-0.00050241296	-0.00019881943	-0.0010675733	-2.861023e-06	-0.00019277226	9.444085e-05	-0.00016802008	-6.914139e-06	-0.00010434064	-1.300465e-07	0.0002142191	0.0017168089	3.71933e-05	-0.00025643	-0.00021335212	-0.0009161342	-0.0030124404	-0.0019635288	-0.0022120476	-0.0008108616
chr3:10149786:+:chr3:10149786:G>C	-0.001014211	-0.00026884946	-0.00030352853	-0.0010124553	-0.0012819984	-0.00039698862	-0.00048793445	-0.0007216714	-0.0007256161	-0.0003582998	-0.00091631303	-0.00045726515	-0.00076850975	-0.0007974235	-0.0014517958	-0.00016836687	-0.00023837523	0.00028360973	-0.00033434955	-6.438385e-05	-0.00021145561	2.6312742e-05	-5.4717064e-05	-0.00026546826	-0.00024539774	-0.00041840292	-0.0002635609	-0.00033400275	-0.00025883588	0.00020794435	-0.00046966292	-0.0003983541	-0.0010888035	-0.0008960637	-0.00028176742	-0.0011016239	-0.0008959228	-0.000223745	-0.0012955449	-0.0012670214	-0.00015475533	-0.000102953476	-0.0006949468	-0.00066958775	-0.00016489896	-0.00061474065	3.1319532e-06	-0.0006843697	-0.00050709466	-0.00036499716	-0.00032927774	0.00022985718	-1.7187813e-05	-0.00030071085	-0.0003061728	0.001571937	-0.00037076257	0.001222177	0.0012905381	-0.00020634044	-0.00025530296	-0.00037808853	-0.00074517727	-0.0017596158	-0.0002667037	-0.0006919991	-0.00024168058	-0.0005404624	-0.0002684268	-0.00015115738	-0.0005023263	0.00011189959	0.0003338727	5.7881527e-05	-0.00052558293	-0.0005835295	-0.0010647557	-0.003419681	-0.0015393171	-0.002247247	-0.0011798252
chr3:10149786:+:chr3:10149786:G>T	-0.00047271902	0.00026772238	0.0005858161	-0.000347766	-0.0003808845	5.5399807e-05	-3.6304646e-05	-1.7339533e-05	-6.2162224e-05	5.5692413e-05	-0.0007925684	0.0001814582	-0.00038695335	-0.0003089688	-0.0007053072	7.101081e-05	1.0777603e-05	0.0007322268	-9.634278e-05	6.160411e-05	0.0002910874	0.0002413663	0.00020427596	-1.2365254e-05	6.719611e-05	8.261204e-05	0.00010725585	0.00011958859	0.00043827837	0.0006246025	3.229488e-05	4.1094692e-05	-0.00067873433	-0.00043658775	0.00036769564	-0.00070622837	-0.0004384951	8.0639664e-05	-0.0009938045	-0.0007993091	-0.00011205673	0.0003050674	-0.00027441978	-0.00030633537	0.00013320554	-0.00023053992	0.0002289902	-0.00017790361	0.00020627542	0.00024383719	-3.3958393e-05	0.0004296086	0.00020145286	0.0002131137	0.00018336556	0.0012619387	0.00010875138	0.00092533504	0.0015441288	0.0001262318	0.0002785054	0.00053766643	-0.00067782943	-0.0014303706	-0.000118130985	-0.0005093921	-0.0001807863	-0.00033653324	-0.0001958392	0.00048947334	-4.5559624e-05	0.00025221976	-3.7670135e-05	0.00044551762	-0.00029523807	-0.00037781757	0.00037423047	-0.0010854114	0.0015260522	0.0010328726	-0.0005535429
chr3:14158009:-:chr3:14158009:A>G	-0.0019061349	-0.025739886	-0.035178486	-0.0050998167	-0.0022416115	-0.0023199862	-0.00023256648	-0.0051132548	-0.00474505	0.00043864685	0.0012163575	-4.1354786e-05	-0.0002505129	-0.0016441778	-0.0043495353	0.0012542118	0.0012090423	0.0005003322	3.1297855e-05	0.0006795363	-5.4446133e-05	-0.00013689561	9.1032547e-07	0.0010496053	0.00041285428	-0.00039857085	-8.877841e-05	-0.00016138771	-0.0003078634	-0.0004889315	-0.00090698764	-0.00045338544	0.0008753213	-0.00047770413	-7.6250595e-05	-0.0015136328	-0.0002803369	-0.00036504053	0.0012920554	-0.00016695802	-0.023958206	-0.011426102	-0.0008778572	0.00040856274	-0.000114094124	0.00012369589	0.00020503998	-0.00017157468	-0.00092059915	-7.42999e-05	-0.0032138824	0.0003307299	-0.0007950176	-0.0003211715	-0.00018475273	-0.0012362654	-0.003789555	-0.00088847766	-0.01366754	-0.0002600063	-0.00012347916	-0.00017075105	0.0013288531	0.00010367415	0.0027846424	0.0020201856	0.0016840588	0.0027129	0.0021166368	-0.00010988929	0.0003521009	-0.001044837	0.0014100942	-0.00073263864	0.0020224615	0.0017256304	0.0009943788	0.0001265786	0.0005656589	0.0003199144	0.000115654686
chr3:25739800:-:chr3:25739800:C>T	-0.00010451404	-0.00027269125	-0.00023587183	-0.00022924488	-0.00026092204	5.227869e-05	-4.383109e-05	-0.000114061615	-0.00022935867	4.261732e-05	-3.7984413e-05	9.2007895e-06	-3.0322508e-05	0.000104579056	-0.00040855192	-8.512627e-05	-9.950183e-05	-3.5892834e-05	1.1032278e-05	-0.00017407266	0.00010988929	-2.4817207e-06	0.00010220029	-0.0002835718	-0.00010456822	7.786534e-06	2.9146671e-05	7.86673e-05	9.577383e-05	0.00010460073	-3.886223e-05	0.0001933358	-4.7997994e-05	-5.596876e-05	-2.1045858e-05	-0.00014421073	-1.1812557e-05	-7.943674e-05	-8.969957e-05	-8.2476574e-05	-0.0002822009	-0.00028332256	-5.6776134e-05	-3.3866276e-05	-3.6320904e-05	4.7347763e-05	-7.35142e-05	3.931739e-05	-7.455999e-05	-3.3562832e-05	-0.00012604216	-4.0823765e-05	-0.00012056936	-2.5608322e-05	8.585236e-05	-0.00037638165	6.910888e-05	-0.00029080565	-0.00044377285	3.000823e-05	-4.968318e-05	-0.00030511076	-6.235188e-05	-2.3088673e-05	-6.344644e-05	-0.00016271527	-6.922267e-05	-7.7144665e-05	-6.1847946e-05	3.913316e-05	2.3668463e-05	-9.903041e-05	-0.0005673116	0.00016056407	-9.8022545e-05	-8.319183e-05	-0.00051972544	-0.0008131428	-0.0010063865	-0.0008763725	-6.807934e-05
chr3:30672439:+:chr3:30672439:T>G	-0.0007667975	-0.002681212	-0.0012031252	-0.0001718131	-0.0005469756	-0.0011037913	0.00014118715	-0.00071735814	-0.0014099642	0.0004569509	0.00024107369	0.00019437616	0.00019428947	-0.00076038187	-0.0034309083	0.0021923454	0.0029777614	0.00022776019	-0.00012664362	0.00049238856	0.00033534656	0.00037685307	0.0003019463	0.00029844587	8.592822e-05	0.0003605214	0.00026812337	0.0002723824	-6.504492e-05	-0.0010445334	0.000104622406	-5.2820553e-05	0.00051732495	0.0001383478	0.0004873926	2.1381811e-05	0.00015788729	2.64753e-05	1.5497208e-05	0.00044343687	-0.0041251616	-0.00089207565	-0.00021732938	-0.0001225905	0.0008897131	0.0004421906	0.00043311986	0.0003767447	0.00014313785	-0.00016878951	0.0008822896	0.0015950148	0.00016468222	0.00028174574	0.00023058327	-0.0005039085	-0.001858126	-9.890036e-05	-0.0056950394	0.0004155961	0.00037148866	9.710139e-05	3.295053e-05	0.0002784675	0.00010532683	0.00021518361	0.00027456068	0.00019469587	0.000115936455	0.0002021356	0.00021997365	-0.0001371828	0.00018475273	0.00013243068	0.00040121513	0.00019266388	0.00032288377	0.00012683868	0.0002797842	0.00014466589	0.00029139084
chr3:30674247:+:chr3:30674247:G>A	-0.0012855097	-0.007956418	-0.023824258	-0.0015114004	-0.0011594079	-0.0013492758	-0.0007990057	-0.0021339764	-0.0024689762	-0.0003480261	-0.00038577753	-0.00017202985	0.00014558705	-0.0011477687	-0.0037840062	7.642399e-05	-0.00015115738	-5.223534e-06	-5.050139e-05	-0.0010519895	-0.00029232286	-0.0004500259	-0.00034618378	0.00024799866	0.0004683408	-0.0002631274	-0.00047588348	-0.000425057	0.0001508973	0.00045429578	-0.0004908822	-0.00032526796	0.00014712593	-0.00052671	-2.7656555e-05	-0.00074345415	-0.0006513704	-0.0019669966	0.00032802063	-4.7065994e-05	-0.013489463	-0.007915843	-0.00071731483	-0.00033534656	-0.00021000342	-0.00071845273	-0.0008247549	-0.00047048656	-0.00013726408	-0.0011141951	-0.00033456628	0.0027770346	-0.001057278	-0.0006398721	-0.0002711903	-0.00040882285	-0.00166867	-0.0005467046	-0.008117545	-0.00018650835	-0.0004851818	-0.00040466135	-0.00061067124	-0.00045516275	0.00035860323	0.00031453912	-7.733432e-05	0.0004519116	-0.0001061071	-0.00021717766	0.00089680066	-0.0009943355	-0.0003157529	-4.196167e-05	-4.425916e-05	5.1108273e-05	-0.00013496658	-5.83692e-05	-2.2487207e-05	-4.1007996e-05	-0.00035960024
chr3:45513133:+:chr3:45513133:A>C	-0.000102346596	-9.580092e-06	6.3592735e-05	0.0002531572	-0.0002744848	0.00030461224	0.00039889597	0.00020042332	3.4180553e-05	0.0003796057	6.013567e-05	0.00015883012	-9.137934e-05	0.00015406175	-0.00069362466	-0.00072272256	-0.001059337	0.00045742773	8.453022e-05	0.0006960197	0.0008996617	6.784092e-05	7.102706e-05	2.2519718e-05	0.00015339526	0.0003306649	0.0004169941	-0.00018457933	0.0002743981	0.00019024718	0.00032242862	0.00030127438	0.00022322481	-0.00010744008	0.00029945374	0.00031410565	0.00017194315	0.0012583733	6.177209e-05	0.00012328407	0.00034312226	0.00045094706	0.0005162846	0.0005148324	0.00037928062	0.00027257745	0.0002138127	0.0001561425	0.0005924485	0.0010021384	0.00024441155	0.0003656799	0.000302965	0.00011301041	0.00025359067	0.00015307557	-0.00021975691	0.00037803975	7.9328365e-06	0.0003275438	0.00050776656	-9.4153664e-05	7.667867e-05	0.00020949407	0.000100471756	8.262287e-05	0.00016251477	8.2276085e-05	1.4489347e-05	0.00032563644	-1.3871627e-06	0.0006924109	0.0022406145	0.00064730644	0.00032156165	0.00021563876	0.0006976561	-0.00040340424	0.0010921304	0.00031258844	5.6656925e-05
chr3:47001278:+:chr3:47001278:G>T	-0.00015778975	-3.8537113e-05	0.00019480965	-0.00036660107	-0.00020295923	-8.936362e-05	-0.00036254796	0.000220949	0.00027604538	7.037683e-05	-0.0004491752	2.8003346e-05	-0.00025012277	-0.00022240118	-0.00027214398	-0.00021232259	-0.00016158278	-5.0978226e-05	-0.00035214424	-1.5974045e-05	0.00025952945	0.00014350632	-1.7166138e-05	-0.00013401291	-0.00012668154	-0.00015297803	-0.00035637076	-0.00020651384	-0.00024299188	3.53293e-05	-0.000191125	-8.322976e-06	-0.00046180596	-0.00042107972	0.00012048808	-0.00045845725	-0.00034210898	-6.9899994e-05	-0.0007442344	-0.0002593344	-3.4765762e-05	0.0004336617	-0.00028003345	-0.0003974871	-0.000108892265	-0.00040046734	-0.00017456575	-0.00023293495	-0.00021589886	-0.00020742416	-0.00012126836	0.00015796315	0.00010282343	-0.00013997337	-3.2858414e-05	0.000120986595	4.1744926e-05	-0.000204173	0.00022801486	-0.00020690398	-0.00014615059	5.01546e-05	-0.00081090495	-0.00070250576	-0.00049996376	-0.00032957035	-0.00036933206	-0.00038821046	-0.0005831285	-1.634251e-05	-6.344102e-05	-7.5524506e-05	-0.00046396255	-9.040399e-05	-0.0005932071	-0.00046530637	-0.0003639568	-0.000481042	0.00023893877	-2.2433022e-05	-0.0002595945
chr3:47113875:-:chr3:47113875:C>G	-0.0021989888	-0.0030166886	-0.013066324	-0.0012042468	-0.0016236576	-0.001141727	-0.00081966684	-0.0015358274	-0.0009131269	-0.0009353865	-0.000632557	-0.0011010929	-0.0011651679	-0.001472717	-0.001541051	-0.00028439003	-0.00044098767	6.009232e-06	-0.0007081628	-0.00054660166	-0.001385212	-0.000113855705	-0.00035310333	-0.00041182476	-0.00048295475	-0.00073400413	-0.0008628856	-0.000528341	-0.0006155155	-0.00019043684	-0.0015700568	-0.0010782047	-0.0010008216	-0.001477404	-0.00087641046	-0.0021145507	-0.0013386662	-0.0013019767	-0.0010509654	-0.0025260558	-0.0039069	-0.0012085438	-0.0013772412	-0.0014440038	-0.0002193776	-0.00085599854	-0.00038235297	-0.0011267717	-0.001333085	-0.0015108206	-0.0005343773	0.0028306625	-0.00072350283	-0.0007276535	-0.0012893785	-0.0003167174	-0.00084603374	-0.00011616945	-0.00090538914	-0.0007910349	-0.001092033	-0.00019780072	-0.0011687116	-0.0019293211	-0.0006359924	-0.00086586585	-0.0009103092	-0.0020711422	-0.0007425763	-0.0007916743	-0.000718702	-0.00033831055	5.457618e-05	2.3478811e-05	-0.0009933222	-0.001245813	-0.00044529003	-0.00018837777	-0.00015932322	-0.00014159897	-0.00077262794
chr3:47113875:-:chr3:47113875:C>T	-0.0022991463	-0.0033167654	-0.013036338	-0.0014463122	-0.0018945228	-0.0014749874	-0.00093302404	-0.0017018102	-0.0011527105	-0.0011719574	-0.000748954	-0.0013181675	-0.0013952797	-0.0015534975	-0.0018723607	-0.0004045584	-0.00059956854	-0.000107591804	-0.0008489923	-0.0008800138	-0.0019321605	2.7179718e-05	-0.0005896308	-0.0004920255	-0.00060167094	-0.000870385	-0.001044761	-0.0007252368	-0.000753018	-0.0002715425	-0.0018613393	-0.0013627843	-0.0013218739	-0.0018572807	-0.0010643547	-0.0023171632	-0.0018195185	-0.002203627	-0.0013033097	-0.0027929218	-0.004667862	-0.0015427687	-0.0019139106	-0.0019093481	-0.00034000116	-0.0010781559	-0.0004894029	-0.0013469512	-0.0015911731	-0.0018859343	-0.0010567199	0.0013092268	-0.0009517236	-0.0008835305	-0.0015512542	-0.0004891103	-0.0010261048	-0.00015651096	-0.0010373592	-0.0009683045	-0.0013957078	-0.00037434968	-0.0013555993	-0.0023248359	-0.0007940314	-0.0011402477	-0.0011450973	-0.0025117397	-0.0009682341	-0.0009463592	-0.0009230646	-0.000721395	-0.00024272095	-0.0003659671	-0.0012601559	-0.0015889351	-0.0006283142	-0.0003837889	-0.0002826019	-0.00030224433	-0.000988077
chr3:47638723:-:chr3:47638723:A>G	-0.00042293288	-0.009253784	-0.021179123	-0.0016168248	-0.0011423718	-0.0010459207	-6.630204e-05	-0.0017438368	-0.0018974434	0.00016752156	0.00025444682	-7.349795e-05	0.00061249733	-0.0007503249	-0.0019101772	2.9477205e-06	0.00015247952	4.5147808e-05	0.0004415729	-1.4521859e-05	0.00029212778	0.00014066696	0.00025775217	-0.00012068315	-9.064241e-05	0.00018835068	0.00013093515	-5.9127808e-05	-0.00034559856	-0.000285788	-0.00039050795	-0.00024825876	0.0008421811	0.00025045872	0.00017794696	0.00028704514	0.0001369498	3.556772e-05	0.00095898454	0.00093283434	-0.012052623	-0.0059309225	3.3638695e-05	0.000112230126	3.3248554e-05	0.00016971068	-0.00020503998	0.00026643276	-2.8545206e-05	-0.00036491046	-0.00039334732	2.0075928e-05	-0.00089372287	-4.4649296e-06	-1.4608557e-05	-5.3709202e-05	-0.00082291255	-8.42918e-05	-0.006042589	9.870529e-05	0.00026239047	-0.00016059658	0.00084560027	0.0017230186	0.00037107684	0.0006885962	0.0007559061	0.0010484132	0.00047283823	-0.00018633496	0.00024915824	-0.00023296205	-6.1322346e-05	-0.0006822673	0.0005620826	0.000702988	2.0525673e-05	-6.50395e-05	-4.296411e-05	-9.676001e-05	0.00024396722
chr3:52403895:-:chr3:52403895:C>G	0.00012660027	-1.9767067e-05	-0.00021635402	-0.00014339793	-0.00012451952	3.7800182e-05	0.00013032826	-1.703609e-05	6.597692e-05	0.00043346666	-0.00077114865	0.00022472035	-9.523739e-05	4.898418e-06	-0.00023508072	-0.000194853	4.1744926e-05	-0.00024403226	-0.0001670664	0.0004335967	0.0004052032	4.7748737e-05	0.00029971384	-0.000195785	-0.00033980067	0.00013375282	0.0005365068	0.00011008436	0.00011053952	0.00034570694	-0.00011192669	8.609078e-05	-0.00036625427	-0.00010261752	0.00055588374	-0.0003207597	-0.0002066764	0.00017064268	-0.0009120811	-7.239255e-06	-0.0013718172	-0.0001113198	-0.00025163998	-6.927143e-05	0.00018219514	-0.00024533272	0.0009648366	0.00017354706	4.933097e-05	-8.873506e-05	-3.2045624e-05	0.0002541542	0.00018939105	4.55813e-05	-2.0980835e-05	0.0013376799	1.6255812e-05	0.002583482	0.00060801074	0.00038677995	8.951534e-06	0.000187397	-0.00041572613	-0.00014404817	-0.000709447	-0.00047980656	-3.325939e-05	-5.9333714e-05	-0.0009953976	0.00019272891	0.00014592301	0.00012563575	4.7575344e-05	0.00019810417	-0.00029110909	-0.00026501308	-0.00042863327	-0.00064019725	-0.0008694909	-0.0006603761	-0.0003491315
chr3:52405295:-:chr3:52405295:C>A	0.00016188622	-0.0007926334	-0.00031588293	-0.000100916084	-0.0002058636	0.00038922916	0.0014872984	0.00019255551	5.2668834e-06	0.0008410541	0.001682715	0.0008095828	0.00047744403	0.00013377449	0.00010364706	0.0012014563	0.0008421378	0.00069323456	0.00032550638	0.001034043	0.00045329874	0.0005825216	0.0005373738	0.00086368213	0.0013580755	0.00053600833	0.0010514692	0.0002774542	0.0005847324	0.0004917275	0.00032884424	0.00028252602	0.00045074115	0.00029535728	0.0009700168	0.00034644388	0.00014964017	0.00039178674	-0.0002979799	0.00035671753	5.2061947e-05	0.0003359751	0.00015557896	0.00026002797	0.0005745888	0.00040873614	0.002103242	0.0003277822	0.0005277287	0.0007102273	0.00035602396	0.00032264536	0.00024101952	0.0007736033	0.0005587665	0.000731815	-0.00012306734	0.0012025833	-0.00019478798	0.0007274801	0.00044072757	0.0002770424	0.0014331557	0.0003660809	-7.338957e-05	-0.00062790787	0.00062491675	3.268502e-05	0.0011891886	0.00062287936	0.0005886771	0.0006191839	-0.00018179417	0.00036482376	0.000377525	0.00081049313	0.0004913157	-7.813627e-05	-0.0004744963	-0.00020503998	0.0004646995
chr3:52406378:-:chr3:52406378:T>C	0.00017010082	-0.0005397363	-0.00033621353	-4.5082784e-06	-0.00019407272	9.866194e-05	0.00021839142	-7.562204e-05	-0.00012311069	-6.8772926e-05	0.0010177656	0.00012328407	0.00011925264	0.00011249022	-0.00017603961	-0.00067760726	-0.0008822571	1.7556276e-05	0.00018189171	0.00011878664	1.3373115e-05	4.7120182e-05	5.477125e-05	0.00023086504	0.00056904013	0.0003645637	0.00038654153	0.00010434064	0.00036991725	-1.7946417e-05	0.00035615402	0.00021457672	0.00032411923	0.00018631328	0.00024290518	0.00066969614	0.0002486489	0.00010758096	0.00043548236	0.0002955957	-0.0001936609	-0.000109304085	0.0004646995	0.00044480237	0.0002562783	0.0004769672	7.904659e-05	0.00010418892	0.00032663345	0.00039958954	0.0001087839	0.00010108948	0.00013878128	0.00010210818	0.00028176742	-0.000316013	0.0001545169	-3.9740044e-05	-0.00024942917	0.0002788197	0.0001801144	-0.00016910379	0.0013941418	0.0008273775	0.0009439642	0.00034349615	0.0010321357	0.00071508234	0.0019115534	0.00023991411	0.0005713376	6.185879e-05	0.0006354939	0.00012303483	0.00055014004	0.00040548499	-1.8856743e-05	-0.00046797234	-0.00045956264	-0.00055417145	0.00013628873
chr3:53732963:+:chr3:53732963:G>A	-0.00035355307	-0.0012919036	-0.00239136	-0.0004895167	-0.00055497343	-0.00042650916	-0.00012217868	-0.00042932684	-0.00045540117	-0.00017415393	-3.50963e-05	-0.000192057	-6.840446e-05	-0.0005930554	-0.00025766547	6.415627e-05	-8.34465e-06	-1.44134865e-05	-8.8258224e-05	-2.4622137e-05	-0.000107310036	-2.635609e-05	0.00019376929	-9.645657e-05	-6.487695e-05	-0.00014675748	-0.0001513091	-0.00023952397	-0.00021878156	-0.0002975247	-0.00021464174	-0.00017642975	-8.9688736e-05	-0.00013323264	-0.00019674952	-0.00028952686	-0.0003270236	-0.0002667037	-0.0002640594	-0.00020371783	-0.0013737137	-0.001071529	-0.00014422157	-0.00018771128	0.00028395653	-0.000104817474	-7.9328365e-06	-0.00024505096	-0.00020948323	-0.00028571216	-0.0002674623	-0.0004940033	-0.00021712347	-8.843162e-05	-0.00029971384	-4.6654182e-05	-0.00034893642	-4.4307926e-05	-0.00029425186	-0.00023887375	-0.0001129779	-0.00018312714	-8.257953e-05	-0.0003594702	-2.8366392e-05	3.713911e-05	-3.9268623e-05	-0.00019010631	-8.96779e-06	-0.00017296184	-0.0003930222	-4.7174366e-05	-0.00013375282	-0.00033161856	-0.000100710175	-1.8900091e-05	-4.7878784e-05	-0.00011693889	-8.704446e-05	-8.9688736e-05	-0.00018778714
chr3:180988022:-:chr3:180988022:C>T	-0.00080115144	-0.0039679464	-0.010868766	-0.0012408711	-0.0012945696	-0.00067903777	-0.0009268414	-0.0011139349	-0.0009623224	-0.00057656114	-0.0015922514	-0.00026881695	0.0002361211	-0.00079859386	-0.0014882467	-0.00010938536	-0.00017589872	-1.7707998e-05	-0.00028183244	-0.00040215795	-0.00039317933	-3.2999299e-06	-3.4294346e-05	-0.0003732226	-0.0003797141	-0.0004610907	-0.0005495548	-0.00029738384	-0.00024403226	-0.0007735599	-0.00045735185	-0.00047185205	-0.0005760301	-0.00039691816	-0.00048701328	-0.0006769679	-0.00035490774	-0.0008105256	-0.0006818934	-0.00035879287	-0.005275152	-0.0025994452	-0.0006667701	-0.00075355987	-0.00011089715	-0.0002606782	-0.00025670094	-0.00038425488	-0.00074084237	-0.0010508136	-0.00050452625	0.00055743346	-0.00038827548	-0.00032497535	-0.00048553944	-0.00038327413	-0.00044467775	-0.00024456327	-0.0014627413	-0.00040345843	-0.00056721404	-0.000333786	-0.0013019063	-0.0006343885	-0.00039721618	-0.0005598285	-0.0005800778	-0.00046132368	-0.0005472682	-0.0002845363	-0.00050031056	-0.00041852213	-0.0005529631	0.00028434666	-0.00072123244	-0.00053447485	-0.00022317063	-0.0001171719	-4.9861996e-05	-0.000100704754	-0.00036343661
chr4:38689884:+:chr4:38689884:G>A	-0.00054244563	-0.0045284466	-0.021586679	-0.00040299783	-0.000107515945	0.0001287081	0.0005645698	-0.0010422035	-0.0010492639	0.000805806	0.0007646192	0.000936687	0.0020632527	0.00021270188	-4.2335552e-05	0.000893284	0.0007381656	0.00029607254	0.00038336625	0.00038048354	0.0008256815	0.00040247224	0.00077494705	0.000496122	0.00023282658	0.0008147955	0.0009101413	0.0006474365	0.000239589	-0.00039915062	0.00034183264	0.00055508723	0.0010071397	0.00076765905	0.0007003546	0.0009970232	0.0009953813	0.0005486391	0.00024006041	0.0009779063	-0.005648391	-0.0026258177	8.3863735e-05	0.00056979875	0.0004283569	0.0005731095	0.00030855156	0.0006549792	0.0004930876	0.00016004388	0.00017765978	0.00041376462	2.569502e-05	0.0008404363	0.0008235574	0.0005513592	0.00022981926	-0.00037787177	-0.0018738345	0.0008181984	0.00071715226	0.00017910654	0.0008536848	0.001554928	0.00020212476	0.00020933693	0.00027988173	0.00049067085	0.0003567338	0.00043812123	0.00027152625	-0.0013433315	-0.00016692551	-0.0017378763	0.00076242466	0.0008100163	0.00028958646	9.1839924e-05	0.00018772212	9.933385e-05	0.0006322319
chr4:38694908:+:chr4:38694908:T>C	-0.00036382675	-0.004429102	-0.016269987	-0.000961618	-0.0007934787	-0.000580831	-1.7968092e-05	-0.0014061711	-0.0016989924	0.0002002716	0.00025512415	-2.395023e-06	0.0002732277	-0.00022209775	-0.001553232	0.0002417456	0.00014400482	9.271773e-05	0.00017395886	0.00016047737	0.00030674718	0.00040075995	0.00078851526	-4.8669903e-05	1.0398301e-05	0.00017726421	0.0002820275	8.583069e-05	-0.00010923906	-0.00042746283	-0.00027953496	-0.00016332757	0.00021343882	0.00010431896	0.00016861613	3.742088e-05	6.421046e-05	-6.0146504e-05	-1.4326789e-05	0.00011014938	-0.01795487	-0.006597248	-8.743459e-05	0.00012243878	0.00012380426	0.00016202709	4.73586e-05	0.0002023957	-6.0103157e-05	-0.00032366405	-0.0007502599	0.0011502288	-0.00038193574	0.00019918788	4.876744e-06	0.00013410504	-0.00030735406	-9.20675e-05	-0.002260387	0.00021012263	5.7003715e-05	-8.984046e-06	0.00013741037	0.00041858715	1.408837e-07	0.0001656684	0.00021135807	0.00024974346	0.00017473372	-5.6223435e-05	0.0001834631	-0.00050421734	7.19699e-05	-0.00026864355	0.00022422726	0.00035704265	0.00012945588	8.1663784e-05	2.6561996e-05	8.886511e-07	6.251985e-05
chr4:86750888:+:chr4:86750888:G>T	-0.00016914714	-0.004975178	-0.0069959597	-0.0009103092	-0.000914086	-0.00038063526	-0.00027522715	-0.00043588335	-0.0011521198	-0.00033932383	-9.619106e-05	-0.00018587979	-9.02035e-05	-9.076704e-05	-0.0013326948	-0.00021022558	-0.00018132817	-1.5204603e-05	8.50179e-05	-0.00013774633	-0.0001347336	5.3752552e-05	-0.00012854012	-0.00019186735	-0.00016303496	-0.00045631148	-0.00013996255	-0.00050873106	-0.00033513524	-0.0016991008	-0.00013401291	-0.000126351	-0.00049705396	-0.0003678907	-0.00038783115	-0.00021224673	-0.00014713136	-0.00015568192	-0.00043131004	-0.000236793	-0.0045508905	-0.0020613128	-0.00023094633	-0.00035730816	-0.00045751443	0.00091101904	-0.00025652756	-0.00015071305	-0.0003940138	-0.00049192796	-0.0003899444	-0.00021932342	-0.00092583353	-0.00018103015	-0.00013886798	-0.0004011501	-0.00031182982	-4.716895e-05	-0.002492276	0.00016542998	-0.00047293576	-0.00041362373	-0.0001624931	-0.00027053466	-8.839369e-05	-0.00024124167	-0.00017747554	-0.0004042333	-0.00010209192	-0.00014041229	-0.0003336126	-0.0003527186	-9.4077805e-05	-0.00031285395	-0.00035450133	-0.00017887895	-0.000100715595	-3.1460415e-05	-5.2939763e-06	-2.255765e-05	-5.849925e-05
chr4:127921524:-:chr4:127921524:C>T	-0.00070500374	-0.0153382905	-0.0225275	-0.0014290377	-0.0014105494	-0.00036415187	0.00020074844	-0.001107476	-0.0019295866	0.0003066063	1.968037e-05	3.3703716e-05	0.00010680069	-0.00021019849	-0.004264268	0.00018108975	-1.5388836e-05	-5.2668834e-06	-1.5930696e-05	0.00020738081	0.00016903877	0.00016000053	0.0002708435	5.5681576e-05	-7.074529e-05	0.00011509115	0.00030435214	0.00025955113	-0.00019532983	-0.00063393335	-0.00013637543	4.0628693e-05	0.00014790622	-2.178279e-05	0.0001977357	-1.4706092e-05	9.575757e-05	9.2159615e-05	-0.00028310038	-0.00010163134	-0.014379155	-0.0040791254	-0.00027667393	1.01869755e-05	0.00016177785	0.00015564398	-0.0005043637	-5.3557484e-05	-0.00015902519	-0.00046804818	-0.0013585958	0.00056106393	-0.0009412549	1.2484464e-05	5.9062786e-06	1.4846975e-06	-0.00040008806	-0.00041003118	-0.007000728	0.00051038916	1.9463625e-05	-0.00024021756	-0.0008462505	0.00023262067	-0.0004296953	-0.00019775737	-0.00014210831	-3.5990368e-05	-4.2395157e-05	4.486604e-06	4.766204e-05	-0.00018387492	-0.0006797097	-0.00016578761	8.40859e-05	-2.7309765e-05	-0.0005709041	-0.001250267	-0.0002746582	-0.00077243283	-4.436753e-05
chr4:158690426:+:chr4:158690426:G>T	-0.00076367636	-0.0043734205	-0.021064347	-0.0009699464	-0.0010298599	-0.0005599206	-0.0007829937	-0.0011214506	-0.0008645437	-0.00049140776	-0.0013559189	-0.00034449316	-0.00070398505	-0.000531771	-0.0008848635	-0.00031029095	-0.0003301989	-7.5313175e-05	-0.000524315	-0.00045314702	-0.00022559274	7.921999e-06	-0.00025684183	-0.00042931057	-0.00041995264	-0.00044697523	-0.0004679994	-0.00023453886	-0.00027379664	-0.0003810254	-0.0003833012	-0.00026666035	-0.0004883625	-0.00064224546	-0.00029224157	-0.00045840305	-0.0003684434	-0.00047015602	-0.0010440783	-0.00043116373	-0.004762319	-0.001664346	-0.000427219	-0.0004963604	-0.00016900626	-2.5890091e-05	-0.0004666827	-0.00036476416	-0.00060187146	-0.0007112243	-0.00060441816	0.00020094351	-0.000447723	-0.0004284165	-0.00030964072	-0.00030720234	-0.00046247785	-0.0003075112	-0.001595936	-0.00015784394	-0.00048182227	-0.00028548998	-0.001518282	-0.0007715821	-0.000739802	-0.0005347512	-0.00095179403	-0.000723091	-0.0013059594	-0.00025932354	-0.00022000074	-0.00038821588	-0.0005731908	-0.00014608557	-0.0009623224	-0.0012406544	-0.0003347126	-0.0002090931	-5.6521458e-05	-0.00015926902	-0.00025247986
chr4:184418533:-:chr4:184418533:T>C	-0.0006437085	-0.006448854	-0.016925205	-0.0013562766	-0.0011545311	-0.0006641908	-0.00044957074	-0.00095345755	-0.0015907288	-0.0003852411	-0.00027636506	-0.00027080017	-0.00010540269	-0.0007928718	-0.0023718746	5.935539e-05	0.00027753005	2.6767904e-05	-0.00027359615	-0.00014404817	-0.00019081072	1.187758e-05	-1.2246045e-05	-0.00035409493	-0.000120412216	-0.00045821883	-0.00021418658	0.0010269772	-0.00039577484	-0.0004893216	-0.0006491596	-0.00042338806	-0.0004270185	-0.00058916485	-0.0003425208	-0.00040895288	-0.0003673597	-0.00018252026	-0.0005716411	-0.00039984964	-0.0082782395	-0.0037817522	-0.00038246674	-0.00025965951	-6.016818e-05	-0.00022133914	-8.067218e-05	-4.835562e-05	-0.00035389987	-0.00064555084	-0.00040524657	0.0003191341	-0.00057610596	-2.1826138e-05	-0.00026342002	-0.0004713102	-0.000872677	-6.8556175e-05	-0.0062715574	-0.00037850032	-0.000486233	-0.0001970638	-5.769188e-05	-2.449209e-06	-5.8044086e-05	-0.00026399439	-6.3267624e-05	-9.3633476e-05	-0.00027149374	-0.0003128702	0.00024714254	-0.00024707752	0.00014002757	-0.0002685135	-0.0003653873	-0.00027589363	-0.00012857263	-6.502325e-06	-2.6713718e-05	-1.3757835e-05	-0.00021804463
chr4:186595688:-:chr4:186595688:C>A	-0.00071600353	-0.012867906	-0.022566287	-0.0010478063	-0.00094197015	-0.00036079233	0.0005719228	-0.0019510225	-0.0023197045	0.0004682541	0.0060378583	0.00036254796	7.827715e-05	-0.00051962247	-0.0021986745	0.0014976804	0.0011847886	0.00094987045	-0.00022800402	0.0005540631	0.00041462074	0.00037682056	0.0002563975	0.004235831	0.0038889537	0.00070256536	0.0007765293	-7.2468414e-05	0.0002882914	0.0006986531	0.0003018596	0.00017930161	0.0012797713	-0.00017874892	0.0014523376	0.00017882478	-8.665973e-05	0.0004913373	0.0014549819	0.0010372021	-0.025580753	-0.006889647	1.1162324e-05	-6.622618e-05	0.00033280524	6.7017296e-05	0.0011500445	9.13685e-05	0.0007623976	0.0022005818	0.00033031811	0.0017717156	-0.00023689053	-7.1092086e-06	0.00029955126	0.00048253752	-0.0009807673	0.00027274003	-0.0045134914	0.00053031876	0.0007245215	0.00045097957	0.004569243	0.0012038134	0.0026791855	0.0012185574	0.0025919785	0.0011695732	0.0034678741	0.00024079192	0.00090117886	0.00011535124	-0.00014357133	6.3018364e-05	0.0012021877	0.0024775916	0.0007958087	0.0007310347	0.00024188649	0.00033793665	0.00024983016
chr4:186600361:-:chr4:186600361:C>A	-0.0014406118	-0.002855561	-0.0011554197	-0.001203407	-0.0010830272	-0.00025387245	0.00030132858	0.00016667625	-0.00050724635	0.00030582602	0.00036283516	0.00090139563	0.0004928762	-0.00053123996	-0.0049471096	0.0007576726	0.00046678024	0.0016523058	0.00054649875	-0.00035818058	-0.0008749095	0.00070034375	0.0014382709	0.0005716465	0.0004895113	0.00100915	0.00033638693	0.00072134624	0.0010479797	0.0007983446	-0.00035814804	0.0003339594	0.0001404719	-0.0011009953	0.0010525855	-0.0007902926	-0.0010527914	0.00018697436	-0.0010284944	-0.0007413084	-0.00078667834	0.0013565801	-0.00046253204	-0.0010416833	0.0010458772	-0.0005691268	0.0004761165	-0.00021479347	0.00046649846	0.000937256	0.00037819688	0.0010468743	0.00044135613	0.00066221843	0.00029342825	0.0016337362	-0.0010976467	0.00020157207	4.200502e-05	0.000577168	0.00017066435	-0.00018547881	-0.00010024418	-0.0008297833	-0.00015525385	-0.0003364303	-0.0003491586	-0.0011922772	0.00038306278	0.001330289	-0.00045420908	0.0022565073	-0.00022189725	0.0020641198	-0.00048041885	-0.0004609715	-0.0005687367	-0.0068606897	-0.0011863708	-0.0027790936	-0.00015492873
chr4:186617706:-:chr4:186617706:A>G	-0.00010293722	-0.0004840981	-0.0055401106	-0.00023997371	-0.00016520241	-0.0002620112	-9.332462e-05	-0.00051425805	-0.0005075823	-5.0539322e-05	-0.00012742932	-4.4719738e-05	6.8729576e-05	-0.0001488057	-0.0006503083	3.5188415e-05	-3.2424927e-05	-1.0880557e-05	6.8025154e-05	-0.000120656056	-8.513711e-05	-0.00011722608	-6.7824665e-05	-0.00011306459	-6.592816e-05	-9.233301e-06	-2.0406464e-05	2.0021742e-05	-1.7767603e-05	8.436767e-06	-0.000111742454	-9.385022e-05	-9.2533504e-05	-4.580346e-05	-6.617199e-05	-9.030104e-05	-6.003813e-05	-0.00019213287	-0.0001138828	-7.783283e-05	-0.00204432	-0.00017090818	-0.000108036125	-5.7578087e-05	-4.1192226e-05	-4.7531994e-05	-0.00011652166	-1.8114393e-05	-5.317276e-05	-0.000102173195	-0.00011306459	0.00090335717	-6.074797e-05	3.878637e-05	-4.479018e-05	-0.00022967295	-0.00017827208	-0.000142428	-0.0014279864	1.07938595e-05	-9.78329e-05	-0.00013296171	-0.00018114393	-0.0001183098	-7.442995e-05	-8.3825806e-05	-7.334622e-05	-9.716099e-05	-5.3709202e-05	-4.332716e-05	-2.022223e-05	-0.00018591773	-0.0009071556	-0.0002097379	-8.352778e-05	-7.671118e-05	-0.00012215158	-0.0001469417	-0.00014596636	-0.00016375563	-2.4757603e-05
chr4:186617707:-:chr4:186617707:C>A	-0.00024976514	-0.00087098643	-0.006004594	-0.0006424297	-0.00044196303	-0.00052608683	-0.0007993308	-0.00069749355	-0.00057711924	-0.0007756623	-0.00094351446	-0.00032055378	-0.00033181906	-0.00023745406	-0.00088757277	-0.00047319586	-0.0005483411	-0.000110024754	-0.00028507275	-0.0010858558	-0.0007811351	-4.7401947e-05	-0.00047548252	-0.0008441806	-0.000596377	-0.0006625923	-0.00077906525	6.7060646e-05	-0.00018068335	-0.0002654791	-0.00036143174	-0.00028310038	-0.000603535	-0.0007640665	-0.0006430041	-0.0005643964	-0.00035218758	-0.0011936751	-0.0007506609	-0.0004542145	-0.0049768467	-0.0016398485	-0.00044767966	-0.0006077452	-0.00033468008	-0.0003378337	-0.0009049773	-0.0001302524	-0.0004255609	-0.0004375631	-0.00061195006	0.002928658	-0.00048365377	-0.0003698089	-0.00030758706	-0.00084267964	-0.00043724885	-0.00046477534	-0.0013308362	-0.00057081744	-0.00074687874	-0.00064029475	-0.00075050374	-0.0006714138	-0.00038176234	-0.000403984	-0.000740734	-0.0005641146	-0.0005980242	-0.00042575598	-0.0003440976	-0.001114336	-0.0030072657	8.808483e-05	-0.0006668893	-0.0006627061	-0.0006876154	-0.00067037885	-0.000362678	-0.00064229424	-0.00030367484
chr4:186628152:-:chr4:186628152:A>G	-0.0010975166	-0.008392469	-0.031717215	-0.0019883784	-0.0023591302	-0.0013506413	-0.00017120621	-0.0024699515	-0.0022908775	-0.0001224171	0.0004745234	-0.00032689355	-9.088083e-05	-0.0010122169	-0.0042051077	-0.00030656296	-0.00038003922	0.0014069948	-6.03199e-05	-0.00017644059	-0.00019419193	-0.00017873808	-0.00018066709	0.0003939542	0.00049812143	-0.00010503422	7.529692e-05	-0.0004159754	-0.00072108617	-0.0021255666	-0.0006036108	-0.00073663756	0.00018077547	-0.00015304306	8.821487e-06	-0.00032739204	-0.0004197034	-0.0003172918	-0.00034202228	-0.0001086972	-0.016422965	-0.007716634	-0.0006608421	-0.00048929994	-2.1956184e-05	-0.0001717264	-0.00010460073	-0.00038042935	-0.0002795241	-0.0005115379	-0.0014593385	0.0021916954	-0.00094191596	-0.00028514862	-0.0003103126	-0.00028059699	-0.0010039373	-0.00045730852	-0.003274419	0.0001413172	-0.00020183217	-0.0001126311	0.0002557798	0.00021289695	0.00028725105	0.0006276911	0.0004647645	-1.6873533e-05	0.00082814693	-0.00015638092	0.00020889803	-0.0032228502	-0.00016667625	-0.0014114651	1.5085394e-05	0.0005817305	8.72612e-05	-3.3562832e-05	-0.00021603974	-0.00018573891	-0.00029384007
chr5:233646:+:chr5:233646:G>A	-0.0019575467	-0.028116314	-0.038822174	-0.0037891432	-0.0025792555	-0.0018434741	-0.00029968133	-0.0029745968	-0.0030481599	5.9019436e-05	-0.0001145818	-0.00018405914	0.00022623756	-0.0016427907	-0.0027445445	-2.8117136e-05	3.8255343e-06	2.4470415e-05	5.4641205e-05	-0.00017592582	-0.000100677666	-4.681674e-06	-9.612604e-05	-4.5386227e-05	-0.00014118715	-6.352772e-05	-0.00023527037	-0.0003207597	-0.00031844052	-0.00017173724	-0.0005137812	-0.00052133476	0.00053555856	-0.00047715686	9.8185104e-05	0.00032059712	-9.852106e-05	-0.00032530047	0.0001956658	0.00054854696	-0.017334484	-0.008698962	-0.0005228303	-0.00027365034	6.512078e-05	0.00018057498	-0.00023942644	-0.0001977032	-0.0010477304	-0.0016221784	-0.00043116917	6.338683e-05	-0.0012125318	-0.0002116886	-0.00022358244	-0.00039705363	-0.0017876084	-0.00020108982	-0.005939874	6.441637e-05	-9.39586e-06	7.6293945e-06	-0.00012360919	0.0007778298	4.661625e-05	0.00080321054	0.00028138811	0.00094339525	3.3519485e-05	-0.0001508431	0.00050902367	-0.00021855398	-7.267432e-05	-0.00028545206	0.00026922877	0.00013204596	-3.959374e-05	-0.00011598522	-2.3072416e-05	-9.320541e-05	1.3687394e-05
chr5:13791993:-:chr5:13791993:C>T	-0.00021886826	-0.0071834866	-0.016094554	-0.00075667555	-0.00023919885	-0.0003370155	0.00010117618	-0.00059723854	-0.0011927431	0.0005168698	0.0001656359	0.00017318943	0.000106816944	-0.0001733845	-0.001857866	0.00081096997	0.0010367307	5.477667e-05	9.78925e-05	0.00044604324	0.0005331473	0.0001912984	0.00061075256	0.00018104097	3.822283e-05	0.0005468997	0.0002579364	0.0009241104	0.00011181831	-5.6743622e-05	-4.0325252e-05	-7.0680275e-05	0.000999998	0.00045452875	0.00058529596	0.0003257502	0.00018916889	0.0003821579	0.0004868399	0.00011318922	-0.010665428	-0.004875107	-7.580627e-06	0.00024026091	0.00029717793	0.00019798496	0.00014460087	0.00016513738	1.8249859e-05	-9.705804e-05	-0.00034973837	0.00055588916	-0.0002567768	0.0003243143	0.00010792776	0.00051720574	-0.00010406971	-9.528073e-05	-0.0027119734	0.0008001111	0.00057772617	6.41942e-05	7.0436436e-05	0.00066988036	4.817139e-06	0.00028171323	0.00046411427	0.0007814711	0.00019655445	0.00017728588	0.0002859018	-0.0001608621	-5.279346e-05	-0.0001762997	0.000590785	0.00028541955	5.9458343e-05	2.9802322e-07	4.343011e-05	-2.5738369e-05	0.00011212176
chr5:13824197:-:chr5:13824197:A>G	-0.00068280916	-0.016193694	-0.03676462	-0.0025996729	-0.0016032566	-0.0009583993	8.938529e-05	-0.0030238845	-0.00442804	0.00023599104	0.001214683	0.00012475793	0.00041948666	-0.0005926652	-0.0044308794	1.6949394e-05	7.852641e-05	0.000113779846	7.1894036e-05	0.00012029301	5.6136737e-06	-9.27665e-05	0.00011940436	0.0002577955	0.00020200555	0.00017135794	0.00011121143	-0.00018452514	-0.0005279129	-0.00045235592	-0.0002870993	-0.00028602642	0.0011557449	0.00024461746	0.00012653525	8.7976456e-05	6.304004e-05	-0.00026960808	0.0017238314	0.0015568408	-0.023757674	-0.014535687	-5.496632e-05	0.0001301332	-0.0006502325	7.592548e-05	4.230846e-05	0.0001572479	0.0004906871	0.00018249858	-0.0011854605	0.0004400665	-0.0011026643	-5.1216644e-05	8.4270134e-05	0.00013765422	-0.0009777113	-0.0002756444	-0.0073718806	5.1801853e-05	0.00032663345	-0.00030346352	0.0015970414	0.001326989	0.0015400432	0.0019003261	0.0017212846	0.0017805208	0.0019174922	-7.074529e-05	0.00058523094	-0.0025163563	-0.00069061195	-0.0023653617	0.0011334636	0.0018061833	0.00021277774	3.5600227e-05	-0.0001011545	-0.00015427849	0.00022103569
chr5:41762198:-:chr5:41762198:C>T	-0.0012973872	-0.0004887147	-0.00024210323	-0.00050700794	-0.0006966157	-0.00086825545	-0.0007422404	-0.00023139607	-0.00039633838	-0.00085503404	-0.0030803464	-0.0006889213	-0.0004439354	-0.0008025386	-0.000608791	-0.0008078055	-0.0008339882	-0.00042187085	-0.0007524057	-0.001742493	-0.0013401725	-0.0006180026	-0.00077102403	-0.00088089163	-0.0012742822	-0.0004078475	-0.0012412071	-0.00092351437	-0.0003812313	-0.0001386079	-0.000728087	-0.00063027034	-0.00068049	-0.0024138363	-0.0007465102	-0.0009145953	-0.0009390874	-0.0013457645	-0.00084859674	-0.0012182322	-0.00049647415	-0.00017668983	-0.00066468935	-0.0011378851	-0.0005530661	-0.0010500387	-0.0017614365	-0.00082536176	-0.0010894862	-0.0009448745	-0.0009567954	-0.00020971081	-0.0010447935	-0.0016403198	-0.00064119423	-0.0008902116	-0.00054402783	-0.002401352	-0.00018301877	-0.0005365285	-0.0008423112	-0.0007280003	-0.002432704	-0.0007229285	-0.0020293323	-0.0013970461	-0.0020080046	-0.0018260262	-0.0024128826	-0.00066830893	-0.0012855313	-0.0006855943	-0.0019275491	-0.0003155253	-0.0015882145	-0.0020618655	-0.0010695024	-0.00037765503	-6.797097e-05	0.0008033406	-0.0012015429
chr5:53646406:+:chr5:53646406:G>A	-0.0011331547	-0.0039393143	-0.016851598	-0.0017430674	-0.0013893247	-0.0015076344	-0.0022310182	-0.0018038099	-0.0014440201	-0.001315312	-0.0040104063	-0.0008862073	-0.00079141423	-0.0010603395	-0.0027385354	-0.00059866364	-0.0004908334	-0.00022059679	-0.0005001805	-0.0018564787	-0.0009078275	-2.9748137e-05	-0.00020918521	-0.0018009976	-0.0015964563	-0.0008650368	-0.0013268373	-0.0005345615	-0.00020792267	0.0004531362	-0.0014193166	-0.0010362159	-0.0013578479	-0.0015781577	-0.0011519465	-0.001169351	-0.0011484135	-0.0018778064	-0.0018366196	-0.0019932063	-0.008418159	-0.0028999015	-0.0015552423	-0.0014112267	-0.0003619465	-0.0010756471	-0.0018814531	-0.0009513118	-0.0013070378	-0.0011357773	-0.0013070866	0.001215225	-0.0014275204	-0.0007955974	-0.0011665658	-0.0011059209	-0.0010639321	-0.0012651357	-0.0031345107	-0.0010799929	-0.0014622916	-0.000692503	-0.0036925727	-0.0014278456	-0.0014026057	-0.00073936855	-0.0023246028	-0.0015857436	-0.0017993125	-0.001094493	-0.00028049946	-0.0009646416	-0.00063527713	-0.00025017152	-0.001507797	-0.001875108	-0.0012031794	-0.0006371466	-0.00028572298	-0.0003063516	-0.001190424
chr5:56856750:+:chr5:56856750:G>A	0.00025544383	-0.004832658	-0.020870382	-0.00026104666	0.0001385212	-0.000112273476	0.00085876207	-0.00059314206	-0.0010073401	0.0008528449	0.0005772276	0.00074674864	0.0017980229	0.00026735393	-0.0016019128	0.0018247799	0.0015005957	8.722869e-05	0.0013638843	0.0005858703	0.0006328821	0.00015161255	0.00051083346	0.00047558005	-0.00015720454	0.00060192024	0.00074868853	0.0008587512	0.00010939078	-4.4801018e-05	0.0003179745	0.00037887963	0.0011693998	0.0012243986	0.00073730946	0.0010047934	0.0008895072	0.0008759932	0.0006836761	0.0005192215	-0.0075342003	-0.002605785	0.0006398613	0.001007481	0.00036295978	0.0003786087	0.00029323317	0.00075548346	0.0005325621	0.00047595936	-4.339218e-05	-2.83393e-05	-0.0003068447	0.0009785782	0.00034923988	0.000114874405	-0.000104871666	-0.00031599673	-0.0044498877	0.00047313084	0.00058141624	-5.5443157e-05	0.00029021502	0.0010871454	8.294799e-05	0.00035971944	8.948825e-05	0.00043218787	0.0004570105	0.00044178963	0.000450752	-1.2972138e-05	-0.00019012798	3.9924274e-05	0.00073508784	0.000802647	0.00018185918	-7.448413e-05	-2.395023e-06	-8.425929e-05	0.00041010164
chr5:56872032:+:chr5:56872032:G>T	0.0026413312	-0.009039137	-0.014343131	-0.00035728107	0.00053731963	0.00217467	0.00074682455	0.00033638693	0.00041897187	0.0026076979	0.002188986	0.0012298822	0.0014527603	0.0023682334	0.00049535796	0.00022492083	0.00031075694	0.012314552	0.002488028	0.0011776414	0.003473542	0.0033237718	0.004870366	0.00022650849	0.0007244511	0.00080860744	0.000977164	0.0011873029	0.0005956346	0.0006819259	0.001365434	0.0030997721	0.0016972206	0.00210121	0.0023135543	0.0018213879	0.0037924864	0.0035568692	0.0008098375	0.0036168098	-0.019359188	-0.006351747	0.002135461	0.0026596838	0.0014076288	0.004272483	-7.7193436e-05	0.0024021973	0.001668464	0.0012284626	0.0013192513	0.0029631094	0.00084706326	0.00077551603	0.0021039248	0.0015944242	0.00046999345	0.00021062115	-0.00041324442	0.001310316	0.0027623663	0.0011523799	0.0014518499	0.004178351	0.0010567687	0.0021603433	0.0011340055	0.0027106078	0.0017513741	0.001104745	0.00017480417	0.014531878	-3.544309e-05	0.0059276167	0.0017279874	0.0027533283	0.0014018796	0.0016214089	0.0006944429	0.0010526613	0.0027355226
chr5:56884827:+:chr5:56884827:G>A	-0.00026698547	-0.0012239326	-0.011812383	-0.0006890297	-0.00052076037	-0.00070425053	-0.0009748556	-0.0010820844	-0.000993241	-0.0006023429	-0.0020401261	-0.00033709136	-3.1194904e-05	-0.0006350008	-0.001069963	-0.00033600765	-0.0005226081	-0.00013374198	-1.0625882e-05	-0.001203006	-0.0009336201	-7.245757e-05	-0.00025122816	-0.0009816885	-0.00094456563	-0.000605361	-0.0006785555	-0.00050359423	-0.00012460622	-0.00010372834	-0.000494388	-0.0004252954	-0.00063624704	-0.00045902078	-0.0006777644	-0.0002195239	-0.0005062385	-0.00081079657	-0.0007424463	-0.0005564744	-0.010113185	-0.004144338	-0.0006322427	-0.00050885027	-0.0003541979	-0.00061934645	-0.0011351217	-0.0006051768	-0.00045978482	-0.000723259	-0.00055197155	0.00077399885	-0.00043966554	-0.00043188984	-0.0005189397	-0.00031203573	-0.0005799044	-0.00028527324	-0.0010348667	-0.0003398711	-0.0006967241	-0.00038858436	-0.0015158165	-0.00082649424	-0.0007385178	-0.0011910145	-0.00097101927	-0.0005452362	-0.0011441057	-0.0005017031	-0.0009947852	-0.00048012624	-0.0010522767	-0.000143127	-0.00052102585	-0.00072711706	-0.000501145	-0.00038007714	-0.00012334368	-0.00020663305	-0.00051630085
chr5:56893529:+:chr5:56893529:A>C	-0.0009335605	-0.0034963435	-0.0025979606	-0.0028869456	-0.0026368229	-0.00063152745	0.000246178	-0.0013142065	-0.0016963049	5.8325855e-05	0.00027787144	-0.00015906854	-0.00025181336	-0.0006698912	-0.004702568	2.7878717e-05	-4.933097e-05	0.0007315332	7.0636925e-05	0.0011746233	-9.0577385e-05	0.00012230873	0.00029501048	0.00018310547	0.00034594536	-0.00037492404	0.00016472557	-0.000293645	-9.645115e-06	0.00021219254	-0.0001202605	-5.600669e-05	-0.0004776608	-0.000975533	0.00032992798	-0.0004457398	-0.00050441787	0.00040557169	-0.0011861324	-0.00082489575	-0.0021243528	-0.0012129004	-0.0007335056	-0.00046337734	-0.000106334686	-0.00022855672	0.00086129794	-0.0005920367	-0.00030170789	0.0007398995	-0.00067312067	0.00052352383	-0.00032765215	-0.0003140406	-0.00023360686	0.0004711368	-0.00073497946	0.0015692386	-0.001039375	-0.00020056422	-0.00016652454	-0.0017245467	-0.00016705556	-0.00036188148	7.911162e-05	-0.00011392073	8.0282036e-05	-0.00019643524	0.00030641665	0.0001792691	-0.00015651096	0.00020638922	0.0018221248	-0.00014990568	-9.990822e-05	-0.00016615608	-0.002453544	-0.00738378	-0.003799265	-0.0044469833	-0.0004545017
chr5:68293485:+:chr5:68293485:T>C	6.462227e-05	-0.0011595108	-0.007157136	-0.000377525	-0.000338446	-0.00019034473	0.0002182397	-0.00058932736	-0.00086084823	0.00035808302	-5.5838715e-05	0.00020692566	0.000554437	-3.683567e-05	-0.00037772546	0.0002724149	0.00010668689	5.6218018e-05	0.0007736683	0.00022335486	0.00030169703	0.00012337077	0.00035327673	0.00017537853	0.00017165054	0.00021962145	0.0003401637	0.00029040466	-0.00030117686	-0.00046337734	0.00016919049	9.8835335e-05	0.0001330755	0.00033915043	0.00018735365	0.00015152042	0.0003220981	0.00014935299	-9.7366894e-05	0.000100791454	-0.0036109036	-0.002292373	4.084002e-05	0.00023836439	3.4559856e-05	0.00019085407	0.00014071031	0.00021230633	-2.4540857e-05	-0.00012149052	-0.00016687675	-8.5608524e-05	-4.044988e-05	0.00035771457	0.00024817747	6.416169e-05	5.0989063e-05	-0.00012039055	-0.0003955906	0.00038041853	0.00016356599	-9.095127e-05	-0.000105603176	9.6472824e-05	-5.5914574e-05	-4.879995e-05	7.083199e-05	0.00010341406	0.00017020377	0.00017188895	0.00021298906	-0.00036067853	-0.00012338703	-0.00051176007	0.00017567656	0.00012068315	1.6732649e-05	-5.4852528e-05	-4.2676926e-05	-6.305629e-05	-4.3348834e-08
chr5:68293707:+:chr5:68293707:A>G	-0.0013461113	-0.0012449785	0.00020373952	-0.0017404556	-0.001986157	-0.00031783365	6.825274e-05	-0.00011127645	-5.4012646e-05	-0.00023828853	0.00017918782	-7.685748e-05	-0.0004795031	-0.00019164519	-0.0027446747	-3.1232834e-05	-0.00040034813	0.0017443136	-0.00019918788	6.172874e-05	-0.0013012886	0.00014266101	4.4887714e-05	0.0001708811	-3.9837578e-05	-0.00042187085	-0.00027925317	0.0001637719	0.00013364445	0.00027782266	-0.00014075366	0.00021409988	-0.0015805418	-0.0012980808	-0.00067277387	-0.0007539229	-0.00086775696	0.0002999089	-0.0018637831	-0.0009000085	-0.0003543984	0.00047566675	-0.00047310916	-0.00065933575	0.00027387793	-5.9127808e-05	9.272315e-05	-0.0005588965	-0.0006755482	-0.00092601776	-0.00028844315	5.352497e-05	0.0010275408	-0.00043015045	-0.00030209802	0.0013791864	-0.0029816194	0.0018689199	-0.0010502555	-0.0004901886	-0.00056986377	-0.0017877058	-0.00031763315	-0.0012570944	-0.00060315564	-0.0016033866	-0.00056158414	-0.0012515675	-0.00026765736	-0.00028042358	-0.0011887117	0.001670133	0.0031240257	0.0008178299	-0.0012250814	-0.0010471344	-0.001289541	-0.0077255424	-0.0024752184	-0.006564227	-0.0008274425
chr5:68293835:+:chr5:68293835:G>A	-0.0002154166	-0.0026879474	-0.013709285	-0.0012819604	-0.00069379807	-0.000642576	-0.0011543252	-0.0016605854	-0.0011006485	-0.0007074746	-0.0020144798	-0.0005005544	7.5551594e-05	-0.00045367263	-0.0016563047	-0.0005022558	-0.00039097937	-0.00023991954	-9.921464e-05	-0.0015121861	-0.0006087314	-0.00021205166	-0.00025058334	-0.0014399994	-0.0010767146	-0.00055503304	-0.0006713217	-0.00013946946	-0.00018382072	-0.00010422685	-0.0005687313	-0.00041135334	-0.0012107167	-0.000992206	-0.0006228631	-0.00023743781	-0.0005329631	-0.0019555578	-0.0015653427	-0.00086755643	-0.010414145	-0.0054138736	-0.0008500652	-0.0007608587	-0.0004088716	-0.00039243157	-0.0013380755	-0.00045372683	-0.0005031878	-0.00061810017	-0.0015094172	0.0007349957	-0.00070763717	-0.0005435077	-0.00061943854	-0.00046663935	-0.00067789986	-0.0006255941	-0.0035207435	-0.00038664992	-0.0010320869	-0.0004416921	-0.0022492625	-0.0006122481	-0.0014952854	-0.00030656296	-0.0023143562	-0.0015002922	-0.0013798096	-0.0007413138	-0.00039224734	-0.0008035573	-0.0017338232	-0.00032464482	-0.0012981675	-0.0016095097	-0.0012218193	-0.000695131	-0.00022591786	-0.00043186816	-0.0007338849
chr5:68295419:+:chr5:68295419:G>C	-0.00080446765	-0.00053904275	0.0003415888	-0.0007385774	-0.00062092865	-0.00017179143	-0.00012712045	0.0007004738	0.0010805563	-4.9807808e-05	-0.000744863	-0.00021657077	-0.00088154187	-0.0007263964	-0.0005809177	-7.2132454e-05	-0.00018955361	0.0021761982	-0.0005303513	-0.00032847578	-0.000726353	0.00053137	0.00046020205	0.00034236908	0.0009856657	-0.00046647678	-0.00019736723	-0.00014092705	0.00088071823	0.0015495691	-0.00020551682	7.284771e-05	-0.0007981604	-0.00072091277	0.00016765161	-0.0005027706	-0.00033920462	-0.00017255003	-0.0012929223	-0.00095601514	0.0002487356	0.0022687912	-0.0006608963	-0.00033055653	0.00019819086	3.873218e-05	0.00045095792	-0.0005923618	-0.00045345046	-9.328669e-05	-1.7426231e-05	0.00080513954	-0.00013303757	-0.00050258636	-0.00035357475	0.0012422908	-0.0016969334	0.0030118986	-0.00011511282	-7.0593574e-05	0.0004345287	0.0016682799	-0.0010799061	-0.0009128831	-0.0004079125	-0.00073788385	-7.013841e-05	-0.00036647104	-0.00022350658	-0.0001243678	-0.00058611954	0.0026365193	0.0027771646	0.00122364	-0.0008616231	-0.0003878637	0.00061121857	-0.0008580468	0.0017203417	0.0011580207	0.00017894398
chr5:71634942:+:chr5:71634942:G>C	0.0002947287	-0.0001264919	4.196167e-05	7.1612274e-05	0.0002711036	0.00089190225	0.00085934723	0.00033400275	0.00013906305	0.0012226105	-0.0010626749	0.00070649927	-0.0001488599	0.00070849335	-0.0006050197	-0.0019747994	-0.0012955233	0.00039477783	-0.00012406436	0.00015484203	0.0011887117	0.0002913692	0.00081591174	0.0010729703	0.000593012	0.0016076348	0.00029494546	0.0008579167	0.00092263654	0.00079512596	0.000592882	0.0005890239	0.0010808598	-0.0003641302	0.0017738342	0.00023898212	0.0001374158	0.0007283471	6.589023e-05	0.0005088286	0.00037574768	0.0011566986	0.00046691028	0.0009439642	0.0006833943	0.0008132674	0.00058096106	0.000549143	0.00051108276	0.0008180358	0.00022615086	5.9832226e-05	0.0006971359	0.0003017946	0.0010901365	0.0005320636	0.00089068845	0.0003345446	-0.00015471199	0.00068967993	0.0013308958	0.00019602342	-6.5543434e-05	0.0012029301	0.00014088371	0.00083819305	0.00018267198	0.0005821748	-2.3234974e-05	0.0006984364	0.00040635196	0.0020850354	7.06586e-06	0.0010757663	0.00071048737	0.000118342316	0.00042845987	-0.0021275608	-0.000215357	-0.0010597922	0.00045733017
chr5:87268995:+:chr5:87268995:G>T	0.0024472584	-0.0027516538	-0.012765451	0.0019025694	0.0024602413	0.0014293953	0.0012298498	0.00010464408	-1.5464697e-05	0.002251896	0.0017680526	0.0018188303	0.0029831799	0.0022479405	0.00086308067	0.0013217981	0.0010272156	0.0011561458	0.0030357188	0.0004976012	0.0021891757	0.00067025964	0.0018429756	0.00016358224	0.00038124213	0.0029421179	0.0015443888	0.0032692715	0.0019476522	0.00016160445	0.003187418	0.0018334605	0.0024003116	0.003710129	0.0016435385	0.006128051	0.0043275356	0.0010794564	0.0038750388	0.0026372562	-0.0045734537	-0.0031071738	0.0028922667	0.003340488	0.0050266874	0.0032116284	0.00032286753	0.0024231563	0.002032605	0.0021465637	0.0010703043	0.00020449812	0.00085237896	0.0021976992	0.002138658	0.0011477795	0.0027619114	-0.00027133117	-0.0005637841	0.0025241808	0.0026256389	0.0007745298	0.0017847039	0.005416415	0.0011242303	0.002627503	0.001140096	0.0032431863	0.001297398	0.001963366	0.0018079822	-0.00047939474	-0.00013372031	-0.00037341227	0.0030943046	0.0025287324	0.0009732084	0.00038672035	0.00038676913	0.00025873835	0.0018673376
chr5:112766412:+:chr5:112766412:T>C	-9.2289665e-05	-0.0011702017	-0.0071134893	-0.0007556677	-0.0007269491	-0.0007794445	-0.0006907203	-0.0009138259	-0.00026843222	-0.0010502771	-0.000979494	-0.001066533	-0.00094201346	-0.00014280189	-0.00090789795	-0.0009798191	-0.00062134047	4.595518e-05	0.0006123077	-0.0009634278	-0.0006738955	-2.5212765e-05	-0.000389175	-0.0005379319	-0.0005554611	-0.00057821925	-0.0005931854	-0.0005959164	-0.0001303066	2.1457672e-06	-0.0008735169	-0.0004968481	-0.0009954788	-0.0009454109	-0.00074056064	-0.00065533683	-0.0007647926	-0.00149392	-0.001017576	-0.0012488582	-0.0017562346	-0.00071360846	-0.0008288026	-0.0009916913	-9.0089714e-05	1.579523e-05	-0.0009018399	-0.00020535426	-0.0010466251	-0.0011847074	-0.00071322377	0.00044773926	-0.0009939616	-0.00071087206	-0.000791994	-0.0005751848	-0.00062117254	-0.00037174876	-0.0010753437	-0.00044156204	-0.0010410439	-6.564639e-05	-0.0012153767	-0.00088357925	-0.0008754405	-0.00042714857	-0.001001591	-0.00072114036	-0.0014933944	-0.00082821737	-0.0003592697	-0.00035130978	0.0003509088	-0.00013974038	-0.001135669	-0.0010012225	-0.0005407767	-0.00025436011	-0.00012207573	-0.00020806356	-0.00035220926
chr5:131644764:-:chr5:131644764:C>A	0.0005715977	-0.005657803	-0.0018512552	-0.004186977	-0.0034611442	0.0028242632	0.0019278526	0.0014287775	0.0009284453	0.0035266443	-4.7336925e-05	0.0029878183	0.0009919513	0.0015795882	-0.0033196537	0.00061906467	0.0006942749	0.003283132	0.0023698374	0.0023664995	0.00515552	0.003462965	0.003871896	0.000113086266	0.00023450634	0.0035260806	0.0020012856	0.0031899973	0.003526406	0.0013546727	0.0024393254	0.003680099	0.0018777847	0.0018441894	0.003112793	0.0017018751	0.0032743106	0.0056387293	-0.0045596035	-0.00041484833	-0.004292358	0.0006385716	0.0029527491	0.0038914247	0.0034009328	0.003573981	0.00070814654	0.001725717	0.00019142845	-0.0019437616	0.00089298596	0.0038926385	0.0024409294	0.0017350804	0.0027400798	0.003992818	0.0013641011	0.00078537245	-0.0009766492	0.001080643	0.0027258613	-0.0021492352	-0.0017774538	0.0012032335	-0.00046001782	0.0016146573	-0.0006563447	0.00044822693	-0.0009895671	0.0028306788	0.0008702712	0.0034873812	0.001470517	0.005086942	0.0017826774	1.3264743e-05	-0.00044432553	-0.003306649	0.0020173679	0.001404849	0.0019620548
chr5:132484499:-:chr5:132484499:T>C	-0.0006125407	-0.0011142384	-0.00019268556	-0.0011377335	-0.0010997165	-0.00025935608	-0.00075583026	-7.8938225e-05	-9.684129e-05	-1.2354417e-05	-0.001648957	-5.0436367e-05	-0.00015364993	-0.0005875284	-0.002479033	-9.6440315e-05	-2.9249624e-05	0.00034301932	-0.0004656965	-0.00023963234	-0.00028614563	-7.9707665e-05	-0.0001019998	0.00039009613	6.3592735e-05	-0.00035862488	-0.00046149167	-0.00024963508	-0.0005200993	6.792762e-05	-0.0006555861	-0.00021509691	-0.000957424	-0.0007612922	0.00015475533	-0.0009790334	-0.00059429085	-0.00015982715	-0.0014190241	-0.0005768646	-0.00012805244	-0.00019459291	-0.0006304221	-0.00077342987	-0.00029975717	-0.00067509303	-6.593357e-05	-0.00022901189	-0.0004790046	-0.00034969504	-5.969134e-05	0.0003415238	8.062883e-05	-0.00031111456	-0.00038071114	-0.0001784238	-0.0008710081	0.00017894398	-0.0006559979	-0.00039508127	-0.0006165938	-0.0005152442	-0.0027370343	-0.0025169633	-0.0016426607	-0.00038892572	-0.0014064529	-0.0010630651	-0.0021596604	-0.00024396722	-0.00039170004	0.00022992221	0.0021699124	6.436218e-05	-0.0014589266	-0.0015045729	-0.0020734614	-0.005101724	-0.0010521628	-0.0021288611	-0.00060566986
chr5:132486846:-:chr5:132486846:T>C	-0.00022680109	-0.0007678812	-0.00058022415	-0.0004743446	-0.00045533615	-0.00021773035	-0.00020517544	-0.0003609007	-0.00031189484	-8.205934e-05	-0.00021849979	-0.00028247182	-0.00050217455	-0.00021318956	-0.0006487586	-9.976192e-05	-0.000102541664	-5.7106667e-05	-0.0010262836	-7.7068806e-05	-0.0002679066	-0.0001469417	-0.00029995225	-0.00015420806	-6.853992e-05	-0.0003283999	-0.00023231181	-0.00022519719	-0.00054997747	-4.6643345e-05	-0.00032881173	-0.000301567	-0.00048015334	-0.0005138137	-0.00011878664	-0.00041911818	-0.0005753907	-0.00025763837	-0.0006349845	-0.00027776847	-0.00019175356	-0.00026191364	-0.00026511063	-0.000335119	-0.0002091798	-0.00023700974	-8.828531e-05	-9.619106e-05	-0.00030536	-0.000246579	-0.00022682818	-4.3728134e-05	-1.6071579e-05	-0.000249841	-0.00024198402	-0.00019509684	-0.00021466342	-8.79006e-05	-0.0004896359	-0.00031664697	-0.00018030946	-0.00027891723	-0.0002029213	-0.00032130154	-5.13196e-05	0.00011812557	-1.8260696e-06	-0.00015036626	-0.000105148014	-0.0003301447	-0.00019897115	-2.0552765e-05	0.00015778975	-0.00015865131	-0.0003345121	-0.00035939433	-0.00023483689	-0.00032388623	-0.00027146123	-0.00026621603	-0.00017411058
chr5:138929245:+:chr5:138929245:G>T	0.00013767589	0.0006676154	0.0005059026	0.0004954772	0.000767361	0.00038077615	0.00024171309	0.00051403046	0.00039813734	0.0006180243	-0.00023748657	0.00041530348	0.00012566826	0.00040968982	-1.7686323e-05	0.00014799292	0.00014872984	0.00044183296	-0.00021622398	6.237897e-05	0.00030864368	6.76025e-05	0.0001488057	0.0003653873	0.0010829405	0.0004777475	0.00021488016	0.0004361326	0.00029631096	0.0004954338	0.00024997105	0.00021173737	0.00033859772	0.00014736435	0.00066969614	-0.00018416751	0.00014386394	0.00035383485	0.00047531995	0.00029366667	0.00038710507	0.0006186312	0.00017525932	0.00018653003	0.00025701523	0.00010876222	0.0008497672	0.0004621419	0.00036452033	0.00051840866	0.00023189458	6.4578926e-05	0.00036330658	0.00040487808	0.0003178553	0.00050514395	0.00012792241	0.000770157	0.00047623029	0.00055742264	0.0006504059	0.0010912635	5.334074e-05	0.00034852463	0.00047042154	0.0008290898	0.00033309244	0.00033673373	0.0004387769	0.00037193298	0.0016906912	0.00038736517	-0.00077854504	0.00026118755	0.00014972687	0.00019827756	0.00040210376	0.0009854056	0.00074698706	0.0010566711	0.00019777905
chr6:2948700:-:chr6:2948700:C>A	-0.00051225314	-0.0015428717	-0.0008655028	-0.00085891376	-0.000878074	-0.0003707192	-0.00020835617	-0.00041627884	-0.0006320693	9.714474e-05	-0.00017788193	-5.2993946e-05	-0.0005018711	-0.00018735365	-0.0024554513	0.00040626526	5.8867714e-05	0.00021641905	-0.00037902052	-8.171255e-06	-0.000110604546	-9.265813e-05	-5.2083622e-05	-1.8119812e-05	-2.7233904e-05	-0.00026210872	-0.00018865411	-0.00013212724	-0.00013366612	0.00029303812	-8.0607155e-05	4.17666e-05	-0.0006434159	-0.0003940409	0.00019663031	-0.0004417246	-0.0002927672	-2.417781e-05	-0.00058116694	-0.00043303316	-0.0008735223	-0.000110929665	-0.00033166193	-0.0002870343	-0.00021373141	-0.00020292672	-5.4717064e-05	-0.00042336638	-0.00013882463	-4.72719e-05	-0.00021990863	-3.7507576e-05	0.00026174026	-0.00011266361	-8.929859e-05	1.1270697e-05	-0.0011138483	5.3210693e-05	-0.00060298224	4.7965485e-05	-0.00036369672	-0.0006135594	-0.00028425455	-0.00053600833	-0.0002962134	-0.00041007996	-0.00010904399	-0.00029928033	-7.219748e-05	7.1568924e-05	-5.6039204e-05	0.00015979464	-0.00024304607	8.175048e-05	-0.000319741	-0.00048253752	-0.0010043924	-0.0038888888	-0.0029423453	-0.0048922193	-0.00032837826
chr6:29944121:+:chr6:29944121:G>A	9.855357e-05	1.0219487e-05	7.3779716e-05	1.9853765e-05	5.00679e-05	3.8168648e-05	-0.00015573068	2.4990602e-05	6.3722786e-05	-2.713637e-05	-7.756732e-05	0.00015566566	4.937432e-05	0.00013431636	-9.972399e-05	-0.00014062902	-0.00013439222	-9.172613e-05	-5.158511e-06	0.0011584108	0.0006318526	0.00032494284	0.00021204082	-2.6139345e-05	-8.690899e-05	2.9997393e-05	0.00012755394	0.00025656007	7.0680275e-05	5.7740646e-05	1.2094324e-05	5.7112087e-05	-1.8780882e-05	2.4925578e-06	0.00010715832	5.2430412e-05	3.5383484e-05	0.00080082635	-1.191551e-05	2.5651672e-05	-6.190213e-05	0.00011527538	-5.9279528e-06	-2.13493e-05	0.00024589626	2.1110882e-05	-8.994883e-05	5.403432e-05	-9.66679e-06	-0.00012207031	-2.2985718e-05	4.145232e-05	0.0001907132	6.7299065e-05	-5.349246e-05	-0.00027665225	0.00011636994	-0.00016093254	1.4998696e-05	0.00010855631	2.9585579e-05	0.000196717	-5.1227482e-05	-4.1820786e-05	-8.189136e-05	-8.8014385e-05	-0.000100786034	-9.872697e-05	-6.405332e-05	5.340576e-05	0.00019537318	-3.6391346e-05	-0.00026835094	1.3904138e-05	-5.6537716e-05	-5.279346e-05	0.00035715103	8.084557e-05	0.0007011674	0.0007314032	2.7331438e-05
chr6:29944398:+:chr6:29944398:G>T	0.0013644262	-0.0011871945	-0.0013349924	0.00026710468	0.00064564834	0.000795191	0.0010289929	0.00037542256	0.00050462375	0.002031023	-0.0008877678	0.0014883388	0.0008935603	0.00048447197	0.00029960545	0.012047594	0.008370074	0.002669031	0.00030371276	0.0014277372	0.0009784861	0.001501777	0.0020336888	0.001035972	0.0012242578	0.0007373853	0.002136393	0.0018857501	0.0005241849	0.0014242693	0.00061290374	0.0007152774	0.0005159974	0.0007589622	0.0008938529	-0.000126519	0.00086163933	0.00081335416	-0.00032394583	0.0011078011	-0.003989003	-0.0006307689	0.001016568	0.00095397234	0.0011110522	0.0006300319	0.0031759955	0.0014752583	0.0007413192	0.0002468716	0.00095950474	0.0014524676	0.0023457354	0.0026150616	0.0010851785	0.0008202683	1.5562231e-05	0.0020755855	0.00053360243	0.000741135	0.0013785308	0.0010644522	-0.0007763505	-0.00053658267	0.00054533913	0.00016070496	0.0012499961	0.0008251559	0.00030155617	0.0009685321	0.0010923364	0.0021287745	0.00010680069	0.0008477081	0.001028126	0.0014566724	0.00195332	0.0020132065	0.0016497049	0.002476302	0.0013209257
chr6:29944399:+:chr6:29944399:T>C	0.0008298917	-0.0014696121	-0.0015963208	0.00018687682	0.00028792294	0.00028807466	0.0005867915	0.0001739372	2.1826138e-05	0.0011395757	-0.0005450899	0.00062116707	0.00040872532	0.00012579831	-0.0002502528	0.0034015395	0.0025572993	0.001057278	0.00014079701	0.0013264526	0.0007718585	0.0006546324	0.0011040731	0.0009165894	0.0007311431	0.00043593755	0.0012114807	0.000539693	0.00022881682	0.00063761795	0.000332388	0.00037926435	0.00043494592	0.00040655246	0.0006453557	-0.00023510781	0.00039022078	0.0007704063	-0.00021381812	0.0008097887	-0.004028212	-0.0009829347	0.00063912437	0.0005969243	0.0006589456	0.0003937808	0.0029281704	0.000950033	0.000627431	0.000337048	0.00072262506	0.00074784865	0.0014250929	0.001412435	0.00056654756	0.0008847497	-0.0001336011	0.0017846714	0.00013201887	0.0005772439	0.00094065885	0.0007594932	-0.0003743876	-0.00042053786	0.0006692518	0.00024315444	0.0010464625	0.00043657693	0.00033609432	0.0005084276	0.00063956867	0.0007295175	0.0005021529	0.0003736236	0.0008297183	0.0009764541	0.0015443672	0.0017881393	0.0010498221	0.0015924193	0.00058306346
chr6:29944498:+:chr6:29944498:A>T	-0.00024505096	0.0003814264	0.0007409183	-0.000121875244	-7.932836e-05	0.00013793599	-0.0005244125	0.00070706283	0.0009001819	0.0002135797	-0.0007085475	0.00020759756	-0.00043210117	-0.00025571475	0.00043574246	-9.534576e-05	-0.00024938583	0.00077609584	-0.000743931	0.00077711453	0.00056123734	0.0003670129	0.00011938268	-0.0003204129	-0.00014381517	-0.00025024198	-0.00056698103	-0.0001151345	-0.00016573342	0.00027398628	-8.6350876e-05	0.0004391887	-0.00042137233	-0.00049361313	0.00038977104	-0.0006860061	-0.00060543144	-1.8900091e-05	-0.0005110719	-0.00031673908	0.00038029932	0.00085106766	-0.00010605292	-0.00038061358	0.00030112267	-0.00063944946	-1.8228184e-05	-0.00015874342	-0.000115741386	-0.00022673607	0.00026634606	0.00045374307	0.00040669876	-0.00019517812	-0.00010830706	0.0013068806	0.0010235526	0.0013335835	0.0013542175	-0.00017990849	0.0002809438	0.0013349273	-0.0007515604	-0.0009541241	-0.0002671751	-0.0001930757	-0.00053203106	-0.0004309199	-0.0003237291	0.00028402155	-0.00018840487	0.00021773035	-0.00034258582	0.00058249995	-0.00063865836	-0.00061404705	-0.00023295662	-0.0007677945	0.0011288036	0.0004722422	-0.00038401646
chr6:29944499:+:chr6:29944499:G>C	-4.751032e-05	-3.1731346e-05	-7.308613e-05	-0.00023198128	-2.4275347e-05	-3.2901764e-05	-5.012209e-05	-8.600408e-05	-0.00017309189	6.931478e-05	-4.7602436e-05	-3.62613e-05	-0.00013444641	-2.4036928e-05	-0.00011652166	-8.238987e-05	-0.00011882999	-0.00016897375	-0.00023270737	5.5789948e-05	8.286129e-05	0.0001541918	9.816343e-05	-9.947473e-05	-6.94069e-05	-0.00045610557	-9.776245e-05	-9.4728035e-05	-7.2349205e-05	6.2899155e-05	3.632632e-05	-7.6380646e-05	-0.00019698794	-0.00013997337	-0.0003369288	-0.00022970005	-0.00010786273	0.0006541772	-0.00015004656	-9.381771e-05	-3.1124462e-05	-5.5529854e-05	-0.00013273413	-6.758083e-05	-0.00015857002	-0.00019657612	-5.5985016e-05	-0.00023354184	-0.00010644306	-0.00021782788	-9.4240364e-05	-1.9236044e-05	-4.1354786e-05	-5.0132923e-05	1.1379068e-05	5.7437202e-05	-1.447851e-05	-6.237897e-05	-0.00026681207	-3.687902e-05	-3.342195e-05	-0.00050843845	-0.0001308322	-0.00013542717	-6.438927e-05	-8.502873e-05	-0.0002404939	-0.00014400482	-8.1132755e-05	-4.057451e-05	-2.5380741e-05	-0.000117556614	-0.0005986257	-6.9374386e-05	-0.00012729385	-0.00013401291	0.0001375025	0.00014591217	0.0009895671	0.00078504736	-0.00015233863
chr6:29945058:+:chr6:29945058:G>C	-0.0015370629	-0.0013554747	-0.00080286374	-0.001818115	-0.0017384399	-0.0010298599	-0.0018897057	-0.0004580671	-0.0007401813	-0.0010839376	-0.0028543582	-0.0010291013	-0.0017944899	-0.0013722723	-0.0016280737	-0.0016029532	-0.001653888	7.5600365e-05	-0.0018581911	-0.00038560954	-0.0006832643	2.6572834e-05	-0.00014716928	-0.00024159388	-0.000605063	-0.0013738979	-0.002606522	-0.0014572794	-0.0015955622	-0.0001160665	-0.0016186454	-0.00086899236	-0.0030065016	-0.0031410346	-0.00061826274	-0.002801635	-0.0025185673	-0.0009826747	-0.003970146	-0.0024727692	-0.0006641041	-0.00041482665	-0.0017486486	-0.0017474348	-0.0009178899	-0.0019304969	-0.0003842007	-0.001191226	-0.001821908	-0.0012683435	-0.00058510085	-0.0002129403	-0.0006652095	-0.0018167496	-0.0010418675	-0.00051289255	-0.0009818077	-2.6204369e-05	-0.0007350228	-0.0011749918	-0.00109989	-0.00065517426	-0.0035233498	-0.0031536492	-0.0018086866	-0.001587911	-0.0017839778	-0.0028099148	-0.0016102791	-0.0008965839	-0.00093893573	-5.20186e-07	-0.00017497757	-0.0004636266	-0.0037529685	-0.0027752356	-0.0014666644	-0.0011938051	-0.00094383414	-0.00097287784	-0.0013499693
chr6:31269491:-:chr6:31269491:A>C	0.0007592548	-0.0025136254	-0.0016212463	0.0006646243	0.00047558005	0.0001746958	0.0017559745	-0.00021128221	-0.00038042935	0.0007336356	0.007854202	0.00066280365	0.0006281246	0.0007035516	-0.00013993004	0.0019049211	0.0021121285	0.0006048463	0.0007640665	0.0013808771	0.0009248473	0.00065170636	0.0008977977	0.0010097678	0.0037243583	0.0011566336	0.0024771257	0.0012106462	0.0007242723	-4.933097e-05	0.0007559603	0.0010675951	0.0037839196	0.0018861077	0.0008505908	0.0016629479	0.0020383487	0.0012813482	0.0030397936	0.0014279105	-0.004551584	-0.0015308857	0.001247406	0.0012154146	0.0013617602	0.0023600839	0.0011444525	0.0009852756	0.0015181628	0.0014261766	0.0008464726	0.0008593906	0.0007519722	0.0013078343	0.0009743517	0.0005474524	0.00035342303	0.00028689342	-0.00023703142	0.0013795332	0.0011853304	0.0008800246	0.005459525	0.0021243962	0.0061844913	0.004358812	0.004337224	0.0026799983	0.0060774195	0.0011082563	0.0018416318	0.0005241524	0.0011684515	0.0004136129	0.0029837869	0.003312111	0.001971765	0.0010185675	0.00059257855	0.00062322617	0.0017582286
chr6:31269577:-:chr6:31269577:G>T	-4.351139e-05	0.00013381784	0.00025792557	-0.00011476604	-3.6987392e-05	3.4787437e-05	-0.00020998175	-7.499348e-05	-4.622069e-05	7.25226e-05	1.3492324e-06	0.00029831583	0.00022948872	5.191023e-05	-0.00018537045	-0.00012579831	-0.00031547112	-1.4922835e-05	8.099729e-05	-0.0020477122	-0.00058204477	-0.0003144091	-0.00020346859	-1.5735626e-05	-5.6310135e-05	8.799813e-05	-9.868362e-05	0.00030111184	0.00015446273	0.0001937476	3.823367e-05	0.00010687655	-2.394481e-05	-0.00016525658	0.00023713979	4.332716e-05	-1.6017393e-05	-8.778139e-05	2.0644882e-06	-6.1847946e-05	-6.2639065e-06	9.933385e-05	9.840185e-06	-9.088083e-05	0.000824148	9.653785e-05	-0.00041887976	-0.00010548939	-6.597692e-05	-4.6242367e-05	-0.00011237101	5.1227482e-05	-0.00018085133	7.232753e-05	-8.407506e-05	-9.601766e-05	-1.3329766e-05	-0.0010774786	-0.0012229573	4.6296555e-05	-0.00052352383	-0.00087230856	-4.4974414e-07	6.8491154e-06	-0.00014001672	-7.6337295e-05	-0.00028896332	-0.00012074818	-0.00010922822	5.368753e-05	-2.0005486e-05	-5.97076e-05	-0.000102910126	2.4497509e-05	-8.314306e-05	-0.00013349274	-0.00019322742	-0.00016391277	-0.00014103543	-0.00015383417	-3.6087902e-05
chr6:31355105:-:chr6:31355105:A>G	-0.00056290627	-0.010998412	-0.011869279	-0.0007205876	-0.00070454855	-0.00062424486	2.8306787e-05	-0.00036976553	-0.00024651398	-1.23110685e-05	8.462234e-05	-4.6318226e-05	-0.0002665953	-0.00068142195	-0.0018103339	0.0010892694	0.0005234805	0.00034059177	-0.00025489114	0.00026486136	-2.5586649e-05	-0.00018196757	-7.882985e-05	0.0003436262	0.000260093	-0.00017555193	4.9049206e-05	-0.00023369356	-7.5361946e-05	-0.0004784844	-4.805218e-05	-0.00015956705	-0.00018263947	-4.7336925e-05	-0.00010635636	-0.0005456643	-0.000101653015	0.0005507903	-0.00050127506	0.00028423828	-0.00783981	-0.0018442761	-2.4210323e-05	-3.9696693e-05	1.4576045e-05	-0.00023633783	0.0020275982	-7.294525e-05	-0.0003310767	-0.0009004636	-2.046065e-05	0.00026777116	-4.1159718e-05	-4.300204e-05	-7.842888e-05	0.000121831894	-0.0011535124	0.00031341205	-0.0018967931	-1.6039068e-06	0.00014777617	-6.1847946e-05	-0.0012018572	-0.00089467654	-4.495274e-05	-0.00011528622	0.0004495274	6.104599e-05	3.877553e-05	-0.0001670664	-4.665418e-06	-0.00023642453	0.00043847345	0.00010514259	5.4814598e-05	0.0003223636	0.00053386256	0.0012058779	0.0004183596	0.00076783786	-4.486604e-06
chr6:31355106:-:chr6:31355106:C>T	-0.00040323084	-0.010897875	-0.011603963	-0.00071042235	-0.00059173326	-0.00047982822	0.0003284541	-0.00028811803	-8.861585e-05	0.00032936444	-3.478202e-05	0.00027539514	0.00016515906	-0.00064334	-0.0014696989	0.0011035312	0.0006429065	0.00041185727	-5.20186e-06	0.0001971505	3.8450413e-05	7.503683e-05	0.00040305743	0.0004375631	0.00067676196	-0.00012584166	0.00023735654	-2.5792556e-06	0.00015221942	0.00017625635	0.00022227113	9.406696e-05	-0.00024508347	-4.475767e-05	-2.3148277e-05	-0.0005589398	0.00031783365	0.0009733547	-0.00057915127	0.00048134543	-0.008900252	-0.002226071	3.5264275e-05	-6.350604e-05	0.0001391931	-0.00027466903	0.0017369877	-1.5345488e-05	-0.0003954714	-0.0010414124	5.2538784e-05	0.0002941056	0.00015811487	0.0002247637	-6.914139e-06	4.5949764e-05	-0.0010929108	0.0004474033	-0.0017055165	5.0132923e-05	0.00010603124	4.8854134e-05	-0.0018094453	-0.0011927594	-0.00017228993	-0.00038036433	0.00027424638	0.00014120882	-9.9203804e-05	-4.8745762e-05	4.8583202e-05	0.00073389575	0.0002644062	0.00060181186	-4.592809e-05	0.00033703717	0.0003787821	0.00072271173	0.00030361523	0.0005531311	0.00021674416
chr6:31355224:-:chr6:31355224:C>G	9.23872e-05	0.000109304085	0.00015505878	3.6597252e-05	0.00021130388	0.0001167384	8.8951805e-05	9.8965385e-05	-4.9851155e-07	0.00026681207	9.681962e-05	0.000100753525	4.7347763e-05	0.00010427562	0.0001122518	-4.324046e-06	-2.6778742e-05	-4.226511e-07	-5.1108273e-05	0.0001698624	0.00020662221	0.00021292946	0.00014211373	1.0197813e-05	-1.3860789e-05	-0.000114961105	7.962097e-05	2.7889555e-05	0.00011144985	0.00017508594	0.00016584179	0.00012989478	-6.328388e-05	5.3888016e-05	-0.00016723979	-1.327558e-06	9.510192e-05	0.00064154103	4.9444763e-05	5.2972275e-05	0.00016598268	0.00021440332	4.1604042e-05	6.585771e-05	-1.7989765e-05	-3.3942135e-05	1.0609627e-05	-4.2102554e-05	0.00012375008	3.1189484e-05	9.362264e-05	0.00014665994	9.347092e-05	8.820404e-05	0.00021695007	0.00018913095	0.000118168915	0.000133341	4.529953e-06	0.00015575235	0.00011706352	-6.0883434e-05	2.8648159e-05	1.6244974e-05	-1.2018464e-05	-4.177744e-05	-5.380674e-06	1.8889254e-05	4.6908855e-05	0.000120119614	-8.680604e-06	3.3253975e-05	-0.00034031	5.2620064e-05	2.845851e-05	4.0661205e-05	0.0002137531	0.00058022415	0.0013577722	0.0010868419	-7.846139e-05
chr6:31355224:-:chr6:31355224:C>T	-0.00010984594	-0.00014445999	0.00019912286	-0.0002487031	-0.0002180663	3.5762787e-05	-0.00024629722	9.4933945e-05	0.00019626184	9.597431e-05	-0.00034275922	0.00013265827	-6.671385e-05	-0.0001178438	-0.00033521652	-4.4893135e-05	-8.566813e-05	-2.1197578e-05	-0.00010361455	5.2538784e-05	0.00039568814	0.00021816384	9.276108e-05	-0.0001727451	-0.00012575496	-5.4879623e-05	-0.00014439496	-1.5741045e-05	6.516413e-05	0.00024099783	5.6418507e-05	0.000106453896	-0.00017173182	-0.00024814496	6.317009e-05	-0.00016582012	-0.00016019562	0.00063551555	-0.00032159957	-0.00012742389	-0.00044610284	0.00025866248	-4.55813e-05	-0.00016385858	0.0001086105	-0.00020795519	-7.219748e-05	-6.753748e-05	-7.591464e-05	-0.00021405653	2.584674e-05	0.00025603987	0.00027032333	-3.369288e-05	7.4657524e-05	-9.411031e-05	-0.00017942082	-0.00020736997	-0.00010271506	-3.9187344e-05	-5.399097e-05	-0.00015280464	-0.0004005324	-0.000507138	-0.00023117932	-0.0001891743	-0.00024781443	-0.00017119538	-0.0001956658	0.00012288311	-8.847497e-05	0.00014071031	-0.0003231222	0.00024289434	-0.00019932335	-0.0002548803	-0.00047531995	-0.0012605841	-0.0009764758	-0.0011395541	-0.00022749467
chr6:31355595:-:chr6:31355595:G>C	9.430538e-05	-0.0011913993	-0.0003058477	-0.00015755133	-0.00037759	0.00012751059	0.00018941272	-1.0230325e-05	-8.518045e-06	0.0002466982	-2.7456066e-05	0.00031514603	8.5527245e-05	8.275292e-05	-0.00016665459	0.00012707169	0.00020250407	0.00012152845	0.00013375282	0.0007911162	0.0002962459	0.00017946417	0.0002487139	0.000120704826	0.00019285896	0.0002525503	0.0003397248	0.00022331151	0.0002062104	0.00026325745	0.00013128194	0.00015178593	6.0818413e-05	4.207004e-05	0.0005421205	5.526976e-05	3.6868183e-05	-8.53972e-06	-6.7824665e-05	5.101074e-05	-0.00031911244	-2.5770882e-05	7.685748e-05	4.7575344e-05	0.00025643	0.00011212176	0.00047181954	0.00018189171	0.00018657338	4.720688e-05	5.507469e-05	0.0001322031	0.00040214712	0.00015226277	0.00020185384	-0.00013646213	3.632632e-05	-0.0002773892	-0.00018548965	0.00020176714	0.000119881195	0.0002630624	-4.4660133e-05	-1.9506974e-06	3.303181e-05	-1.9263138e-05	7.658655e-05	9.645115e-06	3.781102e-05	0.00025723196	0.00032190842	7.441369e-05	0.00040220132	0.00015301054	3.7713486e-05	9.74265e-06	-0.0009617372	-0.001531731	-0.0029459	-0.002937837	8.392334e-05
chr6:31356164:-:chr6:31356164:T>A	0.00044978748	-0.0052036373	-0.008299047	0.0001355518	0.00012027134	0.0003068447	0.00021128221	0.00013043663	-0.00019699876	0.00039837576	0.001023791	0.00035233932	0.00038654153	0.00041994182	0.00018466603	0.00050007214	0.00050046225	0.0006475882	0.0002176545	0.001032049	0.00053516304	0.00046736543	0.00040450963	0.0019845096	0.0016432676	0.0004813888	0.00036703458	0.00019331412	0.00028790126	-3.52426e-05	0.00036840004	0.00032240694	0.00064680795	0.0006279729	0.0002940243	0.00047399782	0.0005586364	0.00047063828	0.00064698135	0.0006023971	-0.00604222	-0.0014950578	0.00043002042	0.00037713486	0.00024221161	0.00042657417	0.0001668063	0.00032080302	0.0010966822	0.001900066	0.0015237982	0.0040059956	0.00050497055	0.00037839197	0.00053817575	9.398027e-05	-0.00011773543	0.00019372594	-0.0011571754	0.00030094926	0.0004814538	0.00041762265	0.0012748458	0.000656453	0.0003837672	0.00041649558	0.00064212625	0.00034733253	0.00053986633	0.00045243176	0.00022007119	0.000903433	-1.8986788e-05	0.0006166805	0.00050549075	0.00050683453	0.00047670712	0.00050284644	0.00052200665	0.0003706325	0.0004822991
chr6:31356687:-:chr6:31356687:C>T	-0.00024596127	-0.017630143	-0.028015267	-0.00058729	-0.00087594986	-0.0013365746	0.0010616129	-0.0017971342	-0.0019501772	0.0004056367	0.0022262821	0.0005613349	0.0006505793	-0.0003974546	-0.0012369589	0.0007958304	0.0007294633	0.0005929362	0.0010351484	0.0011472702	0.000516626	0.0005899776	0.00059695676	0.00086073444	0.00076863985	0.0004105026	0.0008182851	0.00050963595	0.0006202351	-0.00034011493	0.00031320614	0.00047735733	0.0004015348	0.00042982536	0.00035240434	0.0012632608	0.0015694282	0.00045488638	0.0005399964	0.00066615234	-0.017619826	-0.006239501	0.0003798008	0.0009142377	0.0005895116	0.0011329922	0.0005543882	0.00027763844	0.00034684484	0.00028833476	9.328669e-05	0.00061080133	-4.7878784e-05	0.00019976226	0.0010191961	0.00026806918	-0.0008401004	2.1674417e-07	-0.0025535063	0.00063694606	0.00077875634	0.0005122857	0.0021590537	0.0009462617	0.0012801344	0.001035051	0.0014560873	0.001070391	0.0014495633	0.00048674236	0.00067392265	0.00037057835	1.7339534e-07	0.0006389618	0.001277826	0.0010318973	0.000971935	0.00063501706	0.0003075708	0.00035686928	0.00079661066
chr6:31357085:-:chr6:31357085:C>G	0.00043734096	-0.0098226825	-0.010956678	-1.7074022e-05	-6.662174e-05	-9.219755e-05	0.00069186906	-0.00018880585	-0.0003634041	0.00043966554	0.0008832216	0.00053514674	0.0008527149	0.00012064522	-0.00058859045	0.0006618662	0.00051568315	0.0006452257	0.00057336414	0.0009390766	0.00039599158	0.00044856287	0.0005631013	0.0015403737	0.0013784062	0.00047269734	0.0007612976	0.0003147884	0.000567187	-8.368492e-05	0.00059159775	0.0007287914	0.0004674142	0.00060737133	0.00045615976	0.000711376	0.0007588701	0.0004375848	0.00033796916	0.00063688104	-0.008662051	-0.0024030318	0.00048810785	0.00040661747	0.0005929416	0.00041368333	0.0012846426	0.00037473982	0.0005534291	0.00067987223	0.00051534176	0.00058640674	0.0006454641	0.0003721443	0.0006511537	0.00019385597	-0.0003913099	0.0006310073	-0.00068365445	0.000607756	0.0005559596	0.00045469133	0.0005195141	0.00037076257	0.0005593625	0.0005002022	0.00044894218	0.00035645746	0.0008261854	0.00042641163	0.00028244473	0.0009935661	0.00044485656	0.0009240562	0.0006087802	0.00056860124	0.00059275195	0.0006563989	0.00029543313	0.00045761195	0.00041528183
chr6:33202260:+:chr6:33202260:C>A	-9.263645e-05	-0.00024347956	-0.00025428424	-0.00043094158	-0.00052022934	1.4998696e-05	0.0005359433	-0.00015586073	-0.00016631863	0.00015068054	-0.0002138398	0.00015943701	1.9615347e-05	-5.8683483e-05	-0.0014878403	0.00019851598	0.00029672275	0.0006347028	8.958036e-05	0.0002599196	4.519116e-06	8.25145e-05	9.724227e-05	0.0010738806	0.0016185154	-3.2511625e-08	0.00040886618	1.0024418e-05	0.00012565743	0.00041846794	0.000112316826	0.00010613962	9.020892e-05	-0.00041382964	0.00019415942	-5.5800785e-05	-7.4505806e-05	-0.00012035803	-0.00030983577	2.5651672e-05	-0.0005820664	3.1037765e-05	-3.5968693e-05	-6.2747436e-06	9.106506e-05	5.6786972e-05	0.00046810237	1.1379068e-05	0.00025717777	0.00071343506	-0.00015239282	1.5383417e-05	0.0012468424	0.0001595237	0.00011135231	0.00029412183	-0.00051551516	0.00038391893	-0.000108328735	-1.0685487e-05	0.000107472595	-0.00011781129	-0.00011021441	-0.00027527052	-4.8377296e-05	-0.00011032278	3.7756832e-05	4.1073017e-05	5.0176273e-05	0.00014709342	0.00014237924	0.0004933639	0.00019749728	0.00032899054	0.00012744557	0.00020894138	-0.0009927966	-0.004310608	-0.0020145504	-0.0037540197	-5.756725e-05
chr6:36685748:+:chr6:36685748:C>G	-0.0007022511	-0.0023977973	-0.0027660022	-0.0022935001	-0.0023241043	-0.00021648407	-0.00031106037	-0.0010729703	-0.00087382575	4.1788273e-05	-0.0004405	-7.8894875e-05	-0.00018054788	-0.0005383058	-0.002637343	6.914139e-06	-1.6001139e-05	0.00042330136	0.00019220872	2.8859486e-05	5.7762318e-05	-0.000107179985	4.1636555e-05	-0.00012753769	1.6093254e-06	-0.00031235002	-0.00024258006	-5.9918922e-05	-1.5258789e-05	0.00015229528	-0.00017352538	-0.0002545877	-0.00069652905	-0.00090958853	0.00029954044	-0.0005152659	-0.00076958264	0.00036527353	-0.0006806634	-0.0006729039	-0.0012190125	-0.0008071119	-0.0010336529	-0.00096429477	1.0392882e-05	-4.0271065e-05	5.4278156e-05	-7.761608e-05	-0.00042997708	-0.0004527352	-0.00060835754	0.00051164627	5.9474598e-05	-0.00027799606	-0.00028748947	0.000162233	-0.0006079674	0.0001959584	-0.0008591739	0.0001553839	-0.000499812	-0.0011927431	-0.0013619933	-0.0013998314	8.615581e-05	7.42132e-05	-0.00014973771	-0.00012493134	4.3598087e-05	6.537004e-05	0.00031510266	0.00022108988	0.00040452046	0.0003884543	-0.00031644647	-0.0005652471	-0.0013047348	-0.003342195	-0.0020012422	-0.0020829113	-0.00015007365
chr6:42964930:-:chr6:42964930:C>A	-0.00046970628	0.00024338202	0.00016032565	-9.569255e-05	0.00043999066	-3.838539e-05	0.00031667406	0.00048385968	0.00034995514	0.0003656474	0.0004157099	2.1284277e-05	7.224083e-05	-1.5172091e-07	0.00022088397	-2.6545742e-05	-0.00075335935	0.00079386885	-0.0007353479	-0.00012947754	-0.0010339346	0.00033900954	0.0006447272	-0.0005944209	-0.00013126568	0.00041156466	-0.0005012967	-0.00027656555	-6.0840088e-05	0.0008205501	-0.00033738397	-0.0003500635	6.246567e-05	-0.00039594824	0.00064189866	-0.00030763584	-0.00066965277	0.0001800277	0.00042149154	0.00014524026	0.0003942468	0.0015582605	-0.00048572366	-0.00024432485	0.0002087463	-0.0001573346	7.976185e-05	-1.5778975e-05	0.00015133078	0.0006936897	-0.00012719631	1.5713951e-05	0.00016665459	-0.0004309524	-0.0005446998	0.00037984413	7.814711e-05	0.00026809087	3.056093e-05	0.0005883737	0.0005103675	0.00018387492	0.00032789056	0.0015600865	-1.781637e-05	0.00034572862	-0.0002192313	-0.00017881393	0.00040701844	-2.8133392e-05	-0.000771956	0.0014351769	-0.00042392992	0.00016978654	0.00043938376	0.000104497776	-0.00040733814	-0.00084816327	-0.00042538208	1.1118976e-05	-5.1834366e-05
chr6:43610724:+:chr6:43610724:G>T	-0.0005458377	-0.0076286686	-0.015684865	-0.00096014957	-0.0006603978	-0.0005188855	-0.00016336549	-0.0011342005	-0.0014113947	0.00016334382	-0.0003711148	0.000109786335	0.00041243705	-0.00019342249	-0.0017455871	0.00024494258	0.00022055885	0.0002819083	0.0002411062	-6.7905945e-05	0.00026313282	0.00037665802	0.00018964573	-0.00022064014	-6.091053e-05	-6.270951e-05	-8.669767e-08	-6.2747436e-06	-3.1427902e-05	-9.10759e-05	-0.00013110855	5.139546e-05	6.840988e-05	-3.7317925e-05	0.000110967594	0.0001850074	0.00013824484	0.00016596643	-0.00027990883	0.00018096511	-0.012194503	-0.0023169843	-0.0002523173	-8.466027e-05	-1.5621836e-05	0.00024648148	-0.0003530654	0.0003695163	0.0001605099	5.9599228e-05	-0.00021446835	0.0024007775	-0.00043422525	-2.178279e-06	5.671111e-05	-5.321611e-05	-0.00058842247	-0.00012031468	-0.0021132664	0.0005973794	-4.6139412e-05	-0.00011163408	-0.0004982027	0.00024570661	-0.00020100312	0.00027100605	-0.00014706091	-7.848306e-05	-0.00012116541	-1.4521859e-05	0.0026685325	0.00013583899	-2.2758137e-05	0.0002753572	-9.4570896e-05	0.00010215694	-9.2121685e-05	4.002181e-05	0.00013982166	6.125732e-05	0.00054182246
chr6:131591528:-:chr6:131591528:C>A	-0.00031796368	-6.2899155e-05	-0.00013095682	-3.970753e-05	-0.00022237952	0.00068313425	0.00048372961	0.0003631982	0.0007432591	0.000851241	-0.00031496177	0.00037559596	-0.00010798194	0.0005385659	0.00057645276	-0.00033538992	-0.00022376668	-0.0012305867	-0.00024140965	7.427822e-05	0.0009115609	6.1847946e-05	0.0006700429	-0.00022615086	-0.0001284426	0.0009396943	0.00046691028	0.0012018572	0.0013578914	0.0020642714	0.00054495985	0.00093516434	0.00023794174	0.00017673319	0.0011825128	-4.7228554e-05	0.001052553	0.00054569676	-0.0010883592	-0.00043192777	-0.0004117597	0.00034932655	0.00038446079	0.00061958487	0.00062606554	0.000598474	-4.3110413e-05	0.0001819784	-9.432706e-05	-0.0003102476	0.00016165864	0.00015638092	0.00064687297	0.0007618124	0.0009984103	5.9843063e-05	0.0011664088	-0.0004678206	0.00035190582	0.00053123996	0.0006053448	0.0009139668	-0.00022725626	5.3232365e-05	-0.00082952325	-0.0010356903	-0.0008477298	-0.00020386955	-0.000821352	0.0007059574	0.0012039705	0.00039197097	-0.0009576516	0.0004086061	-0.00020655719	-0.00084352493	-0.00021648407	-0.0005399747	-0.00021097877	-0.00032533298	0.00032450937
chr6:131596164:-:chr6:131596164:C>G	-0.0004289367	-0.0010636504	-0.0001560558	-0.00084842334	-0.00092675467	-4.3890694e-05	0.00037032907	-0.00010451404	-0.00010343031	-2.0005486e-05	0.00011093508	-0.00032420593	-0.00074789743	0.00033907456	-0.001196948	-7.5047665e-06	-7.33679e-06	0.0003186681	-0.00018130649	0.00042800469	0.000368205	0.0013562766	0.0014216683	-0.00011342222	-5.1303345e-05	0.00015551393	0.00018499115	-2.049316e-05	4.9135902e-05	0.00015018204	-9.816343e-05	0.00017911737	-0.00082398544	-0.0012523044	-0.00022543561	-0.00034177303	-0.00047744403	0.00043867936	-0.0014298179	-0.0011301257	-0.00022722375	0.00012870268	-0.00023705309	-0.00021243095	0.00055510347	3.5546043e-06	0.00015694444	-0.00019308654	6.198883e-05	-3.1774693e-05	1.6515905e-05	0.00012913076	-1.6429207e-05	-1.5930696e-05	-0.00010709329	0.00017252835	0.00040145355	-0.000121517616	-0.00015826659	-0.0002593994	-0.00025612657	-0.00010941245	-5.1693482e-06	-0.0003896789	-0.00018425421	-0.00047590517	-0.000156408	-0.0005182786	-0.00016174534	3.1341206e-05	-0.0003547235	0.00026888738	0.0003784678	0.00027513504	-0.00027185137	-0.000403686	8.851832e-05	-0.0003569343	0.000215357	-9.796836e-06	-0.00047371603
chr6:131598468:-:chr6:131598468:C>T	-0.00030808014	-0.0014706525	-0.00048333948	-0.0012670864	-0.0013621937	0.00015609915	0.00021409988	-1.2137673e-06	-5.2148647e-05	0.00035931848	-0.0006812811	0.00039828906	-0.000460538	0.00039672852	-0.0011954308	9.3633476e-05	3.381209e-06	0.00094288046	0.00012224371	0.0003237941	0.00032940778	0.00085969403	0.00071998074	0.00038682332	0.00019725887	0.00031622974	0.0003409169	0.000335119	0.00082718243	0.0005274469	0.00035602396	0.00054996664	-0.00069507683	-0.000731815	0.00029988724	-0.00049443677	-0.00017942082	0.00021975691	-0.0024194827	-0.0015590407	-0.00047662042	0.00046818907	-0.00023811514	1.8770044e-05	0.0002822009	0.000226541	0.00025584482	-3.3985485e-05	-0.0003140623	-0.000435374	-0.00015761635	0.00031389974	0.0001945279	0.000314149	0.0004641793	0.00018648668	3.7713486e-05	-0.00010219487	-0.00072305853	8.669766e-05	-6.745078e-05	-0.00015219775	-0.00040737606	-0.0010350618	-0.00083322957	-0.0011923097	-0.00058879633	-0.0010955334	-0.0007102164	0.00050327997	-0.0005331256	0.0006924434	0.0002706701	0.0012311719	-0.00060647185	-0.0011426752	-0.00045624646	-0.0020311961	-0.0009824579	-0.0016434843	5.5183064e-05
chr6:135448476:-:chr6:135448476:C>G	0.000675028	0.00025072964	0.00011244687	-0.0002567985	0.0010306619	0.003157529	0.0006911538	0.0015720021	0.0030417875	0.0026134143	-0.0019035339	0.003029043	0.0005433343	0.004070455	-0.0007917231	-0.0017271909	-0.00020963495	0.002973383	0.0030586936	0.0013580322	0.0035384784	0.0014071898	0.003802733	-0.0008365458	-0.0005975203	0.001618472	0.0015924628	0.003922029	0.0024189516	0.0005839955	0.0014856512	0.0044512316	0.0025919133	0.002677484	0.0037382299	0.0006042827	0.0054892628	0.0028169805	-0.00035025858	0.0010400251	-0.00024318695	0.0019846829	0.002223275	0.0036497982	0.0071390327	0.0026817322	-0.0016134436	0.0015917692	0.0017367277	0.00307638	0.0006344535	0.0015057217	0.0018619191	0.001375025	0.003537438	0.0015404441	0.006065889	-0.003705805	0.0020705136	-0.0002334768	0.0021620663	-0.0015328147	-0.00084564905	0.001181169	-0.0017488654	0.00015328148	-0.0017023954	0.00090443005	-0.0005014593	0.0021988263	0.00014846976	0.003429933	0.00040952725	0.0063434946	0.000623703	-3.6066227e-05	-0.0019482699	-0.0073873345	7.455999e-05	-0.0015765104	0.0038677563
chr6:137203686:-:chr6:137203686:C>G	-0.00047245892	0.0019769669	0.00039685855	0.0006216656	0.00028818304	0.00021956184	0.0004732934	8.804148e-05	0.00044701315	0.00019350919	-0.00025689602	-0.000121550125	-0.00070769136	0.00043682617	0.0006559762	-0.00019128215	-0.0002588684	0.0008831891	-0.00026382098	0.0003107136	0.0001487732	0.00068313425	0.0007449714	0.00041259418	0.00028891998	0.0003360835	0.00045670161	0.000115036964	0.00045542282	0.00036269968	-0.00014647571	0.00043049725	-0.00065112114	-0.00019656528	0.0004130927	-0.00069429656	-9.66679e-05	0.0003835288	-0.00067322905	-0.0010644739	-6.556511e-06	0.0010291338	-3.706325e-05	0.00021422993	0.00014954805	8.177757e-05	0.00029246372	-8.453022e-05	-0.00014933673	6.8881294e-05	-1.8260696e-05	2.9119577e-05	0.00011314045	0.0002578822	0.0001261451	0.0012810339	0.00066980446	0.00052035396	0.0012426376	-7.778948e-05	0.0003196543	0.002122012	-0.0005066937	-0.00093291025	-0.00052640657	-0.0009627342	-0.0004015619	-0.00073354895	-0.00030176205	0.00031200322	-0.00034581532	0.00035429	0.0005977262	0.00037926977	-0.00026022305	-0.00047677214	0.002061107	0.00079887564	0.0018970316	0.0029652335	-6.9704925e-05
chr6:157167185:+:chr6:157167185:G>T	-0.00061689725	-0.007584745	-0.014544227	-0.0010220788	-0.00089086185	-0.00054946815	0.0011108789	-0.0010596189	-0.0013841282	0.0006960305	0.00011212176	0.00089274754	0.00053282216	-0.0005995577	-0.0009358363	0.00013167207	0.00021237676	0.0004658157	-2.518567e-05	0.0009859476	0.0006698262	0.00012534315	0.00026914207	0.0010343682	0.0007065209	0.00027332522	0.00042982536	0.00011439757	0.00041027504	0.00014224919	0.00029748137	0.00069204246	0.00018685515	0.0014029633	0.00045662577	0.0004416379	0.0016375455	0.00014645403	-0.00041788275	0.0010134307	-0.015462702	-0.0047626495	0.00014872984	0.0005282922	0.00042679094	0.0007240989	0.0016217665	0.00022324649	0.0009403229	0.0010195646	0.00047037817	0.0012459971	-4.868074e-05	0.00015558979	0.0005782084	0.00051858206	-0.0004957806	0.0024322055	-0.0017993234	0.0002492016	0.0004118356	0.00032665514	-0.000644543	-0.00038526815	-8.411841e-05	-0.00043693456	-0.00018573891	-9.343841e-05	0.00027676063	0.0003721714	0.00034448234	-8.7851826e-05	-0.00014270436	0.0001518618	-7.049604e-05	0.00047148357	0.00026660616	0.00036327404	0.00015633757	0.00026825882	0.0003630031
chr6:157201489:+:chr6:157201489:G>T	-0.00052462926	-0.00799708	-0.024694182	-0.001541116	-0.0011683161	-0.001175772	-0.00014538114	-0.0028862304	-0.0026284999	0.00016177785	-0.00071229175	-0.000117648735	0.00013673306	-0.00080099975	-0.004530603	0.00021723183	0.00025999546	2.4752184e-05	0.0001595237	-0.00015591491	0.0005126108	0.00030907718	0.0005958947	-0.00024704498	-0.00038374012	-6.4817345e-05	1.6971067e-05	0.00035881996	-0.00017107617	-0.00020434639	-0.00026139346	-0.00025346063	0.00012618303	-0.00012218952	0.00017554652	-0.00030606444	-9.845604e-05	0.00019719926	-0.0008607236	-0.0002730326	-0.014544162	-0.0073286835	-0.0006159652	2.2411346e-05	4.3099575e-05	0.00033880363	-0.00029732424	8.702278e-06	-0.00026752733	-0.00023928555	-0.00093557616	0.0022043423	-0.00061990996	2.6637857e-05	-1.4391812e-05	-0.001508431	-0.0012813915	-0.0010042841	-0.011861671	0.0005695386	-5.8325855e-05	-7.872148e-05	-0.00039189513	0.00011244687	-0.00027009033	9.426204e-05	-0.0002870072	0.00010398843	-0.00040993365	-1.5638092e-05	0.00012328407	-0.00033567168	-0.00018243356	0.00021422993	-0.0003408898	-0.0001756874	-9.316206e-05	-0.00012697415	-5.5605717e-05	-0.00010685487	0.00034153461
chr6:160737006:+:chr6:160737006:A>C	-5.3860924e-05	-0.00039576401	-0.00053071976	-0.00013969162	-9.98432e-05	-0.00013223561	0.00019017133	-0.00014818799	-0.000303897	3.3747066e-05	0.00018774379	-8.7564644e-05	-0.00013516167	-4.382567e-05	-4.995953e-05	-0.00020074844	-0.00024778192	3.2511625e-06	-0.00020681728	0.00027418137	4.3500553e-05	-8.401004e-05	-1.7209486e-05	7.2219154e-05	0.00012298064	-9.4240364e-05	0.00013321097	-0.00017676571	-0.00015607747	-0.000104167244	-0.00010440566	-4.8507343e-05	-9.10759e-05	-0.00012391264	-2.69413e-05	-6.905469e-05	-8.080222e-05	1.835823e-05	-7.329204e-05	-3.0690975e-05	-0.00011660836	-7.469004e-05	-0.00011034445	-3.8016926e-05	-0.000143593	4.204837e-06	0.00016732649	-6.663799e-05	-0.0001087839	-3.764846e-05	-0.00014125217	-1.5128742e-05	-6.84153e-05	-2.9455532e-05	-2.7266417e-05	-1.3221394e-05	-6.0645016e-05	0.00012606924	-9.927966e-05	2.9748137e-05	-3.164465e-05	-8.9233574e-05	0.0002567768	4.3478878e-05	0.00019467961	6.922809e-05	8.652427e-05	-2.6876276e-06	0.00011337887	-0.00012638351	1.9257719e-05	2.5218184e-05	0.00026880612	-9.808757e-05	9.406696e-06	8.2362783e-07	6.625869e-05	5.865097e-05	5.2993946e-06	1.2235208e-05	-0.00010212985
chr6:163562071:+:chr6:163562071:T>C	-0.001498374	-0.0129060745	-0.03270869	-0.0021551305	-0.0025206045	-0.0020959594	0.0014721263	-0.003222379	-0.0030427412	0.0002530705	0.0049285023	-0.00066973944	0.0011913776	-0.0020816976	-0.0034550754	0.0012618845	0.0007469004	0.00025638667	0.0002019622	0.0009631244	-0.00070238113	-0.00038255344	-0.0005088719	0.0010892694	0.0019405539	-0.00024245003	0.0008604743	-0.0007620508	-0.0009036931	-0.0010525964	-0.0014840473	-0.0014233589	0.0011731494	0.0010301416	-0.000707583	-0.0004671487	-0.0006182194	-0.0014243126	0.0016495098	0.0008234436	-0.024754263	-0.012938499	-0.0009082014	-0.00048539854	-9.0859154e-05	-0.000598409	0.0027744987	-0.00034145874	-0.00014781952	-0.0008455623	0.000597607	0.00047919966	-0.0025777384	-7.013841e-05	-0.0007295175	0.00019535152	-0.0021301399	-0.0006115003	-0.005992499	-0.0007566972	-0.00040914796	-0.00017636473	0.0056645055	0.0004319386	0.0030090592	0.0014664476	0.003298456	0.0016591765	0.0051957043	-0.000900572	1.626665e-05	-0.0019568964	0.00016958063	-0.0016712275	0.0015587374	0.003785567	0.0011537726	0.00060324237	-5.726381e-05	0.0001039505	-0.00047670712
chr7:5528187:-:chr7:5528187:T>A	-0.00024318695	0.00047079	0.00059377064	-9.512901e-05	-0.00012514809	-0.00013063171	-0.0002910874	0.0002616969	0.0003875169	0.00014721263	-0.0011803183	-0.00020071593	-0.00049820816	-0.00015638092	-0.00036161597	-0.0006798831	-0.0005369403	0.00072518265	-0.00040666622	0.00032381577	-0.00021563876	-0.00021438165	-0.00036744637	-0.0003172918	8.44652e-05	-0.0005951144	-0.00070795143	-0.000497753	-0.00045631148	0.0002540892	-0.00018516454	-0.00015327064	-0.0004877069	-0.00035848402	1.6169115e-05	-0.00043060564	-0.0005367886	-0.00026700713	-0.0004697388	-0.00034955415	0.00039256702	0.00057810004	-0.00025453352	-0.00039973043	5.3774227e-05	-0.00059530954	7.347627e-05	-0.00023984909	2.7959998e-06	0.00033103337	-9.091334e-05	0.00011148236	0.0003993728	-0.0005283356	-0.0004519983	0.00011985952	-0.00045368887	0.0007099455	0.00022335486	-0.00060595165	-0.00010366873	-9.142269e-05	-0.0010489497	-0.00095312705	-0.00026486136	4.0726227e-05	-0.0004079992	-0.00033683126	-0.0003641952	-0.00017538937	-0.00020007654	0.0001090765	-0.00032893094	-0.000109092754	-0.00062223995	-0.0005834319	-0.000101522965	-0.0002766956	0.000995636	0.0012344881	-0.00047330422
chr7:5982823:-:chr7:5982823:C>T	-0.0019366958	-0.0150942365	-0.040111803	-0.0030419177	-0.003319285	-0.00077665935	-0.0006180568	-0.003936074	-0.0032692822	-0.00013702567	-0.0007040067	-0.0005199909	-0.0001569878	-0.001646107	-0.0037994818	9.8315155e-05	0.00018906593	3.221902e-05	-0.00042083047	-0.00040518155	-0.00038799373	4.339218e-05	0.00011643497	-0.00034757095	-0.0005526109	-0.00043812665	-0.0005552985	-0.00018307296	-0.0004815405	-0.0001989278	-0.0008405989	-0.0012065064	0.00010456822	-0.00090322713	3.3172695e-05	-0.00052297115	-0.00076602807	-0.00093559787	-0.0007471822	-0.00028759782	-0.01974496	-0.015228012	-0.0010180473	-0.00023832104	8.8919296e-05	-0.00020427053	0.0010602041	0.0019866338	-0.0011455145	-0.0021947513	-0.0009645549	0.0013007034	-0.0012505705	-0.00040089	-0.000618241	2.8317625e-05	-0.0028068153	-0.00067868555	-0.0073702116	-0.00032652507	5.939874e-05	0.00019989231	-0.00037263197	-0.00012010336	-0.00019459832	2.8306787e-05	-8.199974e-05	0.00010402636	-0.00042840568	-0.00076471677	0.0009175431	-8.2362785e-06	0.00036402183	0.0002289902	-0.00013069673	-0.00016069412	-0.00015126033	-0.00019555743	-5.9924343e-05	-0.00019855933	-0.0002020489
chr7:99391175:+:chr7:99391175:C>T	0.00015338985	0.0003454902	0.00036256964	0.00017616966	0.0003784353	0.00030647626	0.00035749783	0.00037548758	0.00062452664	0.00032052127	-3.2462856e-05	0.00020850789	0.00010672482	0.00018752705	0.00032043457	0.00017339532	0.00024457413	0.0002677874	5.2300365e-05	0.00023581764	0.0002895702	0.00027428975	0.00022552231	0.000102346596	0.00013944236	0.00017534602	0.00019888445	0.00017246333	0.000186465	0.00039252368	0.00022131746	0.00020330603	8.389083e-05	0.00011179664	0.0003669045	-2.3961067e-05	6.4373016e-05	9.4446266e-05	2.752651e-06	9.075078e-05	0.00043565576	0.00046144833	0.00010364706	8.37933e-05	0.00026098164	0.00014352798	0.00019598007	0.00015726956	0.00030530582	0.0002873594	0.00015367162	0.00028070537	0.000303962	0.00017465245	0.00024713168	0.00023607774	0.00041497836	0.0005839738	0.0003660809	0.0001617345	0.00023234975	0.0006795796	-5.83692e-05	-4.2519787e-05	0.00016336008	9.096752e-05	8.136576e-05	1.7946417e-05	5.3730877e-05	0.00020512668	4.701181e-05	0.0002277927	-1.48686495e-05	0.00029791484	0.0001014146	0.00010672482	0.0009460449	0.00244249	0.0015314276	0.0026006699	0.00021999533
chr7:101137402:+:chr7:101137402:C>G	0.00016238472	-0.00017684157	-0.0005275553	-8.5332176e-05	-7.423488e-05	7.134134e-05	0.00021009553	-0.00013568184	-9.36118e-05	0.00016303496	0.00019161268	0.000121707264	0.00016882202	0.00013233315	-0.00042763623	7.1368435e-05	7.269599e-05	0.00016561964	0.00023686886	7.15906e-05	0.00011027401	7.130883e-05	9.6640804e-05	0.00018660589	0.00021033938	0.00011879748	0.0001659881	0.00015392629	0.00012164766	0.00010949915	7.215413e-05	0.00015097315	0.0002019893	6.810101e-05	0.00013929064	0.00016897375	0.00012279641	0.00011032278	7.530776e-05	0.00010678985	-0.0004762411	-0.00013363361	3.920902e-05	0.00015528635	0.00014491515	0.00013596361	9.864027e-05	0.00013596904	0.000113985756	0.0001403852	7.529692e-05	0.00016376647	0.000113487244	0.00011634827	0.00010704994	-0.0001882098	4.9276787e-05	-0.00028623777	-0.00026802582	0.000103148544	0.00010565194	-3.8016926e-05	0.00019456582	0.00026837803	0.0001877763	0.00037119605	0.0002236583	0.000220017	0.00027715077	0.00012493134	0.00011946938	0.00018301336	0.000789664	0.0001557686	0.0001577193	0.00016317042	-5.310232e-07	-0.00066475436	-0.00051515753	-0.00068666716	0.00019932335
chr7:107917463:+:chr7:107917463:G>A	-0.00038795036	0.001643506	0.0022000617	-0.00029277802	0.0002118024	-0.0007486777	-0.00010011413	-0.00092731824	-0.0010407838	0.00033974648	-6.169623e-05	0.00028932095	0.000515591	-0.0002642328	-0.0018149723	0.001246875	0.00084968045	0.0001945875	-8.348985e-05	6.669218e-05	0.00015957248	0.00020267746	0.00030530582	0.00010353869	8.488785e-05	0.00021813133	-0.00010114366	0.00014958599	8.229776e-05	-0.00011517785	-0.00011991371	-3.9859253e-05	0.00060623884	0.0003270019	0.00016290491	-8.033623e-05	0.00015683607	9.4608826e-05	0.0007118095	0.000627962	-0.010622068	-0.0025384643	1.8271532e-05	0.000110647896	0.0002902638	0.00018500198	-0.0003338077	0.00024041263	0.00024741347	-0.00014090538	0.00016741319	0.00038266723	-0.000116825104	0.00024962425	8.7272034e-05	-2.7959998e-06	-0.0010232601	-0.00020003319	-0.0031699701	0.0002706159	0.00024248254	0.00014025514	-0.000105922874	0.00018093803	2.1403486e-05	0.00012665446	-1.1368232e-05	0.00024784694	0.0004951954	8.917938e-05	0.00023397533	-7.066943e-05	-0.0002936233	0.00012420524	0.00019639189	0.00027041	8.516962e-05	0.00012269887	4.1284344e-05	-2.5727531e-05	0.00026861104
chr7:107929207:-:chr7:107929207:T>G	-0.00083806296	-0.00068387116	-0.00049439346	-0.0005424239	-0.00072236493	-0.00052575633	-0.0006103949	-0.00044345856	-0.00031731345	-0.00082638045	-0.0005281242	-0.0006624352	-0.0013659	-0.00055800786	-0.0006836978	-0.00050046225	-0.0004658049	-0.00013429468	-0.0012639002	-0.0003557422	-0.00073047116	-0.00013990836	-0.00036113913	-0.00057554245	-0.00037941066	-0.0011339621	-0.00078379025	-0.00042540376	-0.00055436656	-5.9452923e-05	-0.0007788051	-0.00060276553	-0.0010321465	-0.00082631543	-0.0008556843	-0.00091514806	-0.00072305853	-0.00041127205	-0.00080296124	-0.0007298751	4.4280834e-05	-0.00036551736	-0.00076601724	-0.00077130576	-0.0004947619	-0.0004760352	-0.00023643537	-0.00062617386	-0.00056539883	-0.0006677454	-0.00047004223	-0.00013024156	-0.00037696146	-0.00072984264	-0.0006574067	0.0002694997	-0.00057766656	0.001958847	-0.0004668669	-0.0009143136	-0.00089855626	-0.0012261217	-0.00050514395	-0.0011124827	-0.00028369643	-0.00044683975	-0.0006017035	-0.0005695386	-0.00057024305	-0.0006944483	-0.0006316142	-0.0006008582	-0.0002016371	-0.00044233148	-0.00069338625	-0.0006664666	-0.00026377765	-0.00020634044	0.00079415063	6.7017296e-05	-0.00065682153
chr7:116771990:+:chr7:116771990:G>T	-0.00029209527	-0.0020866015	-0.014681404	-0.0009582422	-0.0008065863	-0.0006349195	-0.00097061286	-0.0012104186	-0.0009550723	-0.00057651236	-0.0010736748	-0.00025721572	-0.00033996862	-0.000278733	-0.0013929226	-0.0003992319	-0.0003645095	-1.7567114e-05	-0.00036554987	-0.00057833845	-0.00038062443	0.00021847812	-0.00021531907	-0.00045613808	-0.00049960613	-0.00060425565	-0.00061174954	-0.00027026914	-0.00021124427	-0.00039306554	-0.00035231223	-0.00030021777	-0.00080802763	-0.0006354722	-0.00044497036	9.289113e-05	-0.00038750062	-0.0005239194	-0.00088011136	-0.00026835638	-0.0043426156	-0.0013412888	-0.00043047557	-0.00055942213	-0.00016416203	-0.0003283674	-0.00048152424	-0.00029969757	-0.0006700429	-0.0007810701	-0.000690341	0.00037667967	-0.00045753067	-0.00052780454	-0.000392903	-0.00025348773	-0.00041206318	-5.547025e-05	-0.0005299991	0.00025794722	-0.00055731967	-0.00017303228	-0.0009846633	-0.0006805333	-0.0005759055	-0.00058249454	-0.00076104834	-0.0004630739	-0.0011199658	-0.0002951893	-0.00025692311	-0.00041156466	-0.00085645914	-0.00014421073	-0.00077171216	-0.00096207316	-0.0002921928	-0.00014293735	-3.9062717e-05	-9.603934e-05	-0.00022812864
chr7:116771990:+:chr7:116771990:G>A	-0.00027705322	-0.0020531742	-0.014771375	-0.00087464397	-0.0007336194	-0.0004771189	-0.0009026365	-0.0011711229	-0.00087288837	-0.0004919497	-0.0010326288	-0.0002001524	-0.000225376	-0.00023493984	-0.0013393543	-0.0003373135	-0.0002949888	-6.1067665e-05	-0.00029751388	-0.0005356344	-0.00031915036	0.000103235245	-0.00014193491	-0.00043195486	-0.00046083602	-0.0005435131	-0.0005312616	-0.00021108714	-0.00017911196	-0.0003377362	-0.00028402696	-0.00022870844	-0.0007101677	-0.00053248083	-0.000397395	-9.0219755e-06	-0.0003154332	-0.00045491892	-0.00079346786	-0.00015434352	-0.0043060454	-0.0013119741	-0.00035757368	-0.00047487562	-0.00013637543	-0.00030022318	-0.0004520904	-0.00024054809	-0.0005089695	-0.00070832536	-0.0006358407	0.00016669794	-0.00039086558	-0.0004630143	-0.00032126904	-0.00021134723	-0.0003646775	-5.2923508e-05	-0.0005112182	0.00014517525	-0.00048919156	-0.00014552203	-0.00092025235	-0.0005741878	-0.0005121773	-0.0004599257	-0.0006960468	-0.00031630558	-0.0010450699	-0.0002540621	-0.00016970526	-0.00040689923	-0.0009052916	-0.00014412944	-0.0006833456	-0.0008530129	-0.00026293236	-0.00013367155	-4.991618e-05	-8.8903034e-05	-0.00019396436
chr7:116771990:+:chr7:116771990:G>C	-0.00046902354	-0.002042906	-0.014849576	-0.0008532134	-0.0007136898	-0.00045732476	-0.0007083362	-0.0011742656	-0.0008315932	-0.00032763046	-0.0009425608	-0.00018766793	-0.0003332929	-0.00033100086	-0.0012518113	-0.00019537318	-0.00019775196	8.398836e-06	-0.00034504588	-0.00039796394	-0.00020441684	6.513162e-05	-4.5001507e-05	-0.00032471528	-0.00032890926	-0.00039961122	-0.00043566662	-0.00016337092	-0.000111699104	-0.00010117076	-0.00024826417	-0.00017548692	-0.00054962526	-0.00043619762	-0.0003036694	-0.00020703944	-0.00027179177	-0.00031853263	-0.00070255453	-0.00024548444	-0.00418229	-0.0012115999	-0.00031232293	-0.00035444714	-6.2855805e-05	-0.00026751647	-0.00034303014	-0.00025136906	-0.00053515757	-0.00061142445	-0.0005096197	0.00021261518	-0.0003177632	-0.00039591032	-0.00026752733	-9.979985e-05	-0.00030517037	-4.0303577e-05	-0.00050326367	0.00015375832	-0.00033507022	-6.819855e-05	-0.0008616718	-0.00049238856	-0.0004463846	-0.0004250299	-0.0005427707	-0.00023013895	-0.00082894345	-0.00019804998	-0.00016221675	-0.0002487085	-0.00049681554	-7.285855e-05	-0.00050382724	-0.00064246764	-0.0001959584	-8.02712e-05	-2.674623e-05	-5.364418e-05	-0.0002342571
chr7:148809070:-:chr7:148809070:C>T	-0.0012419657	-0.008034489	-0.0142380325	-0.001122323	-0.0008787675	-0.00090076705	-0.0008959662	-0.0009862076	-0.00077347324	-0.0004169724	-0.0031567162	-0.00035097383	-0.0006451173	-0.00093419984	-0.0018006888	-0.00015970794	8.290464e-06	7.837469e-05	-0.0003433661	-0.00034724583	-0.00026439538	-0.00015935031	-0.000110485336	-0.00021238219	-0.00069449167	-0.0002538399	-0.00052142143	-9.568171e-05	-0.0001361045	-1.0728836e-05	-0.00053802406	-0.0002561916	-0.00053413346	-0.00076398527	-0.00018014149	-0.00091860513	-0.00042521954	-0.00068149786	-0.00016739694	-0.0012423559	-0.009341327	-0.004181255	-0.0006109368	-0.0005932288	-3.583323e-05	-0.00042670424	-0.00024231998	-0.00025975704	-0.00088487973	-0.0006163554	-0.00055213406	0.000458376	-0.00026320328	-0.00027116862	-0.00042746283	2.713637e-05	-0.00082405045	-2.8929928e-05	-0.0009602796	-0.00018191338	-0.00035380234	4.38636e-05	-0.0028471514	-0.0012094054	-0.0007674044	-0.00026806918	-0.00048661773	-0.00010086189	-0.0011989529	-0.000101653015	0.0003054684	-0.000482505	-0.0013410394	-0.00027663057	-0.0006049709	-0.00076231087	-0.0004123612	-0.00059802964	-0.00029663605	-0.00049807806	-0.00021680919
chr7:152156204:-:chr7:152156204:C>T	0.00044340978	-0.0017403256	-0.009431232	-0.00012986227	0.00036506218	0.000108242035	0.00022713705	-0.0011342439	-0.00095234136	0.00074681913	-0.0002696731	0.00063324516	0.0010060072	0.0004251166	-0.000881699	0.0012031794	0.0017946362	0.00022890893	0.0004882379	8.351694e-05	0.00068312883	0.00014560873	0.00052597304	5.6255947e-05	3.1536276e-06	0.0005474903	0.0004596873	0.0010902773	0.0002991178	-4.0953808e-05	0.0004956722	0.0006487803	0.0006958246	0.00089814444	0.00058476493	0.0005555478	0.0010689172	0.00018570098	0.0003051866	0.0007016117	-0.005084948	-0.0035437292	0.0005492622	0.00093830173	0.00019989772	0.0007911216	-8.562478e-05	0.0009788816	0.0005509745	0.00036584248	3.9534134e-05	0.0007751584	0.00018534878	0.00093428115	0.0008216771	1.6716394e-05	0.00040472095	-0.00023636493	-0.0014013377	0.0004554391	0.00032020157	5.5372715e-05	-0.00020434098	0.00038952177	-7.651069e-06	0.00069236755	0.0001332814	0.0007873069	7.606636e-05	0.0004632473	0.0014160926	0.00014129552	-5.8759342e-05	0.0005393245	0.00042120976	0.00033152645	2.0308928e-05	-2.193451e-05	2.2774393e-05	-2.670288e-05	0.0010927644
chr7:152167145:-:chr7:152167145:C>T	0.0007487861	-0.0006978024	-0.00675351	5.3888016e-05	0.00072495505	0.0005728223	0.00038008255	0.00016224384	0.00017366627	0.00088390434	-9.0902504e-05	0.0010310466	0.0015590624	0.00075962325	-0.0004081943	0.0009034872	0.001670431	0.00015289676	0.0009329861	0.0002464598	0.00060585956	0.0004972545	0.0008387891	0.0002565438	0.00026575002	0.0006552013	0.00091507216	0.0026519082	0.001320232	0.00058989093	0.00070955534	0.0007265752	0.0007798184	0.0010192936	0.00088739395	0.0009370826	0.0010904833	0.0006023916	0.00022676858	0.00042018024	-0.0035023906	-0.00086563284	0.0006059408	0.0009871613	0.0008082986	0.00075610116	0.0003683892	0.00081591174	0.00055430154	0.00049175456	0.0003604022	0.0016545329	0.0014086366	0.0010775328	0.00058795104	0.00058328564	0.0005269105	-4.8642807e-05	-0.00079802494	0.001078481	0.0006552393	0.0003116456	-0.00016852943	0.00051408465	-2.4860556e-05	0.00036889856	0.0001369498	0.00047478892	0.00016644326	0.0006155426	0.0006918745	0.00052115595	-9.133599e-05	0.0012805787	0.00034264	0.00024469875	0.00021217628	5.6299295e-06	9.3909824e-05	-2.0243904e-05	0.0008949258
chr7:152207301:-:chr7:152207301:T>C	0.00015735626	0.0024674155	-0.0067657125	0.00033825095	0.00083459506	-0.0007465102	0.0001968904	-0.0010609194	-0.00031826712	-0.00035223094	0.0013292215	9.681962e-05	-0.00038550657	-0.00012759729	4.2221764e-05	0.00043034554	0.00030335513	0.00013122233	-0.00014177235	0.00041385132	-0.00023240392	0.00021587718	0.00015575235	0.00041400304	0.00060356746	-0.00019741058	-0.0002640594	0.00036469373	-6.979162e-05	-0.00011346557	-0.00039586154	-0.00032596153	0.00030628117	-0.00026250968	-0.0001447851	0.000202309	-0.00012134422	-7.564371e-06	0.0002717213	-0.00028296493	-0.0014530529	-0.002401352	-9.6635384e-05	-0.0002034144	0.00019862434	0.000100721016	0.0012966503	0.00057086075	0.0002266277	0.0011435206	-5.4619527e-06	0.0006172657	0.0007363666	1.1834231e-05	-0.0003565875	-0.00028055365	-0.0003249862	-3.4115532e-05	-0.0022118092	-0.00045973604	-0.0001330159	3.3465298e-05	0.0015904144	0.00049795344	0.00072796777	0.00052074954	0.00065016747	0.00013582273	0.0011626699	-0.00018501282	0.0001120459	-0.00023807179	-0.00048776108	-0.00022812323	0.00041489166	0.0009416667	0.0002305291	0.00024906071	5.6602737e-05	0.00012240627	0.00033700466
chr8:47778459:-:chr8:47778459:C>T	-0.00023247978	-0.008089304	-0.02159795	-0.0013865124	-0.0009298108	-0.00042598898	-0.0004834912	-0.0017950318	-0.00109989	-0.0001739372	-0.00055396016	-0.00018048286	-0.00017701495	-0.0002272129	-0.0009768226	-3.9447437e-05	-5.4521995e-05	-9.118427e-05	-1.9940462e-05	-0.00031813708	-1.874837e-06	2.011386e-05	3.0344183e-05	-0.00053596497	-0.0008963238	-0.00021878156	-0.00024431403	-9.657036e-05	-0.00022456863	-0.00037423047	-1.6017393e-05	-0.00014222752	-6.370111e-05	-3.5546043e-05	-0.000435374	1.66893e-06	6.0341576e-05	-0.00011489608	-0.0001523278	0.0001788356	-0.013691685	-0.007205248	-0.00012113831	-0.00019604509	-4.6372414e-05	-2.3668463e-05	-0.0013348405	-0.0002812689	-0.00029505382	-0.00020473654	-0.0014603571	-0.00031146136	-0.0002104911	-0.0001769716	-3.415888e-05	2.9314648e-05	-0.00027327103	-0.00032042374	-0.00072923576	-2.5987625e-05	-5.8802692e-05	-0.00020392374	-0.0006033724	0.00015263124	-0.00034692071	-5.75239e-05	4.4887714e-05	0.00014042854	-0.00027517838	-5.9539623e-05	2.1912834e-05	-0.0011829897	-0.001689434	-0.0005871274	-8.045544e-05	0.00010182641	-0.0001497052	-0.00024195151	-0.00011055036	-0.00022727792	-0.0003852194
chr8:47798235:-:chr8:47798235:A>G	-0.00054665044	-0.012621728	-0.021705866	-0.0019294565	-0.0011686628	-0.0004275929	-0.00021936135	-0.0009409731	-0.0013974472	-0.00010206483	0.00010019541	-0.00012408603	4.8030506e-05	-0.00035854903	-0.001133171	-0.0001519485	-0.00010206483	-0.00012540817	-9.3221664e-05	-0.000117399475	-0.00012617219	-0.00025915017	-0.00010793318	-0.0002336177	-0.00014701756	-0.0001410571	-0.00013374741	-0.00013304841	-0.00012975931	-0.00029085984	-0.00016401031	-0.00014994362	7.8856945e-05	-0.000105511055	-5.8672646e-05	3.0615112e-05	-3.4483997e-05	-9.128722e-05	0.00031749226	0.00027670644	-0.01952181	-0.0045970785	-0.00019332496	-0.0001495914	-0.00010317022	-1.9225206e-05	-7.731806e-05	-7.696585e-05	-0.00037298418	-0.00083397736	-0.0006948818	-0.0005075227	-0.00030785258	-0.00023096259	-0.00015046379	-0.00017026337	-0.0004299229	-0.00010607459	-0.002604685	-0.000123956	-6.576018e-05	-6.502325e-05	0.00013370406	0.00070439145	0.00013174252	0.001235225	0.00024644352	0.000531267	0.00019732931	-0.00018943982	-4.8296017e-05	-0.00019852682	-7.594715e-05	-0.00017782232	4.9856575e-05	0.00018793344	-5.0447205e-05	-9.447336e-05	-0.00010243329	-9.439208e-05	-3.1232834e-05
chr8:47828168:-:chr8:47828168:C>T	-0.0003076033	-0.008443486	-0.015373143	-0.0026851133	-0.0017991066	1.0100278e-05	-0.00034917484	-0.0014731233	-0.001856197	0.00038437409	-0.0013259541	-0.00016060742	-0.00027097354	-0.00013338435	-0.0013012886	-0.0007461635	-0.00070567563	-0.00013234398	-8.9645386e-05	-0.00021665747	0.0013819608	0.00029199774	0.0014039819	-0.00069493597	-0.0008087375	-3.268502e-05	0.00042507864	0.0006674203	0.00019142845	9.506399e-05	-0.00028020685	0.00021145561	-0.00014578212	-3.9230694e-05	0.0005054474	-5.2452087e-06	8.888678e-05	0.0007245324	-0.002822139	-0.0004658699	-0.028054584	-0.012181022	0.00031896072	0.0006781491	0.0005268617	0.00029208444	0.00018054788	1.1053952e-05	-0.00037579102	-5.4706226e-05	-0.001995867	8.067218e-05	-0.00040002304	-0.00017482584	0.0001313903	0.00029065393	0.00022021207	-0.0006580353	-0.002716086	0.00032164835	5.899776e-05	-0.0006669218	-0.00088826095	0.00072102115	-0.0009301359	-0.00012484464	-0.0010362105	0.00019821254	-0.00090117886	0.00022532723	0.00026091663	-0.0017523115	-0.0032082037	-0.00046660684	-0.0003473542	-0.00045585632	-0.0013908473	-0.0025387243	-0.0013763254	-0.0020369617	-0.0003471808
chr8:67131949:+:chr8:67131949:A>G	-0.00032264536	-0.00056336145	-7.451664e-05	4.6990135e-05	-0.00037032907	-0.00011591478	0.0004229979	0.00011144985	0.00020816109	2.2541393e-05	0.0066038696	0.00041142377	-0.0002862757	0.00019125505	-0.0010744008	-0.0013797067	-0.0010166168	0.00074187195	-0.00033825095	0.0007906394	-0.00026581503	9.865111e-05	-0.00011001934	0.0019125505	0.0044600745	-9.077245e-05	0.000620972	0.00047974152	0.00022224947	0.00033900954	-4.6556645e-05	1.1595813e-05	0.00015510213	-0.0010886192	0.0006503192	0.00018733199	-0.0005035184	0.0012546453	-0.00014911998	0.00018711523	0.00042312796	0.00021769783	0.00024955923	-0.000117518684	0.00024734845	4.7922134e-05	0.0014419556	0.00019871104	0.00023451718	0.0003100742	0.0001598705	2.049316e-05	0.0008156516	-0.00033179196	0.00015932863	0.0011874113	-0.00041246414	0.0052102697	0.00018999794	-0.00010715832	0.00037253986	0.00017512929	0.0020676635	0.00018063458	0.0029931501	2.3408369e-05	0.002398491	-0.0002155304	0.0015402708	0.0002653382	0.0047832835	0.0011589852	0.0029294924	0.00018912012	0.00032750043	-0.00055776944	0.0005933588	-0.0029149489	-0.0024089813	-0.0028006814	-0.0002593994
chr8:67195380:+:chr8:67195380:A>G	-0.0010860183	-0.0021568646	-0.0020154172	-0.0019368258	-0.0024791197	-0.0007639365	-0.00047140772	-0.0010936911	-0.0013152902	-0.00060579996	-0.00024997105	-0.00051914563	-0.00081682205	-0.001010808	-0.0044400473	-0.00034601038	-0.00048106367	0.000112349335	-0.0003998713	-0.0001365163	-0.00075513666	-8.444353e-05	-0.00033924796	3.7041576e-05	4.0043484e-05	-0.0004119873	-0.00044002317	-0.00057740643	-0.0004127459	1.3633208e-05	-0.0008320158	-0.00068118353	-0.0011204589	-0.0018030513	-0.00017747012	-0.0010530516	-0.0013068806	-0.00067914615	-0.00158505	-0.0009826963	-0.00066752866	-0.0010462675	-0.0009139451	-0.0011639812	-0.00016372855	-0.00080097804	0.00033456628	-0.00059530954	-0.0003743822	2.6811253e-05	-0.0005780133	0.00024290518	-0.00010195645	-0.00053572655	-0.0006328063	9.4847244e-05	-0.0014330473	0.0011734095	-0.0003338727	3.459237e-05	-0.001084371	-0.0013830445	-6.412918e-05	-0.0012393539	0.00036250462	0.0003602288	-8.937446e-05	-0.0007423271	0.00050792913	-0.00028358807	0.0038848356	9.077245e-05	0.00048183854	-4.626946e-05	-0.0006310723	-0.0008097237	-0.0009552999	-0.0021662496	-0.0013778426	-0.0016277053	-0.0010196946
chr8:89953243:-:chr8:89953243:C>T	2.3820183e-05	-0.0030089184	-0.017329477	-0.0013657808	-0.0009798408	-0.0009829565	-0.001174515	-0.0015555187	-0.0016517098	-0.00092755666	-0.0023533376	-0.00039789893	0.00048135628	-0.00022369082	-0.0018748045	-0.00041760097	-0.0003350377	-0.00019528648	0.00048225035	-0.0010601227	-0.0007963289	0.00016908212	-0.0003865307	-0.0008443648	-0.000905232	-0.00088506937	-0.00040871988	-0.00013725866	-0.00052127516	-0.0006328171	-0.00045885824	-0.00036666068	-0.001104745	-0.0010638833	-0.00086859684	0.0003506108	-0.00045551496	-0.0012425021	-0.0014727603	-0.0007075017	-0.010947916	-0.0024793202	-0.00070642884	-0.0009758852	-0.00042818894	-0.00040777164	-0.0007897995	6.382574e-05	-0.00077275257	-0.0007810755	-0.0013699532	9.0859154e-05	-0.000797819	-0.00047767704	-0.0005712509	-0.0010245279	-0.00085321884	-0.0007008368	-0.0034038858	-0.0008655028	-0.0012882515	-0.00080942566	-0.0016263886	-0.0008944273	-0.00082620705	-0.00045517358	-0.00096906855	-0.0006136244	-0.0013607632	-0.0005926002	-0.00047935138	-0.0005774444	-0.0003082698	-0.00062368135	-0.0009988167	-0.0008202629	-0.0007970387	-0.00069106166	-0.00016850233	-0.00045633316	0.00022755428
chr8:99136753:+:chr8:99136753:G>A	-0.002070557	-0.01836586	-0.03190331	-0.0034964734	-0.0028593757	-0.0013497092	-0.00058046257	-0.0034124202	-0.0043584215	-0.00018236855	0.00070182304	-0.00036950546	-6.094846e-05	-0.0016857061	-0.0046999236	0.00010282343	-0.0002537424	0.00037808853	-0.0007577809	-0.00036772815	-0.00010806864	1.6797672e-05	0.000143593	-0.00027526508	-0.00035723773	-3.0040741e-05	-0.000680555	-0.0003090555	-0.00014029849	-0.00015068054	-0.00087001105	-0.00075843115	0.0004630739	-0.0004640926	-6.942316e-05	-0.00052046776	-0.0006292733	-0.0001872236	0.0016589165	0.0009813092	-0.026716232	-0.010519374	-0.0010225556	-0.00090739946	0.00017282096	-9.205125e-05	-0.0008064834	-0.0007596016	-0.00056180084	0.0004517382	-0.0010752678	0.002213543	-0.0015515197	-0.0005244342	-0.0005589832	0.00025833736	-0.0016599352	-0.00017968091	-0.006621274	-1.9571999e-05	-0.00013037161	9.36985e-05	0.0019157041	0.0013327599	0.0009714473	0.000834465	0.0006038276	0.00037667967	0.0020594597	-0.00027223068	8.678436e-05	-0.00063644757	-0.00069407985	-0.0004453659	6.987832e-05	0.0015222593	5.2863903e-05	0.0003106811	-2.3874369e-05	3.0528416e-05	-0.00010347366
chr8:99766972:+:chr8:99766972:T>C	-0.00027656555	-0.0022657784	-0.01956296	-0.00051089306	-0.0003751083	-0.00040299242	-0.00016373937	-0.0008820512	-0.000960285	-1.3654882e-05	-0.00021904707	-8.078597e-05	1.0165301e-05	-0.00020830198	-0.00079396093	3.5697765e-05	0.00017004121	-1.040372e-06	7.434325e-05	-0.000107960266	1.793558e-06	0.00010530515	0.00016043404	-3.9339066e-05	-6.933646e-05	-1.9376928e-05	-8.357113e-05	-1.4521859e-06	-0.00025003066	-0.0008204254	-0.00012516975	-0.0001250397	0.00015029582	-0.00019076196	3.442981e-05	3.2224438e-05	-1.4993278e-05	-0.00021688505	2.2530556e-05	-9.482557e-06	-0.0040624086	-0.0020983003	-0.00011619113	-7.2186645e-05	8.929859e-06	4.2205505e-05	-0.00018784133	6.7461624e-05	-0.00014939091	-6.126274e-05	-0.0002643141	0.00053829496	-0.00024926662	-3.777309e-05	1.8916347e-05	-3.5199253e-05	-0.00013899262	-0.00012695248	-0.0018716455	1.8732115e-05	-3.1937252e-05	-3.4034252e-05	-1.7339533e-05	0.00032773885	-6.820397e-05	0.00017426231	-1.8065626e-05	0.000121512196	-9.100546e-05	-4.51153e-05	0.0001769716	-0.00029850547	-9.117343e-05	-0.0003973679	-5.2029438e-05	-7.2988594e-05	-3.3243137e-05	-4.6762552e-06	-1.9496138e-05	-2.693588e-05	-4.2373485e-06
chr8:144513482:-:chr8:144513482:T>A	0.00036261298	-0.00035103885	-0.0003698089	-1.8900091e-05	5.271218e-05	0.00025142322	0.00032461772	0.0001615611	-0.0001633384	0.0006138845	1.4993278e-05	0.0006563447	0.00040093335	0.00039252368	-0.00089732086	0.00033465298	0.00031499428	0.00053436105	0.00020499663	0.0007265048	0.0007924167	0.00043515724	0.0004336834	4.9547714e-05	0.00025427341	0.00035062703	0.00038151306	0.0004145232	0.0006278645	0.00046530637	0.00063512544	0.00048466164	0.00014617226	0.00031768193	0.0006730123	0.0002644604	0.00042256442	0.00062977185	6.649711e-05	0.0003553954	-0.000114180824	0.00032143158	0.00029893356	0.0004123341	0.0006706498	0.00041310352	0.00031508098	0.00029186768	0.00049294124	0.00042601067	0.00021000342	0.0005027814	0.000505404	0.0004029274	0.0003633716	0.00020161542	0.00012285059	6.580353e-05	-0.00039967624	0.00054996664	0.00036361002	-3.16013e-05	-8.8940964e-05	7.670576e-05	0.00012482297	2.817674e-05	0.00022556564	0.00020666556	0.00013431636	0.00048565865	0.0006588589	0.00043608926	9.506399e-05	0.00066067954	0.00027682565	0.00015159087	-0.00010451404	-0.001103748	0.00010672482	-0.00018293207	0.00036161597
chr8:144515761:-:chr8:144515761:C>G	-0.0005499883	-0.010107187	-0.012481906	-0.0007567135	-0.00079226494	-0.00067969883	6.5391716e-05	-0.00068854203	-0.00060096657	0.00020182133	3.9311974e-05	0.00013326514	0.00013581189	-0.00056421757	-0.0008879792	0.00075463817	0.00060280884	0.00017943165	-1.6385859e-05	0.00035464764	0.00025745956	0.00021975691	0.0001541918	0.00048105282	0.00018590147	0.00016139854	0.00020495328	3.7680973e-05	-8.8940964e-05	-0.00015759468	-0.00033386188	-6.651878e-05	0.0001763864	-0.00021933425	8.330562e-05	-8.684939e-05	-5.7317993e-05	0.00014165857	-0.00030070543	9.157441e-06	-0.0077889618	-0.003710205	-0.00026724554	-5.9604645e-06	0.00020026077	0.00017813119	0.00026604263	0.00012819334	-0.00020248239	-0.0004931038	-0.0002157634	9.638071e-05	-3.8992275e-05	0.00013781678	7.9751015e-05	-0.00022499128	-0.0011281316	-0.0002836314	-0.0015959035	0.0002524094	0.00017139045	4.204837e-06	1.0604208e-05	9.087541e-05	6.183711e-05	0.0001689304	0.0002514449	2.5163998e-05	0.000238657	4.68926e-05	0.00013923645	0.00016599894	-0.0001517751	3.4998764e-05	0.00014517525	0.00020058588	0.00016757575	7.3855575e-05	0.00012890859	6.0498714e-05	8.880009e-05
chr8:144516765:-:chr8:144516765:C>G	-0.00025268036	-0.0036382675	-0.0024245868	-0.0024835847	-0.0020070942	-9.705804e-05	0.000200445	-0.0005842989	-0.00091444363	0.0007045919	-0.0020859025	0.0005140738	0.000104860825	-0.00015098398	-0.0012898012	0.00050262973	0.00041957336	0.00055794284	0.00027379123	0.0030780705	0.0013178912	0.00027786603	0.00043934042	0.0001187758	0.00058755005	0.00029485876	0.0007883852	-6.335432e-05	-0.00014612892	0.0006215356	-1.5735626e-05	0.00010069934	-0.0012454554	-0.00070675934	0.00048054347	-0.0005422939	-0.00035145067	0.00071230804	-0.0030214137	-0.0007604686	-0.0013815273	-0.00032203848	-0.00042174078	-0.00042564218	0.00020707738	-5.6786972e-05	0.0015266592	-0.00020343607	0.00010720166	-0.00018960779	-0.00029334155	0.00077225943	0.0005960031	0.00034696405	0.00026395105	0.00013958324	-0.0005714243	0.0020859025	-0.0009663755	0.0006975261	1.2961301e-05	-0.0010189577	-0.00399958	-0.0013792298	-0.0025203011	-0.0013180646	-0.00036612424	-0.00032984128	-0.0016404066	0.00043236127	-2.2974882e-05	0.0011919196	0.00083437836	0.00063358655	-0.0009255843	-0.00043344498	-0.0023159548	-0.005374735	-0.0019151514	-0.002523769	-0.0006553043
chr9:21968243:-:chr9:21968243:C>T	-0.00016260147	-0.001798543	-0.00073268195	-0.0013168942	-0.001020735	6.723404e-05	5.6266785e-05	-0.0003683567	-0.00042304126	0.00040849773	-7.3151153e-07	0.0003209981	0.00010130622	2.8480183e-05	-0.0015433051	0.00015711784	0.00015432184	0.00034275922	0.00041142377	0.00038372388	0.00076081534	0.0003288009	0.00033580174	-8.275292e-05	2.1533533e-05	0.0003171834	0.00039449605	0.00036872516	0.00038753857	0.0002613501	0.00015204604	0.00011981617	-0.0006231178	-0.00045201994	0.00035353142	0.0002785271	2.9282137e-05	0.00067527726	-0.0017166138	-0.00059695676	-0.0007199591	0.0001822385	-0.00012272055	-4.4779343e-05	0.0008395802	0.00046931615	3.869967e-05	-1.0815534e-05	-5.4142693e-05	-4.0769577e-05	-0.00047978488	0.00060885603	0.00014721263	0.0002491691	0.0001391064	0.00018594482	-0.00015284798	-0.00020837242	-0.00087076967	0.00029622426	3.4245577e-06	-0.00036623262	-0.0005565123	-0.00015414845	-0.00038203326	-0.0007257895	-0.0013677641	-0.0008314306	-0.00025469606	0.0004552711	0.00024557114	0.00039606745	0.00021588802	0.0006421425	-0.00024869226	-0.00037093597	-0.00019823421	-0.0007635897	0.00031124463	-0.0001227639	0.00017666817
chr9:21970900:-:chr9:21970900:A>G	-0.0012843825	-0.027780078	-0.048414405	-0.0023510673	-0.00344038	-0.0013065989	-2.3001974e-05	-0.002362533	-0.0032694773	-9.913878e-05	0.00024317611	-0.0002773025	-0.00018945607	-0.0015505227	-0.002399618	0.00028857318	5.9322876e-05	4.778125e-05	-0.00028178908	-3.59416e-05	-0.00023493984	-0.00014472008	-0.000261025	-8.327311e-05	4.38636e-05	-0.00016895207	6.906553e-05	-0.0004040111	-0.00045733017	-0.0014436028	-0.00065453484	-0.00051819196	6.0406597e-05	-0.00027819115	-9.675459e-05	-0.0004908713	-0.00036629764	-0.00048457494	-0.00051090936	-0.00022599915	-0.017520374	-0.013769821	-0.00062857976	-0.0003454252	-1.1270697e-05	-2.5868416e-05	-2.942302e-05	-0.00053180347	-0.0007142479	-0.0006356131	-0.0008422678	0.00045588883	-0.0014915899	-0.00015104901	-0.00019634854	-0.0010471127	-0.0021130822	-0.00012749975	-0.010478247	0.00010933659	5.806576e-05	-0.00018555467	8.709864e-05	5.1249157e-05	0.00013887341	0.0002694997	0.0001686378	2.3039904e-05	0.00023100051	-0.00024158304	-0.00037821857	-0.00033099	8.160418e-05	-0.00026518648	-6.3018364e-05	9.5259056e-05	0.000119274315	3.4288925e-05	-4.172325e-05	-6.8561596e-05	-0.00018379906
chr9:21970901:-:chr9:21970901:C>A	-0.0009372018	-0.027449815	-0.047832705	-0.0021279508	-0.0029023776	-0.0008893663	-6.82419e-05	-0.0020310879	-0.0028570348	0.00035888498	6.901676e-05	8.619915e-05	3.5784462e-05	-0.0012001558	-0.002182462	0.001522476	0.0012722666	0.00023899296	-0.00015269626	-3.3828346e-05	0.000206969	0.00011444092	0.00016373937	-5.492297e-05	-6.407499e-05	0.00031230666	9.012222e-05	0.0001737638	-0.00012510474	-0.0008153482	-0.0002978065	-0.0002465248	0.0003479123	-5.822832e-05	0.00038446079	-0.0002541759	-0.0001224171	-0.00027370453	-0.00036240707	-2.3809347e-05	-0.018185096	-0.0128214145	-0.00024448743	-7.99786e-05	0.0004604838	0.0003742088	-0.0001725446	-9.907375e-05	-0.00022951039	-0.00024344704	-0.00052768533	0.0013633642	-0.0011041815	0.00017707999	0.0001430078	-0.0007141503	-0.001791694	-0.00037243692	-0.010126287	0.0005675446	0.0005035834	0.00021462007	-0.000120130455	0.0003955906	-7.3693016e-05	0.00044573436	0.00012453577	0.00018378822	2.0254742e-05	0.00021912834	0.00054244563	-0.00016845357	-9.36985e-05	4.071539e-05	7.651069e-05	9.42512e-05	6.744536e-05	-3.4716995e-05	1.0609627e-05	-0.00016901168	0.00012401017
chr9:21970901:-:chr9:21970901:C>T	-0.0011346773	-0.027530693	-0.048130557	-0.0022681626	-0.0031762556	-0.0011376684	-0.0001084371	-0.0022488942	-0.0031119694	1.3524836e-05	8.298592e-05	-0.00012805244	-0.00011480938	-0.0014152527	-0.002311533	0.0005240657	0.0003258315	6.082925e-05	-0.00023952397	-9.855899e-05	-7.3931435e-05	-6.753748e-05	-8.0639664e-05	-0.00013509663	-8.453564e-05	1.7296185e-05	5.635348e-07	-0.00015061552	-0.00031089783	-0.0011768774	-0.0004859404	-0.00040416283	0.00017299977	-0.00018508868	6.458976e-05	-0.00040845436	-0.00026954303	-0.00045519526	-0.0003620386	-0.0001432137	-0.018288493	-0.013490721	-0.00045247513	-0.00023241476	0.00013382868	0.00013154204	-0.00021468509	-0.00045531447	-0.00057638774	-0.000546748	-0.00075979665	0.00066570804	-0.0013238733	-6.556511e-05	-8.873506e-05	-0.00091958046	-0.001966845	-0.00035065954	-0.010271355	0.00025864082	0.00023252313	-3.5155903e-05	-9.010597e-05	0.00019716132	1.6732649e-05	0.0007399429	0.0001865246	0.00021616979	9.299408e-05	-8.143078e-05	0.00015547058	-0.00044383787	-0.00011476604	-0.00018696352	-7.2630966e-05	7.851557e-05	3.082644e-05	-6.0000202e-05	-8.631836e-05	-0.00020034747	-4.7261066e-05
chr9:21971209:-:chr9:21971209:C>A	-0.00069362466	0.000769095	0.00058772345	-0.0005804842	-0.00057519565	-0.00065549935	0.0002772483	-0.00020040166	-0.00033010135	0.00021407822	0.00030246648	-0.00019712881	-0.00038120963	-0.00033203038	-0.0010613095	-0.00028357722	-0.00025854868	6.984581e-05	-0.00042958694	-0.00023519993	-0.00066245685	-0.000406547	-0.00045659326	-1.5432184e-05	0.00017712334	-0.00043361838	-0.00035578554	-0.0006679513	-0.0005105192	4.356558e-05	-0.0003608357	5.232204e-05	-0.0006610155	-0.000451218	7.0962036e-05	-0.00019289688	-0.00049929187	8.561395e-06	-0.00070056046	-0.0005072897	3.077767e-05	0.0006362308	-0.0005629279	-0.00018313798	-0.00039594824	-0.00033148853	0.00048338284	-8.019534e-06	2.360344e-05	0.0005450249	-0.00056375156	-0.00025564973	-0.00029884686	-0.00057519565	-0.00038374553	-0.00036009875	-0.000933257	4.9097973e-05	-0.00037549844	-0.0002774542	3.556772e-05	-0.0004786578	6.622076e-05	-7.581711e-05	3.713911e-05	-0.00019872189	-7.423488e-05	-0.00030662798	-3.086979e-05	-0.00015915524	-0.00042362648	-2.1761114e-05	-0.00043298982	1.3763254e-05	-0.0003706867	-0.00046934866	-0.00042193587	-0.0012565092	-0.00012822585	-0.00075405295	-0.000118949196
chr9:21971209:-:chr9:21971209:C>T	-0.0004518249	0.0002822009	0.00058911066	-0.00064667786	-0.00076970184	-0.0005142255	0.0006128224	-0.00038554452	-0.00040760907	0.0003583648	0.000666938	3.7279997e-06	-0.00010288845	-5.492297e-05	-0.0010500387	1.4099208e-05	5.4944645e-05	0.00016372855	7.276102e-05	-4.64266e-05	-0.00048810785	-9.166111e-05	-7.7269295e-05	-0.00022805821	0.00012280724	-0.00027054007	6.727739e-05	-0.00032284044	-0.00025597485	4.0162693e-05	-1.2397766e-05	0.00032739204	-0.0004219467	8.470362e-05	-8.843162e-06	0.0004327785	0.00045419822	0.00026789578	-0.000477379	-0.00027324937	-0.0004373897	0.0003789555	-0.00036233122	0.00022651932	-0.00020343607	0.000331922	1.634251e-05	-0.00024114955	-0.00016325171	0.0001644438	-0.00034995514	-2.6919624e-05	-0.00024135546	-0.00034265083	-0.00011441924	-0.00043314154	-0.0008531917	-0.0001013875	-0.00047228552	-0.000245181	0.00021377477	-0.000670173	0.00035662	0.00044226646	0.000119144264	8.908185e-06	0.00016474724	0.00034627048	6.410209e-05	9.7318125e-06	-0.0006934296	7.643483e-05	-0.00033632191	0.0003157529	-7.943674e-05	1.8856742e-06	-0.00052963605	-0.0014273904	-0.00081773236	-0.0011824261	0.00043655524
chr9:21971210:-:chr9:21971210:T>A	-0.00023295662	0.0013375715	0.00071612274	-0.00023681467	-0.0004373897	-0.00029566072	0.00015573068	-3.3638695e-05	-3.866716e-05	0.0003007542	-0.00018637288	-0.00012560324	-0.0002323931	0.00011205673	-0.0010260668	-0.00022708286	-0.00023264234	0.00026757066	-0.00013718822	-0.00014857812	-0.00067949295	-0.00041913986	-0.00045713512	0.00020872462	0.00025775217	-0.0001484264	-0.00011136315	-0.00030530582	-0.00027777933	-1.3481487e-05	1.6364183e-05	0.0004016486	-0.00031226332	-0.00026960808	0.00017950752	0.00016153943	-0.00026806918	0.00012868101	-0.0005123832	-0.00034410303	-7.8981575e-05	0.00066211005	-0.00021453337	-0.00014099208	0.0003030517	-0.00029266963	0.00023048575	-0.00012263385	0.00018720193	0.000792525	-0.0002872077	7.167729e-05	0.0001099218	-0.00050280313	-9.304827e-05	-0.00017868388	-0.0007704388	1.8027697e-05	-0.00014675748	-8.18426e-05	0.00014257431	-0.00026208704	0.00010139292	0.0001903989	0.00015169923	0.0004997687	5.7437205e-06	-4.0899624e-05	7.115169e-05	4.7727066e-05	-0.00048149715	0.000112436035	0.0003180287	0.00034499168	-0.00030810182	-0.00033182447	-0.00022927197	-0.0011195269	-0.00033604016	-0.0007132617	0.00017815287
chr9:21971210:-:chr9:21971210:T>C	-0.0005943992	-0.00028384815	-0.00060671027	-0.00080156326	-0.0011660836	-0.00063053047	1.8618324e-05	-0.0005117763	-0.00058655307	0.0003543767	-0.0003543171	-0.00028378313	-0.00030240146	-0.00028012015	-0.0013363578	-0.00017920407	-0.00014986774	0.000231201	-0.00026788496	-4.2178413e-05	-0.0008029938	-0.0003846342	-0.0004874793	0.00014257431	0.0002499927	-0.0004237782	-0.00018648668	-0.0005768429	-0.0007157326	-1.374158e-05	-0.000439102	-5.8715992e-05	-0.00039805064	-0.00039466945	0.00021050194	-0.0003320087	-0.0006097013	8.971041e-05	-0.0008395802	-0.0005676963	-1.51720915e-05	-0.00019012798	-0.0005761927	-0.00043563408	-0.00012176687	-0.00071753154	0.0005784035	-0.00018362566	-0.00020701234	0.00024684993	-0.00040407616	-0.00021576881	-9.8391014e-05	-0.00045576962	-0.00034512172	-0.00019142845	-0.001039505	0.00011879206	-0.00062942505	-0.00027652222	-0.00016945059	-0.00059348886	-5.802241e-05	-0.00054848194	0.00013002483	-6.584688e-05	-6.523999e-06	-0.00020432472	-8.501248e-05	-0.00027786603	-0.0007734082	0.00017197565	0.0005507903	0.00018642166	-0.00029800154	-0.00043230708	1.48686495e-05	-0.00070649927	-0.00011964278	-0.0003193942	-0.00017635389
chr9:21971210:-:chr9:21971210:T>G	-0.00046643344	0.00047978488	0.00046175177	-0.0005098256	-0.0007528392	-0.00057218294	1.2332743e-05	-3.2945113e-06	-7.950176e-05	0.00018887086	-0.00036362626	-0.00029860844	-0.0002021356	-0.00017742677	-0.0008689707	-0.00028138811	-0.00030326843	0.00015182928	-0.00013586608	-0.00018932602	-0.000733809	-0.00061483815	-0.0006131042	5.3709202e-05	0.00011448427	-0.00017118454	-0.00015518883	-0.00049135904	-0.0005367669	-7.59905e-05	-0.00035452843	0.00011702017	-0.00048752266	-0.0004302155	0.00030586935	-0.00012376091	-0.0005200126	-1.8054789e-05	-0.0007508668	-0.0005988858	-1.2744556e-05	0.00031445242	-0.00046032126	-0.00046498125	-2.8306787e-05	-0.0007539012	0.0001336011	-0.00017313524	-0.00019140677	0.00029323317	-0.0004320578	-0.0001455437	-2.3939392e-05	-0.0005228303	-0.00031909076	-0.0002002716	-0.0009710572	4.6171925e-05	-0.00018666008	-0.00015055049	-0.00021032854	-0.0004455393	-9.726395e-05	-0.00035287032	9.254975e-06	-0.00018102472	-0.00019168854	-0.00031122295	-0.00020680102	-0.00014645403	-0.00078879704	3.6087902e-05	0.0005699071	0.00017096779	-0.0004971461	-0.0005192215	-0.00035559048	-0.0009691065	-9.042567e-05	-0.00037999588	-0.00012021715
chr9:21974677:-:chr9:21974677:C>A	0.00030079755	-0.019447219	-0.02358857	-0.00055696745	-0.00034637886	7.61639e-05	0.0007750338	-0.0004401207	-4.5169483e-05	0.0009013306	0.0020219197	0.0011224963	0.0007421754	0.0003466606	0.0004853769	0.0013597228	0.001057213	0.0008638989	0.00062127545	0.00086901407	0.0006887046	0.00069442665	0.00096930156	0.0007153858	0.0008761666	0.00048026172	0.0006164638	0.00073400413	0.00078929553	0.0005224835	0.00062756106	0.0008133975	0.0013386336	0.0010983511	0.00060306897	0.0010232058	0.001219446	0.00091240625	0.00023148277	0.0010207132	-0.015061292	-0.0055555	0.0006916523	0.0010051727	0.0008690357	0.0008273775	0.00097552215	0.00066423416	0.0008054213	0.0008668466	0.0005694953	0.0009966113	0.0003659075	0.00058061426	0.0008785291	0.00039280544	8.53972e-06	0.00022233617	-0.001279159	0.0004515431	0.00082098355	0.0004541007	0.0010349967	0.00091500714	0.0010108515	0.0004712235	0.0006291216	0.0011547263	0.0010754846	0.0006932996	0.0003815781	0.0011565469	-0.00012980808	0.0012953065	0.0009616939	0.0011488308	0.001115062	0.00087326224	0.0006269975	0.00078565424	0.0009260611
chr9:95461855:-:chr9:95461855:C>G	-0.00010035255	-0.01664036	-0.034947395	-0.0004108819	-0.000787735	-0.00015473366	0.0013747648	-0.0012683868	-0.00075387955	0.00088960474	0.0030426492	0.0007914413	0.00089034165	-0.00068421796	-5.6180088e-05	0.00046309558	0.0004025481	0.00057086075	0.0005325621	0.00050954387	0.00039086558	0.0005851876	0.0006120855	0.00091416185	0.000541557	0.0007103248	0.0010447935	0.00027929654	0.00078294496	0.00016394528	0.0009209676	0.0005631013	0.001222112	0.0017815069	0.00038075447	0.001177506	0.0014615059	9.3134964e-05	0.0018686164	0.0019858317	-0.022606762	-0.0055365996	0.00085048244	0.0017541322	0.0005958297	0.0011286302	0.0005331906	0.00041429562	0.00025140157	-0.0005482327	0.0015650229	0.0012250706	0.00025729698	0.000402754	0.0008989681	0.0005984523	-0.0003491315	0.0002359802	-0.0019214804	0.0009029887	0.0010715507	0.00039057297	0.004413399	0.00212425	0.0021017247	0.0014190674	0.0017340292	0.0020224073	0.0023160197	0.0005546483	0.0003527999	4.8810787e-05	0.00047013976	0.00086090784	0.0014853586	0.0021448894	0.0011872594	0.0010205182	0.00021987612	0.00033179196	0.0014510805
chr9:95461999:-:chr9:95461999:C>T	-0.0013653581	0.0011367798	0.0010365573	-0.00020131198	-0.00053197687	-0.00038753857	-0.00037765503	-0.00013784929	0.0003379475	7.586046e-05	-0.0010843873	-0.00033036145	-0.000949036	-0.0013046698	-0.00041684238	-0.0004699447	-0.00095592847	6.634539e-05	-0.0006915439	-0.00031174312	-0.0012716814	-0.00025055624	-0.0002758286	-0.000562126	-0.00046649846	-0.0010016181	-0.00041913986	-0.0003821633	-0.00031172147	0.00068963657	-0.00085869705	-0.0005072247	-0.0020672192	-0.0014051091	-0.00049677765	-0.0017807267	-0.0012967803	-0.0009053837	-0.0017623034	-0.0011803887	7.534027e-05	0.0014223619	-0.0012939627	-0.0011164058	-3.0214136e-05	-0.0010867552	-0.00018793886	-0.0010312254	-0.00048550693	-0.00050952216	-0.00028993867	-9.201874e-05	-7.590381e-05	-0.0005766695	-0.0005925352	0.00199474	-0.00034470993	0.00093975937	0.0011843768	-0.00075565686	-0.00017391551	0.0013283816	-0.0010073673	-0.0030501105	-0.001492457	-0.0035050132	-0.00095356593	-0.0013523102	-0.0011479422	-0.0003679449	-0.0013645779	0.00019517812	-0.0008173043	0.00022673607	-0.0012288094	-0.0013581623	-0.0013545643	-0.0038599535	-0.000914487	-0.0026102932	-0.0009649884
chr9:105596658:+:chr9:105596658:G>A	-0.00042921846	-0.0077756103	-0.01607921	-0.00084163924	-0.00090239267	-0.000240521	-0.0010771372	-0.0009218996	-0.0011173378	-0.00044534422	-0.0028266744	-0.00013084845	-0.00031102786	-0.0006351471	-0.0019176874	-1.6949394e-05	-8.07372e-06	8.799813e-06	-0.0001466491	-0.0005934564	-0.000115199524	1.968037e-05	0.00017090277	-0.000465431	-0.0003834421	-0.0003374815	-0.0005147891	4.894083e-05	-0.00013214891	-0.00022038004	-0.00013093515	-0.00024301355	-0.00028057533	-0.0006322969	-7.7919525e-05	0.00069065526	0.00019535152	-0.0006042285	-0.00010223822	0.00028920174	-0.006300807	-0.001777611	-0.00017072937	-0.00025269118	-4.8816204e-05	-5.3936787e-05	-0.00039548223	0.00041458823	-5.20186e-06	-0.0008031672	-0.0007051446	-1.8103556e-05	-0.0012529113	-0.00037708067	-0.00018741867	-0.00016449257	-0.0005596334	-0.00010864301	-0.0034188032	-0.00019854849	-0.00030397828	-9.499355e-05	-0.001260091	0.0004268126	-0.0005567182	0.0007402897	-0.00039292464	0.0009713823	-0.0014129714	-0.00020016324	0.00058658555	-0.00013944236	-0.00017477166	-0.00020036915	-0.00061262195	-0.0011419437	-0.0002620166	-0.00012343038	-5.9019436e-05	-0.00011598522	0.00014534863
chr9:125171085:-:chr9:125171085:C>T	-0.0006162904	-0.001620141	-0.009213648	-0.001399387	-0.0008722869	-0.0007813085	-0.0012575171	-0.0014978864	-0.0013430986	-0.00083600933	-0.0026087328	-0.0005179264	-8.201599e-05	-0.0012132471	-0.001464329	-0.0010805997	-0.0015622323	-9.032271e-05	-1.0251999e-05	-0.00122707	-0.00078493357	-0.00026805836	-0.00040884994	-0.0009096427	-0.0008566596	-0.0009988167	-0.00081534276	-0.0006719611	-0.00038788535	-0.00051865255	-0.00052090664	-0.00046602704	-0.0013873632	-0.0007845705	-0.0009469498	-0.0018015124	-0.00094150956	-0.0011228864	-0.0014812459	-0.00083191285	-0.00321877	-0.0012851249	-0.0010131543	-0.001194385	-0.0007994771	-0.00066224014	-0.0005655505	-0.00063234026	-0.0009275079	-0.0011441545	-0.00048202276	0.00012722341	-0.00092852116	-0.00064695964	-0.0005216707	-0.00048466705	-0.00055481086	-0.00038730016	-0.0011080124	-0.0004827272	-0.0010261319	-0.0006887371	-0.0026762702	-0.0010479309	-0.0014061169	-0.00082019786	-0.0011623394	-0.0010227616	-0.0014517903	-0.0004934289	-0.0008269169	-0.00021422993	-0.00051141327	-3.9084392e-05	-0.0010835528	-0.0010397218	-0.0005271218	-0.00018991124	-0.00014435161	-0.00011661378	-0.0007131479
chr9:130458400:+:chr9:130458400:G>T	-0.0006272359	0.0004487471	0.0007287372	-0.00039787727	-0.00017786026	-0.00036278638	-0.0002732602	0.00024344704	0.00023343346	0.00021472844	-0.0004205541	-0.0001532598	-0.0004635941	-0.00074921956	-0.0005747188	-0.000311884	-0.00041337448	0.00014006007	-0.0007268949	-0.00014844266	-0.00069020013	-0.00036962467	-0.00044644962	-0.000112522735	-6.419962e-05	-0.00046114487	-0.0003609007	-0.0005651496	-0.0005113753	0.00043134255	-0.0007208911	-0.00027472322	-0.0011356744	-0.00087766215	0.0002690662	-0.0011287169	-0.0010009028	-0.0002001524	-0.0010731437	-0.00065261667	2.9737299e-05	0.0005690835	-0.000863227	-0.000826879	-0.00053903187	-0.0008019859	-5.7003713e-06	-0.000320738	-0.00033818593	3.06693e-05	-0.00019418109	7.329204e-05	-0.00011623989	-0.00044648212	-0.000525843	-1.3438138e-06	-0.00018644333	0.00011229515	-4.334883e-06	-0.00035652248	-0.0003620061	-0.00011144985	-0.0005154826	-0.001592376	-0.00027397004	-0.0002155304	-0.00033977357	-0.0007125681	-0.00032949448	-0.00024706667	0.00025747038	-1.9761648e-05	-0.00022580406	-5.3822994e-05	-0.0006009557	-0.00067829003	-0.0004477501	-0.0009606101	-8.396669e-05	-0.00016652454	-0.00080532377
chr9:131512138:+:chr9:131512138:T>C	-0.0018901825	-0.026434638	-0.03561293	-0.0035410793	-0.0026333549	-0.0008453889	-0.00048776108	-0.003359101	-0.0025353432	0.0001284426	0.00014118715	-0.00047597018	-0.00048741428	-0.0012353767	-0.0011413748	0.0006557811	0.0008203333	-7.4906784e-05	-0.0006035892	0.00020720741	6.974827e-05	-0.0003042221	-0.00013979999	0.0005838221	0.00026408109	-0.00027478824	-1.933358e-05	-0.00015883012	-0.00056648254	-0.0007872148	-0.0005960898	-0.0002774759	0.000115741386	-0.0005600669	-2.826344e-05	-0.00090629404	-0.00028859486	1.4760278e-05	-0.0016049471	-0.00023590434	-0.031734467	-0.009960868	-0.0005921017	-0.00018093803	0.0001167384	6.9618225e-05	-0.0004488338	-0.0004402074	-0.00067459454	-0.0017911737	-0.0013876829	0.0007863045	-0.00081114337	-0.0004953038	-0.00023581764	-0.00057354843	-0.0015328581	0.00047870117	-0.006444931	8.2276085e-05	5.4792923e-05	-0.00039846246	0.0002577955	-0.00024793364	0.0003301447	3.4679066e-05	0.00031427902	-3.4028835e-05	0.00047310916	-0.00038446079	0.00017894398	-0.00085869705	0.00029823996	-0.00054472144	5.2885575e-06	3.723665e-05	0.00022996556	-0.00013858621	0.00011721524	-8.626418e-06	-3.420223e-05
chr9:132907371:-:chr9:132907371:C>T	0.0026514747	0.006767273	-0.00014651906	0.0039735273	0.0038776398	0.0035884164	0.0034227371	0.0016528909	0.0016238473	0.004207264	0.0011982918	0.0034060045	0.0008457357	0.0027261213	0.00087703357	-0.0026942166	-0.003052278	0.004258416	0.0016553185	0.002668034	0.0048985914	0.0010645173	0.0030031637	0.004492153	0.0016113628	0.0072385613	0.0030345917	0.0021050626	0.0029027245	0.0010660128	0.003968759	0.0028183677	0.006057826	0.004919919	0.0063167918	0.0030947165	0.0031329936	0.004705256	0.0038665424	0.0037735158	-0.00067762897	0.0027580261	0.0038171248	0.0052036806	0.001720992	0.002242435	0.0006924542	0.002533566	0.005799207	0.010446722	0.0025214283	0.0002566576	0.004235658	0.0024537174	0.0038719177	0.0035826077	0.005172469	-0.0010768934	0.0013957457	0.0040193037	0.006317832	0.001797416	0.0023575262	0.0048587974	0.0011052218	0.0042369147	0.0033709786	0.0053686663	0.0027510037	0.004075484	0.004004912	0.001185764	0.0004765283	0.0015775724	0.005628586	0.003000953	-0.00096338446	-0.009596044	-0.0047672447	-0.00791593	0.0021830471
chr9:132910567:-:chr9:132910567:G>A	-0.00021618063	-0.016649984	-0.041578423	-0.0013150736	-0.0009967197	2.8870323e-05	-1.0620464e-05	-0.0014721263	-0.0014956648	0.00020304593	0.00037795847	0.00029386173	0.00027361783	-0.00033417615	-0.00093958597	0.00018436258	0.0002175678	5.348162e-05	7.434325e-05	-7.984855e-05	0.00022016872	0.00026503476	0.00023742155	0.00011617487	3.7713486e-05	0.00014595552	5.3449112e-05	8.464943e-05	0.00018098137	-1.7339534e-06	0.000121788544	6.9574875e-05	0.00045876068	0.0001150478	0.00029030713	0.0003273704	0.00025268036	0.00020126863	0.00036282974	0.0004923994	-0.021058949	-0.007923647	4.1181393e-05	0.00017877058	0.00014201077	0.000340245	-0.0004308874	-8.795478e-05	4.673004e-05	-2.3408369e-05	-0.00053267047	0.00029043716	-0.0004169941	2.817674e-05	0.00015885179	0.00016828017	-0.00020059673	-8.900599e-05	-0.0015109669	0.0001599572	0.0002673756	0.00021032854	0.00045681	0.0005565123	6.9011345e-05	0.0004953038	0.00021024184	0.0004208738	0.00013117357	0.00013503162	0.0004823858	-8.2926315e-05	-0.00068482483	3.357367e-05	0.00026971643	0.00033669037	8.244948e-05	5.535646e-05	-2.9542229e-05	-3.656474e-05	0.00021990863
chr9:132923347:-:chr9:132923347:C>A	-0.0003096082	-0.010567947	-0.025912004	-0.0008999651	-0.0006909804	-0.0003229488	0.00058672647	-0.0015114438	-0.0016510703	0.0011885925	0.0005620826	0.0006534837	0.0012564226	0.00014293194	-0.0024414929	0.00037844616	0.00026114422	0.00036050516	0.00037550926	0.00057229126	0.0011477687	0.0007824464	0.00095461716	8.762966e-05	0.00021533533	0.00090556795	0.000457807	0.0003005483	0.00023042072	-6.9574875e-05	0.00021028519	0.00044200636	0.0018506267	0.00071462715	0.00084400177	0.0006828308	0.00049005856	0.0012068748	0.0021549354	0.0017171286	-0.013715181	-0.0061501157	0.0004982732	0.00059735775	0.00055827876	0.00093661656	5.66786e-05	0.00038244508	0.0006002404	0.00022350658	0.00017291849	0.0006101348	-0.00030729987	0.00037930228	0.0008442727	0.00042271073	-0.0003512339	1.8341974e-05	-0.0031595556	0.0008992173	0.0007781549	0.00026467713	0.00071351096	0.0028980537	0.00070881844	0.0013610558	0.0011597655	0.0015777783	0.0013231906	0.00045578045	0.0006790757	0.00028723478	-6.268241e-05	0.00015703114	0.0013038571	0.0015761798	0.00043572078	0.00019639189	0.00011627241	7.452748e-05	0.000887654
chr9:133456066:+:chr9:133456066:C>A	7.924167e-05	-0.0008782474	-0.0003941276	-0.0012839057	-0.002073288	0.0004352223	0.0008407289	-0.00039291382	-0.0009020025	0.0006795796	0.00049655547	0.0010943846	0.00079180975	4.4649296e-05	-0.0053428304	0.0016250177	0.0010452921	0.007351442	0.0018196106	0.0008554025	0.0007462935	0.00044987418	0.00058009406	0.0011515726	0.0019420927	0.00091570074	0.0013748516	0.0012366555	0.0006434701	0.000638745	0.00039854916	0.00057086075	0.0007809726	5.1715157e-05	0.0009921248	0.00037427383	0.00053275714	0.0010321791	-0.00051988254	0.00032502954	-0.00048884476	0.00024650313	0.0004681674	0.00041712413	0.0015737794	0.0006305955	0.0008806857	0.00033439288	0.00054472144	0.00073879416	0.00022883849	0.0004994869	0.0013598528	0.0008407073	0.0006985231	0.00055213406	-0.0032194743	0.0005333857	-0.00045351547	0.00064828177	0.000639482	-0.00029758972	-0.00019665739	-0.0003218434	0.000656323	-0.0005787069	0.00010716915	7.24359e-05	0.00040859525	0.00090156903	0.0003542033	0.002456069	0.001604091	0.0009273399	0.00077462196	0.0006861253	0.00064442377	-0.0031868329	-0.00018726695	0.00016958063	0.00055538525
chr9:136431001:-:chr9:136431001:C>T	-1.6244974e-05	-0.012442502	-0.022251042	-0.0009887652	-0.00079963426	-5.977804e-05	0.0005170432	-0.0013453527	-0.0007662448	0.00065484917	0.0007883852	0.0006180243	0.00079796533	-0.00084289635	-0.00035580722	0.0012139623	0.00072408805	0.00066478684	0.00016652454	0.00057621434	0.00020499663	0.0007033348	0.0005534562	0.0009424903	0.0004607981	-0.00014259598	0.00068068504	-0.00013582273	0.0003685518	0.0002988035	0.00015250119	0.0001399517	0.0005645752	0.0001322573	2.6659533e-05	3.377958e-05	-4.720688e-05	-3.6748974e-05	0.00081157684	0.0008029938	-0.016093839	-0.0088712955	0.00015518883	0.00028250433	0.00040431457	0.0002877279	0.0005386092	0.00028467178	-0.0001561425	-0.0009126013	-3.7279997e-06	0.0011070858	0.00016340343	-7.415901e-05	0.00045312534	-9.447878e-05	-0.00066850404	-0.00025038284	-0.0015500784	0.0003001473	0.00035372647	0.00029832666	0.0018096187	0.00038379972	0.0025550236	0.0015075423	0.002420512	0.0018152974	0.0013772574	8.513711e-05	0.00043874438	-7.241422e-05	0.00040795587	8.173422e-05	0.0011574138	0.0012866583	0.00090646744	0.0008547306	0.00042956526	0.00048550693	0.00059957936
