filter	metric	rbp	quartile	single	parnet21m	gain_abs	gain_pct
rc10	pearson	AARS_K562	1	0.17646	0.19181	0.015347	8.6969
rc10	pearson	AATF_K562	2	0.22136	0.23731	0.015955	7.208
rc10	pearson	ABCF1_K562	1	0.13867	0.19001	0.05134	37.023
rc10	pearson	AGGF1_HepG2	2	0.21955	0.25075	0.031201	14.211
rc10	pearson	AGGF1_K562	2	0.23559	0.2451	0.0095084	4.036
rc10	pearson	AKAP1_HepG2	1	0.18797	0.21722	0.029253	15.563
rc10	pearson	AKAP1_K562	1	0.14361	0.16487	0.021267	14.809
rc10	pearson	AKAP8L_K562	2	0.20997	0.22014	0.010168	4.8427
rc10	pearson	APOBEC3C_K562	2	0.21609	0.25553	0.039434	18.249
rc10	pearson	AQR_HepG2	4	0.3545	0.40732	0.052819	14.9
rc10	pearson	AQR_K562	4	0.44078	0.43962	-0.0011624	-0.26371
rc10	pearson	BCCIP_HepG2	4	0.30353	0.31556	0.012032	3.964
rc10	pearson	BCLAF1_HepG2	4	0.34719	0.30085	-0.046345	-13.348
rc10	pearson	BUD13_HepG2	4	0.29062	0.30119	0.01057	3.6372
rc10	pearson	BUD13_K562	4	0.30965	0.3174	0.0077504	2.5029
rc10	pearson	CDC40_HepG2	1	0.19473	0.20406	0.0093226	4.7874
rc10	pearson	CPEB4_K562	1	0.14966	0.1654	0.01574	10.517
rc10	pearson	CPSF6_K562	2	0.21605	0.23294	0.016893	7.8194
rc10	pearson	CSTF2T_HepG2	3	0.26113	0.2653	0.0041695	1.5967
rc10	pearson	CSTF2T_K562	2	0.22968	0.23043	0.00074577	0.3247
rc10	pearson	CSTF2_HepG2	1	0.16281	0.18583	0.023013	14.134
rc10	pearson	DDX21_K562	1	0.14741	0.18617	0.038767	26.3
rc10	pearson	DDX24_K562	4	0.30385	0.32393	0.020086	6.6105
rc10	pearson	DDX3X_HepG2	2	0.223	0.24537	0.022368	10.031
rc10	pearson	DDX3X_K562	3	0.24243	0.27248	0.030053	12.396
rc10	pearson	DDX42_K562	3	0.25369	0.2658	0.012113	4.7747
rc10	pearson	DDX51_K562	1	0.17348	0.19132	0.017835	10.281
rc10	pearson	DDX52_HepG2	2	0.24085	0.2511	0.010248	4.255
rc10	pearson	DDX52_K562	2	0.21999	0.23303	0.01304	5.9277
rc10	pearson	DDX55_HepG2	2	0.21089	0.23831	0.027427	13.006
rc10	pearson	DDX55_K562	3	0.24209	0.26174	0.019651	8.1174
rc10	pearson	DDX59_HepG2	1	0.19635	0.20933	0.012978	6.6093
rc10	pearson	DDX6_HepG2	1	0.16542	0.19288	0.027458	16.599
rc10	pearson	DDX6_K562	2	0.21976	0.23806	0.018299	8.327
rc10	pearson	DGCR8_HepG2	2	0.22655	0.23428	0.0077319	3.4129
rc10	pearson	DGCR8_K562	1	0.19256	0.20605	0.013489	7.0049
rc10	pearson	DHX30_HepG2	1	0.19679	0.20997	0.013178	6.6966
rc10	pearson	DHX30_K562	1	0.17607	0.19105	0.014981	8.5084
rc10	pearson	DKC1_HepG2	1	0.18548	0.25191	0.066426	35.813
rc10	pearson	DROSHA_HepG2	1	0.18725	0.19165	0.0043952	2.3472
rc10	pearson	DROSHA_K562	3	0.2513	0.25836	0.0070568	2.8081
rc10	pearson	EFTUD2_HepG2	2	0.20992	0.22114	0.011222	5.3461
rc10	pearson	EFTUD2_K562	2	0.22558	0.237	0.011422	5.0632
rc10	pearson	EIF3D_HepG2	3	0.24689	0.25125	0.004364	1.7676
rc10	pearson	EIF3G_K562	1	0.20137	0.23338	0.032014	15.898
rc10	pearson	EIF3H_HepG2	3	0.26194	0.25971	-0.0022314	-0.85189
rc10	pearson	EIF4G2_K562	3	0.24468	0.26203	0.017352	7.0915
rc10	pearson	EWSR1_K562	2	0.23235	0.23967	0.007324	3.1522
rc10	pearson	EXOSC5_HepG2	1	0.15639	0.20509	0.048706	31.145
rc10	pearson	EXOSC5_K562	4	0.30628	0.31814	0.011859	3.8719
rc10	pearson	FAM120A_HepG2	4	0.31029	0.32005	0.0097634	3.1466
rc10	pearson	FAM120A_K562	2	0.21131	0.23847	0.027156	12.851
rc10	pearson	FASTKD2_HepG2	3	0.24971	0.26316	0.013451	5.3865
rc10	pearson	FASTKD2_K562	2	0.22022	0.23515	0.014937	6.7828
rc10	pearson	FKBP4_HepG2	2	0.2166	0.23619	0.019593	9.0458
rc10	pearson	FMR1_K562	4	0.37176	0.39265	0.02089	5.6193
rc10	pearson	FTO_HepG2	1	0.19526	0.25603	0.060777	31.127
rc10	pearson	FTO_K562	2	0.23826	0.24987	0.011606	4.871
rc10	pearson	FUBP3_HepG2	2	0.23237	0.24335	0.010981	4.7254
rc10	pearson	FUS_HepG2	3	0.25077	0.2529	0.0021324	0.85034
rc10	pearson	FUS_K562	2	0.20969	0.21025	0.00056669	0.27026
rc10	pearson	FXR1_K562	4	0.29422	0.29466	0.00043681	0.14846
rc10	pearson	FXR2_HepG2	3	0.26724	0.28875	0.021514	8.0507
rc10	pearson	FXR2_K562	4	0.36808	0.38504	0.016956	4.6067
rc10	pearson	G3BP1_HepG2	4	0.3068	0.31893	0.012132	3.9542
rc10	pearson	GEMIN5_K562	1	0.1775	0.19579	0.018289	10.304
rc10	pearson	GNL3_K562	1	0.19959	0.23483	0.035233	17.652
rc10	pearson	GPKOW_K562	3	0.27282	0.28386	0.011048	4.0495
rc10	pearson	GRSF1_HepG2	1	0.18252	0.20448	0.021961	12.032
rc10	pearson	GRWD1_HepG2	4	0.32563	0.33327	0.0076386	2.3458
rc10	pearson	GRWD1_K562	4	0.33349	0.34134	0.0078528	2.3548
rc10	pearson	GTF2F1_HepG2	2	0.22607	0.23763	0.011559	5.1129
rc10	pearson	GTF2F1_K562	2	0.23578	0.24874	0.012966	5.4995
rc10	pearson	HLTF_HepG2	3	0.25717	0.26125	0.004085	1.5885
rc10	pearson	HLTF_K562	3	0.26212	0.27084	0.0087116	3.3235
rc10	pearson	HNRNPA1_HepG2	4	0.34018	0.33132	-0.0088612	-2.6049
rc10	pearson	HNRNPA1_K562	4	0.30102	0.29459	-0.006428	-2.1354
rc10	pearson	HNRNPC_HepG2	4	0.44391	0.44114	-0.0027663	-0.62316
rc10	pearson	HNRNPC_K562	4	0.29445	0.29402	-0.00043419	-0.14746
rc10	pearson	HNRNPK_HepG2	4	0.33058	0.32232	-0.0082623	-2.4993
rc10	pearson	HNRNPK_K562	3	0.2665	0.264	-0.0025037	-0.93947
rc10	pearson	HNRNPL_HepG2	3	0.2635	0.26444	0.00094622	0.3591
rc10	pearson	HNRNPL_K562	4	0.29879	0.29527	-0.003525	-1.1797
rc10	pearson	HNRNPM_HepG2	4	0.32744	0.32246	-0.0049772	-1.5201
rc10	pearson	HNRNPM_K562	4	0.33642	0.33606	-0.00035933	-0.10681
rc10	pearson	HNRNPUL1_HepG2	1	0.1787	0.18657	0.0078673	4.4026
rc10	pearson	HNRNPUL1_K562	2	0.20544	0.20802	0.0025763	1.254
rc10	pearson	HNRNPU_HepG2	2	0.20348	0.21032	0.0068341	3.3586
rc10	pearson	HNRNPU_K562	3	0.26727	0.28226	0.01499	5.6085
rc10	pearson	IGF2BP1_HepG2	4	0.31049	0.32983	0.019334	6.2267
rc10	pearson	IGF2BP1_K562	4	0.32845	0.34507	0.016622	5.0607
rc10	pearson	IGF2BP2_K562	4	0.3268	0.34552	0.018723	5.7292
rc10	pearson	IGF2BP3_HepG2	4	0.31113	0.3219	0.010769	3.4612
rc10	pearson	ILF3_HepG2	4	0.29614	0.28001	-0.016134	-5.4482
rc10	pearson	ILF3_K562	3	0.2761	0.27887	0.0027716	1.0038
rc10	pearson	KHDRBS1_K562	4	0.32772	0.32367	-0.0040496	-1.2357
rc10	pearson	KHSRP_HepG2	3	0.26371	0.26511	0.0013934	0.52838
rc10	pearson	KHSRP_K562	4	0.33881	0.33863	-0.00018314	-0.054052
rc10	pearson	LARP4_HepG2	2	0.21198	0.22336	0.011382	5.3694
rc10	pearson	LARP4_K562	2	0.21891	0.23229	0.013383	6.1132
rc10	pearson	LARP7_HepG2	1	0.12464	0.18894	0.064292	51.58
rc10	pearson	LARP7_K562	1	0.15687	0.19441	0.037535	23.927
rc10	pearson	LIN28B_HepG2	3	0.26111	0.28317	0.02206	8.4484
rc10	pearson	LIN28B_K562	3	0.27759	0.2894	0.01181	4.2544
rc10	pearson	LSM11_HepG2	3	0.25214	0.26155	0.0094121	3.7329
rc10	pearson	LSM11_K562	3	0.24254	0.25613	0.01359	5.6032
rc10	pearson	MATR3_HepG2	3	0.24259	0.24402	0.0014253	0.58752
rc10	pearson	MATR3_K562	3	0.27678	0.28271	0.00593	2.1425
rc10	pearson	METAP2_K562	3	0.24902	0.26354	0.014518	5.8301
rc10	pearson	MTPAP_K562	2	0.23327	0.24258	0.0093053	3.989
rc10	pearson	NCBP2_HepG2	2	0.22239	0.23167	0.0092833	4.1743
rc10	pearson	NCBP2_K562	1	0.19938	0.22929	0.029913	15.003
rc10	pearson	NIP7_HepG2	1	0.14687	0.23357	0.086702	59.035
rc10	pearson	NIPBL_K562	2	0.21549	0.23009	0.014598	6.7746
rc10	pearson	NKRF_HepG2	3	0.26161	0.27048	0.0088647	3.3885
rc10	pearson	NOL12_HepG2	2	0.21397	0.25936	0.045388	21.212
rc10	pearson	NOLC1_HepG2	1	0.16641	0.23587	0.069464	41.743
rc10	pearson	NOLC1_K562	2	0.2271	0.24558	0.018478	8.1366
rc10	pearson	NONO_K562	3	0.28112	0.2795	-0.0016229	-0.57728
rc10	pearson	NPM1_K562	1	0.19256	0.2345	0.041945	21.783
rc10	pearson	NSUN2_K562	2	0.20305	0.22973	0.026678	13.139
rc10	pearson	PABPC4_K562	3	0.25772	0.2977	0.039984	15.515
rc10	pearson	PABPN1_HepG2	2	0.22231	0.23808	0.015771	7.0943
rc10	pearson	PCBP1_HepG2	1	0.16623	0.22425	0.058014	34.9
rc10	pearson	PCBP1_K562	1	0.18674	0.22755	0.040807	21.852
rc10	pearson	PCBP2_HepG2	4	0.29762	0.30108	0.0034603	1.1627
rc10	pearson	PHF6_K562	1	0.16208	0.19081	0.028726	17.723
rc10	pearson	POLR2G_HepG2	3	0.26209	0.27196	0.0098613	3.7625
rc10	pearson	PPIG_HepG2	4	0.38405	0.38874	0.0046941	1.2223
rc10	pearson	PPIL4_K562	3	0.25283	0.26974	0.016905	6.6862
rc10	pearson	PRPF4_HepG2	4	0.30516	0.31074	0.005578	1.8279
rc10	pearson	PRPF8_HepG2	4	0.43746	0.43607	-0.0013927	-0.31836
rc10	pearson	PRPF8_K562	4	0.33334	0.33497	0.0016282	0.48847
rc10	pearson	PTBP1_HepG2	3	0.27093	0.28436	0.01343	4.9569
rc10	pearson	PTBP1_K562	3	0.28672	0.3058	0.01908	6.6547
rc10	pearson	PUM1_K562	3	0.28283	0.29678	0.013947	4.9311
rc10	pearson	PUM2_K562	3	0.24122	0.2327	-0.0085283	-3.5354
rc10	pearson	PUS1_K562	2	0.20587	0.22984	0.023964	11.64
rc10	pearson	QKI_HepG2	4	0.29992	0.29366	-0.0062593	-2.087
rc10	pearson	QKI_K562	2	0.23569	0.23366	-0.0020274	-0.86021
rc10	pearson	RBFOX2_HepG2	4	0.32436	0.32455	0.00019428	0.059897
rc10	pearson	RBFOX2_K562	3	0.25216	0.25538	0.0032209	1.2773
rc10	pearson	RBM15_HepG2	2	0.23362	0.2407	0.0070823	3.0315
rc10	pearson	RBM15_K562	4	0.33006	0.34005	0.0099921	3.0274
rc10	pearson	RBM22_HepG2	2	0.23926	0.24083	0.0015671	0.65497
rc10	pearson	RBM22_K562	4	0.34538	0.34366	-0.0017135	-0.49612
rc10	pearson	RBM5_HepG2	3	0.24946	0.25256	0.0030989	1.2423
rc10	pearson	RPS11_K562	1	0.15718	0.21345	0.056266	35.798
rc10	pearson	RPS3_HepG2	3	0.26211	0.30155	0.03944	15.047
rc10	pearson	RPS3_K562	2	0.21412	0.25753	0.043409	20.274
rc10	pearson	SAFB2_K562	2	0.22815	0.23477	0.0066179	2.9007
rc10	pearson	SAFB_HepG2	2	0.23838	0.24824	0.0098574	4.1351
rc10	pearson	SAFB_K562	3	0.27706	0.28448	0.0074158	2.6766
rc10	pearson	SBDS_K562	1	0.17454	0.25206	0.077526	44.418
rc10	pearson	SDAD1_HepG2	2	0.22021	0.2682	0.047993	21.795
rc10	pearson	SDAD1_K562	1	0.12714	0.16592	0.038778	30.499
rc10	pearson	SERBP1_K562	1	0.12074	0.16302	0.042282	35.02
rc10	pearson	SF3A3_HepG2	2	0.2351	0.24361	0.0085047	3.6175
rc10	pearson	SF3B1_K562	1	0.16237	0.1723	0.0099312	6.1166
rc10	pearson	SF3B4_HepG2	4	0.39284	0.38552	-0.0073228	-1.8641
rc10	pearson	SF3B4_K562	4	0.32875	0.32892	0.00017181	0.052262
rc10	pearson	SFPQ_HepG2	2	0.21607	0.20864	-0.0074304	-3.4389
rc10	pearson	SLBP_K562	1	0.12961	0.16457	0.034962	26.975
rc10	pearson	SLTM_HepG2	3	0.24136	0.24928	0.007916	3.2798
rc10	pearson	SLTM_K562	3	0.27793	0.28453	0.0066029	2.3757
rc10	pearson	SMNDC1_HepG2	1	0.17987	0.21275	0.032881	18.281
rc10	pearson	SMNDC1_K562	2	0.23777	0.25804	0.020264	8.5222
rc10	pearson	SND1_HepG2	3	0.28779	0.31724	0.029449	10.233
rc10	pearson	SND1_K562	3	0.26026	0.2614	0.0011397	0.43791
rc10	pearson	SRSF1_HepG2	4	0.32461	0.32338	-0.0012312	-0.37928
rc10	pearson	SRSF1_K562	3	0.26047	0.26278	0.0023109	0.8872
rc10	pearson	SRSF7_HepG2	2	0.20301	0.29843	0.095425	47.005
rc10	pearson	SRSF7_K562	1	0.19893	0.29111	0.092178	46.336
rc10	pearson	SRSF9_HepG2	3	0.28685	0.29245	0.0055978	1.9515
rc10	pearson	SSB_HepG2	2	0.20634	0.21812	0.011787	5.7126
rc10	pearson	SSB_K562	1	0.12463	0.15771	0.033077	26.54
rc10	pearson	STAU2_HepG2	4	0.30272	0.30867	0.0059528	1.9664
rc10	pearson	SUB1_HepG2	1	0.20143	0.22115	0.019722	9.791
rc10	pearson	SUGP2_HepG2	4	0.29777	0.30009	0.0023187	0.77868
rc10	pearson	SUPV3L1_HepG2	1	0.18677	0.20437	0.017603	9.4251
rc10	pearson	SUPV3L1_K562	1	0.15812	0.17764	0.019519	12.344
rc10	pearson	TAF15_HepG2	3	0.26136	0.24658	-0.014775	-5.653
rc10	pearson	TAF15_K562	3	0.24218	0.24725	0.0050776	2.0967
rc10	pearson	TARDBP_K562	4	0.43437	0.42607	-0.0082971	-1.9101
rc10	pearson	TBRG4_HepG2	1	0.10789	0.1224	0.014502	13.441
rc10	pearson	TBRG4_K562	2	0.20402	0.21661	0.012593	6.1727
rc10	pearson	TIA1_HepG2	4	0.34189	0.33764	-0.0042531	-1.244
rc10	pearson	TIA1_K562	4	0.317	0.31283	-0.004167	-1.3145
rc10	pearson	TIAL1_HepG2	3	0.28372	0.28924	0.0055218	1.9462
rc10	pearson	TRA2A_HepG2	2	0.224	0.25934	0.035341	15.778
rc10	pearson	TRA2A_K562	3	0.24413	0.29791	0.053772	22.026
rc10	pearson	TROVE2_HepG2	3	0.25764	0.26561	0.0079739	3.095
rc10	pearson	TROVE2_K562	3	0.26123	0.26864	0.0074057	2.8349
rc10	pearson	U2AF1_HepG2	4	0.31719	0.32098	0.0037901	1.1949
rc10	pearson	U2AF1_K562	4	0.35235	0.36984	0.017489	4.9636
rc10	pearson	U2AF2_HepG2	4	0.32844	0.32655	-0.0018855	-0.57407
rc10	pearson	U2AF2_K562	4	0.41107	0.41551	0.0044428	1.0808
rc10	pearson	UCHL5_HepG2	4	0.29643	0.30093	0.0045002	1.5181
rc10	pearson	UCHL5_K562	4	0.2971	0.3024	0.0053044	1.7854
rc10	pearson	UPF1_HepG2	2	0.20323	0.26324	0.060009	29.528
rc10	pearson	UPF1_K562	2	0.23994	0.27111	0.031175	12.993
rc10	pearson	UTP18_HepG2	1	0.16651	0.19797	0.031461	18.895
rc10	pearson	UTP18_K562	1	0.15687	0.19009	0.033219	21.176
rc10	pearson	UTP3_K562	1	0.10108	0.12352	0.022443	22.203
rc10	pearson	WDR3_K562	1	0.15828	0.17554	0.017261	10.905
rc10	pearson	WDR43_HepG2	1	0.17635	0.21337	0.03702	20.992
rc10	pearson	WDR43_K562	1	0.16038	0.18896	0.028573	17.815
rc10	pearson	WRN_K562	2	0.20504	0.21802	0.012982	6.3315
rc10	pearson	XPO5_HepG2	1	0.18393	0.18861	0.0046815	2.5453
rc10	pearson	XRCC6_HepG2	2	0.20422	0.21875	0.014528	7.1138
rc10	pearson	XRCC6_K562	3	0.27557	0.28621	0.010636	3.8595
rc10	pearson	XRN2_HepG2	4	0.2991	0.29	-0.0091001	-3.0425
rc10	pearson	XRN2_K562	3	0.25209	0.26478	0.012685	5.032
rc10	pearson	YBX3_HepG2	1	0.15384	0.27635	0.12251	79.632
rc10	pearson	YBX3_K562	4	0.40467	0.41396	0.0092936	2.2966
rc10	pearson	YWHAG_K562	2	0.2094	0.23555	0.02615	12.488
rc10	pearson	ZC3H11A_HepG2	2	0.22335	0.22648	0.0031297	1.4012
rc10	pearson	ZC3H11A_K562	1	0.19665	0.20978	0.013129	6.6764
rc10	pearson	ZC3H8_K562	1	0.13636	0.15895	0.022585	16.563
rc10	pearson	ZNF622_K562	4	0.34166	0.34705	0.0053856	1.5763
rc10	pearson	ZNF800_HepG2	3	0.28657	0.30811	0.021542	7.5172
rc10	pearson	ZNF800_K562	3	0.25079	0.2767	0.025919	10.335
rc10	pearson	ZRANB2_K562	1	0.19506	0.20674	0.011687	5.9916
rc10	spearman	AARS_K562	1	0.138	0.14473	0.006732	4.8783
rc10	spearman	AATF_K562	1	0.15281	0.15907	0.0062621	4.098
rc10	spearman	ABCF1_K562	1	0.11786	0.14962	0.03176	26.947
rc10	spearman	AGGF1_HepG2	2	0.1724	0.18657	0.014175	8.2222
rc10	spearman	AGGF1_K562	3	0.17484	0.1796	0.0047554	2.7198
rc10	spearman	AKAP1_HepG2	1	0.15084	0.16584	0.015005	9.948
rc10	spearman	AKAP1_K562	1	0.11541	0.12939	0.013988	12.121
rc10	spearman	AKAP8L_K562	2	0.15644	0.16156	0.0051186	3.2718
rc10	spearman	APOBEC3C_K562	2	0.16128	0.1777	0.016416	10.178
rc10	spearman	AQR_HepG2	3	0.19033	0.21969	0.029363	15.428
rc10	spearman	AQR_K562	3	0.17722	0.17932	0.0020985	1.1841
rc10	spearman	BCCIP_HepG2	4	0.20012	0.20521	0.0050919	2.5444
rc10	spearman	BCLAF1_HepG2	4	0.24514	0.23156	-0.013585	-5.5416
rc10	spearman	BUD13_HepG2	4	0.21498	0.21918	0.004207	1.957
rc10	spearman	BUD13_K562	4	0.22171	0.225	0.0032904	1.4841
rc10	spearman	CDC40_HepG2	1	0.1524	0.15689	0.0044899	2.9462
rc10	spearman	CPEB4_K562	1	0.11965	0.12872	0.0090641	7.5754
rc10	spearman	CPSF6_K562	2	0.16443	0.17159	0.0071662	4.3584
rc10	spearman	CSTF2T_HepG2	4	0.20027	0.20173	0.0014527	0.72537
rc10	spearman	CSTF2T_K562	3	0.17646	0.1789	0.0024375	1.3813
rc10	spearman	CSTF2_HepG2	2	0.1567	0.16275	0.0060512	3.8617
rc10	spearman	DDX21_K562	1	0.12603	0.14717	0.021145	16.778
rc10	spearman	DDX24_K562	4	0.21568	0.22431	0.0086231	3.9981
rc10	spearman	DDX3X_HepG2	2	0.17356	0.18374	0.010183	5.867
rc10	spearman	DDX3X_K562	3	0.18398	0.19543	0.011449	6.2226
rc10	spearman	DDX42_K562	2	0.17374	0.17811	0.0043658	2.5128
rc10	spearman	DDX51_K562	1	0.13873	0.14665	0.0079262	5.7136
rc10	spearman	DDX52_HepG2	2	0.17462	0.17931	0.0046863	2.6837
rc10	spearman	DDX52_K562	1	0.1508	0.15897	0.0081723	5.4192
rc10	spearman	DDX55_HepG2	2	0.16354	0.17667	0.013125	8.0254
rc10	spearman	DDX55_K562	2	0.17254	0.18131	0.0087684	5.0819
rc10	spearman	DDX59_HepG2	1	0.15131	0.15824	0.0069273	4.5782
rc10	spearman	DDX6_HepG2	1	0.13771	0.15266	0.014946	10.853
rc10	spearman	DDX6_K562	2	0.1644	0.17228	0.007879	4.7926
rc10	spearman	DGCR8_HepG2	3	0.17544	0.17963	0.0041879	2.3871
rc10	spearman	DGCR8_K562	2	0.15493	0.16018	0.0052541	3.3914
rc10	spearman	DHX30_HepG2	1	0.15234	0.15918	0.0068429	4.4919
rc10	spearman	DHX30_K562	1	0.13887	0.14726	0.008392	6.0431
rc10	spearman	DKC1_HepG2	1	0.14812	0.17917	0.03105	20.963
rc10	spearman	DROSHA_HepG2	1	0.15171	0.15398	0.0022743	1.4991
rc10	spearman	DROSHA_K562	2	0.16896	0.17207	0.0031112	1.8414
rc10	spearman	EFTUD2_HepG2	2	0.16971	0.17507	0.0053594	3.158
rc10	spearman	EFTUD2_K562	2	0.16738	0.17282	0.0054376	3.2486
rc10	spearman	EIF3D_HepG2	3	0.18514	0.18736	0.0022177	1.1979
rc10	spearman	EIF3G_K562	1	0.14455	0.16029	0.015741	10.89
rc10	spearman	EIF3H_HepG2	3	0.18907	0.19135	0.0022818	1.2068
rc10	spearman	EIF4G2_K562	3	0.17746	0.18494	0.0074814	4.2159
rc10	spearman	EWSR1_K562	3	0.18024	0.18339	0.003148	1.7466
rc10	spearman	EXOSC5_HepG2	1	0.13301	0.15918	0.026169	19.675
rc10	spearman	EXOSC5_K562	4	0.20521	0.21131	0.0060949	2.97
rc10	spearman	FAM120A_HepG2	4	0.21949	0.22324	0.0037581	1.7122
rc10	spearman	FAM120A_K562	2	0.1735	0.18625	0.012746	7.3465
rc10	spearman	FASTKD2_HepG2	3	0.18662	0.19244	0.0058188	3.118
rc10	spearman	FASTKD2_K562	2	0.16042	0.16798	0.0075622	4.714
rc10	spearman	FKBP4_HepG2	2	0.16177	0.1691	0.0073357	4.5347
rc10	spearman	FMR1_K562	4	0.23556	0.24497	0.0094095	3.9945
rc10	spearman	FTO_HepG2	2	0.15533	0.18473	0.029399	18.927
rc10	spearman	FTO_K562	2	0.16195	0.16808	0.0061383	3.7903
rc10	spearman	FUBP3_HepG2	2	0.16917	0.17313	0.0039523	2.3362
rc10	spearman	FUS_HepG2	3	0.18913	0.19059	0.0014693	0.77688
rc10	spearman	FUS_K562	2	0.16621	0.16647	0.0002518	0.15149
rc10	spearman	FXR1_K562	4	0.20167	0.20178	0.00010848	0.053791
rc10	spearman	FXR2_HepG2	4	0.20416	0.2145	0.010338	5.0637
rc10	spearman	FXR2_K562	4	0.24382	0.25018	0.0063647	2.6104
rc10	spearman	G3BP1_HepG2	4	0.22795	0.23317	0.0052164	2.2884
rc10	spearman	GEMIN5_K562	1	0.1408	0.14843	0.0076261	5.4161
rc10	spearman	GNL3_K562	1	0.15239	0.16548	0.01309	8.5893
rc10	spearman	GPKOW_K562	3	0.17516	0.18086	0.0056991	3.2537
rc10	spearman	GRSF1_HepG2	1	0.14866	0.15963	0.010973	7.3815
rc10	spearman	GRWD1_HepG2	4	0.2404	0.24277	0.0023692	0.98553
rc10	spearman	GRWD1_K562	4	0.24081	0.24388	0.0030652	1.2729
rc10	spearman	GTF2F1_HepG2	2	0.17234	0.1786	0.0062527	3.6281
rc10	spearman	GTF2F1_K562	2	0.17105	0.17682	0.0057707	3.3736
rc10	spearman	HLTF_HepG2	3	0.19104	0.19321	0.0021617	1.1315
rc10	spearman	HLTF_K562	3	0.19616	0.20011	0.0039513	2.0143
rc10	spearman	HNRNPA1_HepG2	4	0.21716	0.21491	-0.0022505	-1.0363
rc10	spearman	HNRNPA1_K562	3	0.19458	0.19325	-0.0013379	-0.68755
rc10	spearman	HNRNPC_HepG2	4	0.23333	0.2326	-0.00073022	-0.31295
rc10	spearman	HNRNPC_K562	2	0.17267	0.17241	-0.00025854	-0.14973
rc10	spearman	HNRNPK_HepG2	4	0.21173	0.21052	-0.0012071	-0.5701
rc10	spearman	HNRNPK_K562	3	0.18769	0.18873	0.0010446	0.55657
rc10	spearman	HNRNPL_HepG2	3	0.18912	0.18977	0.00065012	0.34376
rc10	spearman	HNRNPL_K562	4	0.20669	0.20632	-0.00037932	-0.18352
rc10	spearman	HNRNPM_HepG2	4	0.2277	0.22682	-0.00087434	-0.38399
rc10	spearman	HNRNPM_K562	4	0.21941	0.22112	0.0017139	0.78114
rc10	spearman	HNRNPUL1_HepG2	2	0.1589	0.16338	0.0044836	2.8217
rc10	spearman	HNRNPUL1_K562	2	0.15896	0.16029	0.0013363	0.84067
rc10	spearman	HNRNPU_HepG2	2	0.17351	0.17678	0.0032729	1.8863
rc10	spearman	HNRNPU_K562	4	0.20513	0.21159	0.0064537	3.1461
rc10	spearman	IGF2BP1_HepG2	4	0.21881	0.22597	0.007161	3.2727
rc10	spearman	IGF2BP1_K562	4	0.23522	0.24225	0.0070333	2.9901
rc10	spearman	IGF2BP2_K562	4	0.22419	0.23155	0.0073626	3.2841
rc10	spearman	IGF2BP3_HepG2	4	0.21961	0.22392	0.0043078	1.9615
rc10	spearman	ILF3_HepG2	4	0.20393	0.20041	-0.003519	-1.7255
rc10	spearman	ILF3_K562	3	0.18937	0.19107	0.0017067	0.90127
rc10	spearman	KHDRBS1_K562	4	0.21439	0.21434	-5.3301e-05	-0.024862
rc10	spearman	KHSRP_HepG2	3	0.19391	0.19524	0.0013221	0.68181
rc10	spearman	KHSRP_K562	4	0.24238	0.24223	-0.00015225	-0.062812
rc10	spearman	LARP4_HepG2	2	0.16083	0.16608	0.005249	3.2638
rc10	spearman	LARP4_K562	2	0.16111	0.16724	0.0061298	3.8048
rc10	spearman	LARP7_HepG2	1	0.11627	0.15271	0.036436	31.337
rc10	spearman	LARP7_K562	1	0.12989	0.14754	0.017646	13.585
rc10	spearman	LIN28B_HepG2	3	0.19006	0.20032	0.010262	5.3991
rc10	spearman	LIN28B_K562	3	0.18921	0.1963	0.0070939	3.7493
rc10	spearman	LSM11_HepG2	3	0.18791	0.19258	0.0046688	2.4846
rc10	spearman	LSM11_K562	2	0.17335	0.17924	0.0058842	3.3943
rc10	spearman	MATR3_HepG2	3	0.18517	0.18627	0.0010984	0.5932
rc10	spearman	MATR3_K562	3	0.19582	0.19798	0.0021556	1.1008
rc10	spearman	METAP2_K562	3	0.1802	0.18705	0.0068445	3.7982
rc10	spearman	MTPAP_K562	2	0.17221	0.17686	0.0046504	2.7004
rc10	spearman	NCBP2_HepG2	2	0.16933	0.17366	0.0043298	2.557
rc10	spearman	NCBP2_K562	2	0.15341	0.16696	0.013545	8.8292
rc10	spearman	NIP7_HepG2	1	0.13574	0.18661	0.050861	37.469
rc10	spearman	NIPBL_K562	2	0.16251	0.16916	0.0066535	4.0942
rc10	spearman	NKRF_HepG2	3	0.18709	0.19139	0.0043005	2.2986
rc10	spearman	NOL12_HepG2	2	0.16363	0.18374	0.02011	12.29
rc10	spearman	NOLC1_HepG2	1	0.14142	0.18034	0.038917	27.518
rc10	spearman	NOLC1_K562	2	0.16839	0.17725	0.0088637	5.2639
rc10	spearman	NONO_K562	4	0.20923	0.20901	-0.00021861	-0.10449
rc10	spearman	NPM1_K562	1	0.14349	0.16048	0.016989	11.84
rc10	spearman	NSUN2_K562	1	0.13591	0.14859	0.012683	9.332
rc10	spearman	PABPC4_K562	3	0.19556	0.21254	0.016977	8.681
rc10	spearman	PABPN1_HepG2	2	0.17093	0.17873	0.0078064	4.5671
rc10	spearman	PCBP1_HepG2	1	0.13523	0.17197	0.036736	27.165
rc10	spearman	PCBP1_K562	1	0.14616	0.16669	0.020526	14.044
rc10	spearman	PCBP2_HepG2	4	0.20555	0.20731	0.0017641	0.85825
rc10	spearman	PHF6_K562	1	0.1311	0.14686	0.015756	12.018
rc10	spearman	POLR2G_HepG2	2	0.1702	0.17472	0.004521	2.6562
rc10	spearman	PPIG_HepG2	4	0.26428	0.26574	0.0014526	0.54962
rc10	spearman	PPIL4_K562	3	0.17927	0.18689	0.0076219	4.2516
rc10	spearman	PRPF4_HepG2	4	0.22167	0.22417	0.0025041	1.1296
rc10	spearman	PRPF8_HepG2	4	0.2428	0.24486	0.0020646	0.85033
rc10	spearman	PRPF8_K562	4	0.22438	0.2257	0.0013176	0.58723
rc10	spearman	PTBP1_HepG2	3	0.19277	0.19937	0.0066004	3.4239
rc10	spearman	PTBP1_K562	3	0.18986	0.19903	0.0091725	4.8312
rc10	spearman	PUM1_K562	4	0.20388	0.2101	0.0062191	3.0504
rc10	spearman	PUM2_K562	2	0.17218	0.16862	-0.0035649	-2.0704
rc10	spearman	PUS1_K562	1	0.14602	0.15664	0.010625	7.2765
rc10	spearman	QKI_HepG2	4	0.1996	0.19885	-0.00075686	-0.37918
rc10	spearman	QKI_K562	2	0.16029	0.16139	0.0010932	0.68199
rc10	spearman	RBFOX2_HepG2	4	0.20722	0.20784	0.00062707	0.30261
rc10	spearman	RBFOX2_K562	3	0.17978	0.18133	0.0015455	0.85965
rc10	spearman	RBM15_HepG2	2	0.16974	0.17349	0.0037409	2.2038
rc10	spearman	RBM15_K562	4	0.20674	0.2114	0.004656	2.2521
rc10	spearman	RBM22_HepG2	2	0.17451	0.17695	0.002439	1.3976
rc10	spearman	RBM22_K562	1	0.1499	0.15551	0.0056175	3.7476
rc10	spearman	RBM5_HepG2	3	0.17921	0.18073	0.0015194	0.84782
rc10	spearman	RPS11_K562	1	0.1286	0.15689	0.028287	21.997
rc10	spearman	RPS3_HepG2	3	0.19954	0.217	0.017458	8.7489
rc10	spearman	RPS3_K562	2	0.16401	0.18451	0.020503	12.501
rc10	spearman	SAFB2_K562	3	0.18028	0.18386	0.0035853	1.9888
rc10	spearman	SAFB_HepG2	3	0.1757	0.17992	0.0042192	2.4014
rc10	spearman	SAFB_K562	3	0.18726	0.19079	0.0035267	1.8833
rc10	spearman	SBDS_K562	1	0.1404	0.17124	0.030831	21.959
rc10	spearman	SDAD1_HepG2	2	0.16958	0.19287	0.023294	13.737
rc10	spearman	SDAD1_K562	1	0.11285	0.13436	0.02151	19.06
rc10	spearman	SERBP1_K562	1	0.10792	0.13604	0.028127	26.063
rc10	spearman	SF3A3_HepG2	2	0.16977	0.17638	0.0066161	3.8971
rc10	spearman	SF3B1_K562	1	0.11959	0.12424	0.0046525	3.8904
rc10	spearman	SF3B4_HepG2	4	0.23363	0.23429	0.00066476	0.28454
rc10	spearman	SF3B4_K562	4	0.2012	0.20359	0.0023824	1.1841
rc10	spearman	SFPQ_HepG2	2	0.1725	0.17067	-0.0018308	-1.0613
rc10	spearman	SLBP_K562	1	0.12189	0.1273	0.0054096	4.4382
rc10	spearman	SLTM_HepG2	3	0.17997	0.18296	0.002994	1.6636
rc10	spearman	SLTM_K562	3	0.19536	0.19776	0.0023976	1.2273
rc10	spearman	SMNDC1_HepG2	1	0.1482	0.16296	0.014768	9.9653
rc10	spearman	SMNDC1_K562	3	0.17832	0.1874	0.0090794	5.0916
rc10	spearman	SND1_HepG2	4	0.20871	0.21948	0.010768	5.1593
rc10	spearman	SND1_K562	3	0.17817	0.1788	0.00062804	0.35249
rc10	spearman	SRSF1_HepG2	4	0.22195	0.22252	0.00056659	0.25528
rc10	spearman	SRSF1_K562	3	0.18397	0.18656	0.002586	1.4057
rc10	spearman	SRSF7_HepG2	2	0.15525	0.18502	0.029768	19.174
rc10	spearman	SRSF7_K562	2	0.16351	0.19493	0.031419	19.215
rc10	spearman	SRSF9_HepG2	3	0.19729	0.20115	0.0038675	1.9603
rc10	spearman	SSB_HepG2	2	0.15412	0.16067	0.0065434	4.2455
rc10	spearman	SSB_K562	1	0.11031	0.13337	0.023059	20.904
rc10	spearman	STAU2_HepG2	3	0.19853	0.20168	0.0031505	1.5869
rc10	spearman	SUB1_HepG2	2	0.16116	0.1716	0.010441	6.4789
rc10	spearman	SUGP2_HepG2	4	0.22092	0.22208	0.0011591	0.52465
rc10	spearman	SUPV3L1_HepG2	1	0.14348	0.15071	0.00723	5.0391
rc10	spearman	SUPV3L1_K562	1	0.13176	0.14017	0.0084099	6.3828
rc10	spearman	TAF15_HepG2	3	0.19899	0.19414	-0.0048497	-2.4372
rc10	spearman	TAF15_K562	3	0.17617	0.17841	0.002234	1.2681
rc10	spearman	TARDBP_K562	4	0.21304	0.21475	0.0017051	0.80035
rc10	spearman	TBRG4_HepG2	1	0.091884	0.099986	0.0081021	8.8177
rc10	spearman	TBRG4_K562	1	0.14969	0.15611	0.0064259	4.2928
rc10	spearman	TIA1_HepG2	4	0.21171	0.21115	-0.0005587	-0.2639
rc10	spearman	TIA1_K562	4	0.2104	0.2092	-0.0011924	-0.56676
rc10	spearman	TIAL1_HepG2	3	0.18625	0.18891	0.0026575	1.4268
rc10	spearman	TRA2A_HepG2	2	0.16878	0.1843	0.015524	9.1982
rc10	spearman	TRA2A_K562	3	0.18569	0.20623	0.020547	11.065
rc10	spearman	TROVE2_HepG2	3	0.17656	0.18036	0.0037984	2.1514
rc10	spearman	TROVE2_K562	2	0.17043	0.17464	0.0042111	2.4708
rc10	spearman	U2AF1_HepG2	4	0.2056	0.20813	0.0025244	1.2278
rc10	spearman	U2AF1_K562	4	0.20102	0.2075	0.0064824	3.2248
rc10	spearman	U2AF2_HepG2	3	0.19811	0.19899	0.00087258	0.44045
rc10	spearman	U2AF2_K562	4	0.23034	0.23318	0.0028353	1.2309
rc10	spearman	UCHL5_HepG2	4	0.21599	0.21814	0.0021417	0.99155
rc10	spearman	UCHL5_K562	4	0.21464	0.21671	0.0020713	0.96503
rc10	spearman	UPF1_HepG2	2	0.16318	0.19864	0.035457	21.729
rc10	spearman	UPF1_K562	3	0.17818	0.19307	0.014898	8.3611
rc10	spearman	UTP18_HepG2	1	0.13436	0.15155	0.017194	12.797
rc10	spearman	UTP18_K562	1	0.1285	0.14479	0.016289	12.676
rc10	spearman	UTP3_K562	1	0.089946	0.10181	0.011862	13.188
rc10	spearman	WDR3_K562	1	0.12172	0.12813	0.006411	5.267
rc10	spearman	WDR43_HepG2	1	0.14048	0.16124	0.020762	14.78
rc10	spearman	WDR43_K562	1	0.12988	0.14362	0.013747	10.585
rc10	spearman	WRN_K562	1	0.1448	0.1501	0.0053026	3.662
rc10	spearman	XPO5_HepG2	1	0.14738	0.15031	0.002936	1.9922
rc10	spearman	XRCC6_HepG2	2	0.15317	0.16	0.0068292	4.4586
rc10	spearman	XRCC6_K562	3	0.17835	0.18339	0.0050396	2.8257
rc10	spearman	XRN2_HepG2	4	0.20695	0.20452	-0.0024334	-1.1758
rc10	spearman	XRN2_K562	3	0.18007	0.18424	0.0041741	2.3181
rc10	spearman	YBX3_HepG2	1	0.14677	0.20758	0.060804	41.426
rc10	spearman	YBX3_K562	4	0.26865	0.27271	0.0040579	1.5105
rc10	spearman	YWHAG_K562	2	0.1592	0.16949	0.010288	6.4622
rc10	spearman	ZC3H11A_HepG2	3	0.17611	0.17817	0.0020671	1.1738
rc10	spearman	ZC3H11A_K562	1	0.15273	0.15985	0.0071205	4.6623
rc10	spearman	ZC3H8_K562	1	0.11872	0.13042	0.0117	9.8548
rc10	spearman	ZNF622_K562	4	0.2453	0.24714	0.0018394	0.74986
rc10	spearman	ZNF800_HepG2	4	0.20455	0.21344	0.008892	4.3471
rc10	spearman	ZNF800_K562	3	0.19571	0.20776	0.012054	6.1591
rc10	spearman	ZRANB2_K562	1	0.15058	0.15687	0.006292	4.1785
rc10_cluster5	pearson	AARS_K562	1	0.27195	0.32497	0.053017	19.495
rc10_cluster5	pearson	AATF_K562	2	0.35005	0.3902	0.040148	11.469
rc10_cluster5	pearson	ABCF1_K562	1	0.24508	0.32518	0.080104	32.685
rc10_cluster5	pearson	AGGF1_HepG2	2	0.34445	0.40997	0.065522	19.022
rc10_cluster5	pearson	AGGF1_K562	3	0.39804	0.4189	0.02086	5.2407
rc10_cluster5	pearson	AKAP1_HepG2	2	0.33907	0.41881	0.079746	23.519
rc10_cluster5	pearson	AKAP1_K562	1	0.29198	0.35344	0.061462	21.05
rc10_cluster5	pearson	AKAP8L_K562	2	0.34924	0.37361	0.024363	6.9758
rc10_cluster5	pearson	APOBEC3C_K562	2	0.33643	0.42004	0.083614	24.854
rc10_cluster5	pearson	AQR_HepG2	3	0.44108	0.51018	0.069109	15.668
rc10_cluster5	pearson	AQR_K562	4	0.60761	0.60978	0.0021626	0.35591
rc10_cluster5	pearson	BCCIP_HepG2	3	0.43242	0.44862	0.016199	3.7462
rc10_cluster5	pearson	BCLAF1_HepG2	4	0.53264	0.45529	-0.077354	-14.523
rc10_cluster5	pearson	BUD13_HepG2	3	0.42818	0.43795	0.0097724	2.2823
rc10_cluster5	pearson	BUD13_K562	4	0.46526	0.47167	0.0064033	1.3763
rc10_cluster5	pearson	CDC40_HepG2	1	0.32661	0.35018	0.023573	7.2174
rc10_cluster5	pearson	CPEB4_K562	1	0.30053	0.35073	0.050202	16.705
rc10_cluster5	pearson	CPSF6_K562	2	0.36205	0.39018	0.028125	7.7683
rc10_cluster5	pearson	CSTF2T_HepG2	2	0.36854	0.3776	0.0090555	2.4571
rc10_cluster5	pearson	CSTF2T_K562	2	0.36671	0.37544	0.0087222	2.3785
rc10_cluster5	pearson	CSTF2_HepG2	1	0.24742	0.30132	0.053899	21.785
rc10_cluster5	pearson	DDX21_K562	1	0.25952	0.32711	0.067582	26.041
rc10_cluster5	pearson	DDX24_K562	3	0.43715	0.46065	0.023496	5.3748
rc10_cluster5	pearson	DDX3X_HepG2	2	0.3835	0.43214	0.048634	12.682
rc10_cluster5	pearson	DDX3X_K562	3	0.40688	0.4626	0.055721	13.695
rc10_cluster5	pearson	DDX42_K562	3	0.39982	0.42272	0.022899	5.7273
rc10_cluster5	pearson	DDX51_K562	1	0.28457	0.34426	0.059688	20.975
rc10_cluster5	pearson	DDX52_HepG2	3	0.39083	0.42078	0.029944	7.6615
rc10_cluster5	pearson	DDX52_K562	2	0.36856	0.40082	0.032269	8.7554
rc10_cluster5	pearson	DDX55_HepG2	2	0.34661	0.40493	0.058312	16.823
rc10_cluster5	pearson	DDX55_K562	3	0.39133	0.43675	0.045416	11.606
rc10_cluster5	pearson	DDX59_HepG2	1	0.31988	0.3531	0.033224	10.387
rc10_cluster5	pearson	DDX6_HepG2	1	0.30073	0.36932	0.06859	22.807
rc10_cluster5	pearson	DDX6_K562	2	0.36295	0.40939	0.046441	12.795
rc10_cluster5	pearson	DGCR8_HepG2	2	0.35838	0.37833	0.019957	5.5687
rc10_cluster5	pearson	DGCR8_K562	1	0.3194	0.35101	0.031607	9.8956
rc10_cluster5	pearson	DHX30_HepG2	1	0.32241	0.37537	0.052959	16.426
rc10_cluster5	pearson	DHX30_K562	1	0.27639	0.32849	0.052105	18.852
rc10_cluster5	pearson	DKC1_HepG2	1	0.31081	0.41417	0.10336	33.255
rc10_cluster5	pearson	DROSHA_HepG2	1	0.32968	0.3462	0.016521	5.011
rc10_cluster5	pearson	DROSHA_K562	3	0.41639	0.43328	0.01689	4.0562
rc10_cluster5	pearson	EFTUD2_HepG2	2	0.34358	0.36297	0.019384	5.6418
rc10_cluster5	pearson	EFTUD2_K562	2	0.37152	0.39461	0.023089	6.2147
rc10_cluster5	pearson	EIF3D_HepG2	3	0.3965	0.40958	0.013083	3.2997
rc10_cluster5	pearson	EIF3G_K562	1	0.31431	0.39486	0.080544	25.625
rc10_cluster5	pearson	EIF3H_HepG2	3	0.41046	0.41023	-0.00022477	-0.054761
rc10_cluster5	pearson	EIF4G2_K562	3	0.40785	0.43294	0.02509	6.1519
rc10_cluster5	pearson	EWSR1_K562	3	0.38747	0.39705	0.0095756	2.4713
rc10_cluster5	pearson	EXOSC5_HepG2	1	0.26285	0.34407	0.081222	30.901
rc10_cluster5	pearson	EXOSC5_K562	4	0.45242	0.46563	0.013216	2.9211
rc10_cluster5	pearson	FAM120A_HepG2	4	0.44576	0.45842	0.012658	2.8397
rc10_cluster5	pearson	FAM120A_K562	2	0.35008	0.3915	0.04142	11.832
rc10_cluster5	pearson	FASTKD2_HepG2	3	0.40616	0.42965	0.023493	5.7842
rc10_cluster5	pearson	FASTKD2_K562	2	0.34305	0.38418	0.041126	11.988
rc10_cluster5	pearson	FKBP4_HepG2	2	0.33688	0.36852	0.031645	9.3936
rc10_cluster5	pearson	FMR1_K562	4	0.48307	0.50527	0.0222	4.5956
rc10_cluster5	pearson	FTO_HepG2	1	0.31364	0.40493	0.091295	29.108
rc10_cluster5	pearson	FTO_K562	2	0.37254	0.4091	0.036566	9.8155
rc10_cluster5	pearson	FUBP3_HepG2	3	0.43317	0.46169	0.02852	6.5839
rc10_cluster5	pearson	FUS_HepG2	3	0.39881	0.40591	0.0071034	1.7812
rc10_cluster5	pearson	FUS_K562	2	0.34206	0.34515	0.0030893	0.90314
rc10_cluster5	pearson	FXR1_K562	4	0.46436	0.47288	0.008522	1.8352
rc10_cluster5	pearson	FXR2_HepG2	3	0.4229	0.45147	0.028567	6.7549
rc10_cluster5	pearson	FXR2_K562	4	0.48835	0.5065	0.018154	3.7175
rc10_cluster5	pearson	G3BP1_HepG2	4	0.47431	0.48407	0.0097578	2.0572
rc10_cluster5	pearson	GEMIN5_K562	1	0.31399	0.35954	0.045549	14.506
rc10_cluster5	pearson	GNL3_K562	1	0.27311	0.36277	0.089657	32.828
rc10_cluster5	pearson	GPKOW_K562	3	0.41607	0.4403	0.02423	5.8234
rc10_cluster5	pearson	GRSF1_HepG2	1	0.29415	0.34974	0.055594	18.9
rc10_cluster5	pearson	GRWD1_HepG2	4	0.50971	0.51602	0.0063162	1.2392
rc10_cluster5	pearson	GRWD1_K562	4	0.49652	0.50439	0.0078754	1.5861
rc10_cluster5	pearson	GTF2F1_HepG2	2	0.36553	0.3887	0.023174	6.3399
rc10_cluster5	pearson	GTF2F1_K562	3	0.39661	0.41908	0.02247	5.6656
rc10_cluster5	pearson	HLTF_HepG2	3	0.41738	0.4258	0.0084158	2.0163
rc10_cluster5	pearson	HLTF_K562	3	0.43155	0.44584	0.014291	3.3116
rc10_cluster5	pearson	HNRNPA1_HepG2	4	0.48822	0.47573	-0.012496	-2.5595
rc10_cluster5	pearson	HNRNPA1_K562	3	0.44169	0.43314	-0.0085444	-1.9345
rc10_cluster5	pearson	HNRNPC_HepG2	4	0.61529	0.61183	-0.0034603	-0.56239
rc10_cluster5	pearson	HNRNPC_K562	4	0.49487	0.49505	0.00017598	0.035561
rc10_cluster5	pearson	HNRNPK_HepG2	4	0.49642	0.48295	-0.013466	-2.7127
rc10_cluster5	pearson	HNRNPK_K562	3	0.42938	0.42126	-0.0081287	-1.8931
rc10_cluster5	pearson	HNRNPL_HepG2	3	0.43751	0.43815	0.00063726	0.14566
rc10_cluster5	pearson	HNRNPL_K562	4	0.45224	0.44703	-0.0052043	-1.1508
rc10_cluster5	pearson	HNRNPM_HepG2	4	0.46046	0.45333	-0.0071317	-1.5488
rc10_cluster5	pearson	HNRNPM_K562	4	0.4733	0.47215	-0.0011497	-0.24292
rc10_cluster5	pearson	HNRNPUL1_HepG2	1	0.29143	0.30629	0.014857	5.0979
rc10_cluster5	pearson	HNRNPUL1_K562	2	0.33193	0.34336	0.011425	3.4419
rc10_cluster5	pearson	HNRNPU_HepG2	1	0.31272	0.32436	0.011647	3.7244
rc10_cluster5	pearson	HNRNPU_K562	2	0.37925	0.40165	0.022402	5.907
rc10_cluster5	pearson	IGF2BP1_HepG2	4	0.44844	0.47666	0.02822	6.293
rc10_cluster5	pearson	IGF2BP1_K562	4	0.44808	0.46668	0.018592	4.1493
rc10_cluster5	pearson	IGF2BP2_K562	4	0.46291	0.48978	0.026874	5.8054
rc10_cluster5	pearson	IGF2BP3_HepG2	3	0.44288	0.46189	0.019003	4.2908
rc10_cluster5	pearson	ILF3_HepG2	4	0.44987	0.42517	-0.024691	-5.4886
rc10_cluster5	pearson	ILF3_K562	3	0.43391	0.44004	0.0061271	1.4121
rc10_cluster5	pearson	KHDRBS1_K562	4	0.49261	0.48494	-0.0076673	-1.5565
rc10_cluster5	pearson	KHSRP_HepG2	3	0.41662	0.42013	0.003513	0.84322
rc10_cluster5	pearson	KHSRP_K562	4	0.49853	0.49733	-0.0012036	-0.24142
rc10_cluster5	pearson	LARP4_HepG2	2	0.35818	0.40004	0.041859	11.687
rc10_cluster5	pearson	LARP4_K562	2	0.35171	0.39206	0.040357	11.475
rc10_cluster5	pearson	LARP7_HepG2	1	0.22097	0.35044	0.12947	58.593
rc10_cluster5	pearson	LARP7_K562	2	0.33763	0.34015	0.0025204	0.74649
rc10_cluster5	pearson	LIN28B_HepG2	3	0.40583	0.43513	0.029306	7.2214
rc10_cluster5	pearson	LIN28B_K562	2	0.38481	0.40492	0.020113	5.2267
rc10_cluster5	pearson	LSM11_HepG2	3	0.40428	0.422	0.017726	4.3847
rc10_cluster5	pearson	LSM11_K562	2	0.36552	0.39125	0.025726	7.0383
rc10_cluster5	pearson	MATR3_HepG2	2	0.38441	0.38533	0.00092122	0.23964
rc10_cluster5	pearson	MATR3_K562	3	0.43097	0.43689	0.0059225	1.3742
rc10_cluster5	pearson	METAP2_K562	3	0.40758	0.44332	0.035739	8.7685
rc10_cluster5	pearson	MTPAP_K562	2	0.3769	0.39766	0.020758	5.5077
rc10_cluster5	pearson	NCBP2_HepG2	2	0.35012	0.37259	0.022472	6.4184
rc10_cluster5	pearson	NCBP2_K562	1	0.31454	0.37123	0.056685	18.021
rc10_cluster5	pearson	NIP7_HepG2	1	0.26118	0.38105	0.11986	45.893
rc10_cluster5	pearson	NIPBL_K562	2	0.35592	0.38715	0.031226	8.7731
rc10_cluster5	pearson	NKRF_HepG2	3	0.40465	0.42271	0.018068	4.465
rc10_cluster5	pearson	NOL12_HepG2	2	0.33511	0.40644	0.071338	21.288
rc10_cluster5	pearson	NOLC1_HepG2	1	0.29526	0.41266	0.1174	39.761
rc10_cluster5	pearson	NOLC1_K562	2	0.34218	0.38436	0.042174	12.325
rc10_cluster5	pearson	NONO_K562	3	0.42045	0.41727	-0.00318	-0.75633
rc10_cluster5	pearson	NPM1_K562	1	0.25349	0.32937	0.075879	29.934
rc10_cluster5	pearson	NSUN2_K562	1	0.26753	0.31468	0.047154	17.626
rc10_cluster5	pearson	PABPC4_K562	2	0.37061	0.4339	0.063286	17.076
rc10_cluster5	pearson	PABPN1_HepG2	3	0.40343	0.4292	0.025767	6.387
rc10_cluster5	pearson	PCBP1_HepG2	1	0.29146	0.40554	0.11407	39.138
rc10_cluster5	pearson	PCBP1_K562	2	0.33968	0.39936	0.059683	17.57
rc10_cluster5	pearson	PCBP2_HepG2	4	0.4713	0.47996	0.0086659	1.8387
rc10_cluster5	pearson	PHF6_K562	1	0.26039	0.33154	0.071153	27.326
rc10_cluster5	pearson	POLR2G_HepG2	3	0.44182	0.45932	0.017499	3.9606
rc10_cluster5	pearson	PPIG_HepG2	4	0.5306	0.53149	0.00088674	0.16712
rc10_cluster5	pearson	PPIL4_K562	2	0.38178	0.41715	0.035365	9.2631
rc10_cluster5	pearson	PRPF4_HepG2	3	0.44304	0.44842	0.0053796	1.2142
rc10_cluster5	pearson	PRPF8_HepG2	4	0.59088	0.58449	-0.0063888	-1.0812
rc10_cluster5	pearson	PRPF8_K562	4	0.47686	0.47993	0.0030703	0.64385
rc10_cluster5	pearson	PTBP1_HepG2	4	0.46055	0.4783	0.017759	3.856
rc10_cluster5	pearson	PTBP1_K562	4	0.49478	0.50994	0.015165	3.065
rc10_cluster5	pearson	PUM1_K562	4	0.44565	0.45652	0.010873	2.4398
rc10_cluster5	pearson	PUM2_K562	3	0.42512	0.42185	-0.0032709	-0.76941
rc10_cluster5	pearson	PUS1_K562	2	0.33009	0.40947	0.079378	24.047
rc10_cluster5	pearson	QKI_HepG2	4	0.50535	0.49418	-0.011175	-2.2112
rc10_cluster5	pearson	QKI_K562	4	0.46474	0.46334	-0.001392	-0.29953
rc10_cluster5	pearson	RBFOX2_HepG2	4	0.4772	0.47567	-0.0015296	-0.32054
rc10_cluster5	pearson	RBFOX2_K562	3	0.39538	0.40093	0.0055436	1.4021
rc10_cluster5	pearson	RBM15_HepG2	3	0.39385	0.40566	0.011808	2.998
rc10_cluster5	pearson	RBM15_K562	4	0.50472	0.51605	0.011323	2.2434
rc10_cluster5	pearson	RBM22_HepG2	3	0.38965	0.39581	0.0061585	1.5805
rc10_cluster5	pearson	RBM22_K562	4	0.56454	0.56593	0.0013852	0.24536
rc10_cluster5	pearson	RBM5_HepG2	3	0.38539	0.39223	0.0068406	1.775
rc10_cluster5	pearson	RPS11_K562	1	0.26657	0.35178	0.085215	31.968
rc10_cluster5	pearson	RPS3_HepG2	3	0.41621	0.47172	0.055511	13.337
rc10_cluster5	pearson	RPS3_K562	1	0.32787	0.40809	0.080223	24.468
rc10_cluster5	pearson	SAFB2_K562	2	0.35201	0.3647	0.012683	3.6031
rc10_cluster5	pearson	SAFB_HepG2	2	0.37833	0.39694	0.018612	4.9196
rc10_cluster5	pearson	SAFB_K562	3	0.43021	0.4464	0.016193	3.764
rc10_cluster5	pearson	SBDS_K562	1	0.296	0.37418	0.078175	26.41
rc10_cluster5	pearson	SDAD1_HepG2	2	0.33836	0.40634	0.06798	20.091
rc10_cluster5	pearson	SDAD1_K562	1	0.18639	0.27922	0.092834	49.806
rc10_cluster5	pearson	SF3A3_HepG2	2	0.37819	0.38867	0.010477	2.7704
rc10_cluster5	pearson	SF3B1_K562	1	0.19502	0.22264	0.027619	14.162
rc10_cluster5	pearson	SF3B4_HepG2	4	0.51152	0.49899	-0.012536	-2.4506
rc10_cluster5	pearson	SF3B4_K562	4	0.48107	0.48008	-0.0009954	-0.20691
rc10_cluster5	pearson	SFPQ_HepG2	2	0.36251	0.34827	-0.014237	-3.9273
rc10_cluster5	pearson	SLTM_HepG2	2	0.37448	0.38951	0.015029	4.0134
rc10_cluster5	pearson	SLTM_K562	3	0.40875	0.41998	0.011233	2.7482
rc10_cluster5	pearson	SMNDC1_HepG2	1	0.27523	0.33392	0.058688	21.324
rc10_cluster5	pearson	SMNDC1_K562	2	0.3539	0.39818	0.044275	12.511
rc10_cluster5	pearson	SND1_HepG2	4	0.48956	0.53012	0.04056	8.2851
rc10_cluster5	pearson	SND1_K562	3	0.43741	0.45344	0.016037	3.6665
rc10_cluster5	pearson	SRSF1_HepG2	4	0.46712	0.46771	0.00059023	0.12636
rc10_cluster5	pearson	SRSF1_K562	3	0.41597	0.42197	0.0059978	1.4419
rc10_cluster5	pearson	SRSF7_HepG2	1	0.32197	0.44799	0.12602	39.14
rc10_cluster5	pearson	SRSF7_K562	1	0.31693	0.43569	0.11876	37.471
rc10_cluster5	pearson	SRSF9_HepG2	3	0.428	0.43726	0.0092576	2.163
rc10_cluster5	pearson	SSB_HepG2	2	0.34455	0.37467	0.030122	8.7427
rc10_cluster5	pearson	SSB_K562	1	0.21796	0.2546	0.036638	16.809
rc10_cluster5	pearson	STAU2_HepG2	4	0.46775	0.47949	0.01174	2.5099
rc10_cluster5	pearson	SUB1_HepG2	1	0.3179	0.36824	0.050344	15.837
rc10_cluster5	pearson	SUGP2_HepG2	4	0.4542	0.45718	0.0029748	0.65494
rc10_cluster5	pearson	SUPV3L1_HepG2	1	0.32907	0.36146	0.032388	9.8423
rc10_cluster5	pearson	TAF15_HepG2	3	0.40664	0.38416	-0.022476	-5.5272
rc10_cluster5	pearson	TAF15_K562	2	0.38176	0.39486	0.0131	3.4316
rc10_cluster5	pearson	TARDBP_K562	4	0.62986	0.6205	-0.009357	-1.4856
rc10_cluster5	pearson	TBRG4_HepG2	1	0.164	0.22309	0.059098	36.036
rc10_cluster5	pearson	TBRG4_K562	1	0.32242	0.3672	0.044781	13.889
rc10_cluster5	pearson	TIA1_HepG2	4	0.50582	0.50577	-5.3227e-05	-0.010523
rc10_cluster5	pearson	TIA1_K562	4	0.46455	0.46636	0.0018128	0.39023
rc10_cluster5	pearson	TIAL1_HepG2	4	0.47199	0.48056	0.0085698	1.8157
rc10_cluster5	pearson	TRA2A_HepG2	2	0.3616	0.41341	0.051814	14.329
rc10_cluster5	pearson	TRA2A_K562	2	0.37334	0.45067	0.077329	20.713
rc10_cluster5	pearson	TROVE2_HepG2	3	0.40121	0.42266	0.021446	5.3453
rc10_cluster5	pearson	TROVE2_K562	3	0.40303	0.42936	0.026328	6.5325
rc10_cluster5	pearson	U2AF1_HepG2	4	0.46789	0.47366	0.0057755	1.2344
rc10_cluster5	pearson	U2AF1_K562	4	0.52405	0.54565	0.021599	4.1216
rc10_cluster5	pearson	U2AF2_HepG2	4	0.51326	0.50951	-0.0037436	-0.72938
rc10_cluster5	pearson	U2AF2_K562	4	0.57052	0.57618	0.0056594	0.99197
rc10_cluster5	pearson	UCHL5_HepG2	4	0.47677	0.48126	0.0044927	0.94232
rc10_cluster5	pearson	UCHL5_K562	4	0.47015	0.47818	0.0080247	1.7068
rc10_cluster5	pearson	UPF1_HepG2	2	0.33638	0.42268	0.086294	25.654
rc10_cluster5	pearson	UPF1_K562	3	0.39746	0.44872	0.051264	12.898
rc10_cluster5	pearson	UTP18_HepG2	1	0.27549	0.36156	0.086075	31.245
rc10_cluster5	pearson	UTP18_K562	1	0.25323	0.30355	0.050316	19.869
rc10_cluster5	pearson	UTP3_K562	1	0.11659	0.1473	0.030712	26.342
rc10_cluster5	pearson	WDR3_K562	1	0.21284	0.28482	0.071972	33.814
rc10_cluster5	pearson	WDR43_HepG2	1	0.29445	0.36187	0.067417	22.896
rc10_cluster5	pearson	WDR43_K562	1	0.27817	0.32223	0.044057	15.838
rc10_cluster5	pearson	WRN_K562	1	0.31193	0.36332	0.051387	16.474
rc10_cluster5	pearson	XPO5_HepG2	1	0.29437	0.30965	0.015279	5.1903
rc10_cluster5	pearson	XRCC6_HepG2	2	0.33438	0.36206	0.027683	8.279
rc10_cluster5	pearson	XRCC6_K562	3	0.4182	0.44243	0.024228	5.7934
rc10_cluster5	pearson	XRN2_HepG2	3	0.42558	0.41569	-0.009891	-2.3241
rc10_cluster5	pearson	XRN2_K562	2	0.37248	0.39392	0.021435	5.7546
rc10_cluster5	pearson	YBX3_HepG2	1	0.2842	0.46842	0.18422	64.819
rc10_cluster5	pearson	YBX3_K562	4	0.53467	0.54361	0.0089419	1.6724
rc10_cluster5	pearson	YWHAG_K562	2	0.34508	0.39298	0.047904	13.882
rc10_cluster5	pearson	ZC3H11A_HepG2	2	0.36504	0.38132	0.01628	4.4597
rc10_cluster5	pearson	ZC3H11A_K562	2	0.33224	0.38305	0.050803	15.291
rc10_cluster5	pearson	ZC3H8_K562	1	0.20461	0.27455	0.069935	34.179
rc10_cluster5	pearson	ZNF622_K562	4	0.50368	0.50662	0.0029439	0.58447
rc10_cluster5	pearson	ZNF800_HepG2	4	0.44643	0.46992	0.023496	5.2632
rc10_cluster5	pearson	ZNF800_K562	3	0.39227	0.42847	0.036198	9.2278
rc10_cluster5	pearson	ZRANB2_K562	1	0.31358	0.33205	0.018469	5.8896
rc10_cluster5	spearman	AARS_K562	1	0.23152	0.25521	0.02369	10.233
rc10_cluster5	spearman	AATF_K562	1	0.23699	0.24894	0.011951	5.043
rc10_cluster5	spearman	ABCF1_K562	1	0.20043	0.24474	0.044311	22.108
rc10_cluster5	spearman	AGGF1_HepG2	2	0.26956	0.29958	0.030022	11.137
rc10_cluster5	spearman	AGGF1_K562	3	0.29174	0.30155	0.0098087	3.3621
rc10_cluster5	spearman	AKAP1_HepG2	2	0.2677	0.30964	0.041943	15.668
rc10_cluster5	spearman	AKAP1_K562	1	0.22586	0.25736	0.0315	13.947
rc10_cluster5	spearman	AKAP8L_K562	2	0.25064	0.26105	0.010405	4.1513
rc10_cluster5	spearman	APOBEC3C_K562	2	0.2661	0.29702	0.030922	11.621
rc10_cluster5	spearman	AQR_HepG2	2	0.27486	0.31692	0.042057	15.301
rc10_cluster5	spearman	AQR_K562	2	0.27086	0.27646	0.0055997	2.0674
rc10_cluster5	spearman	BCCIP_HepG2	2	0.27659	0.28452	0.0079334	2.8683
rc10_cluster5	spearman	BCLAF1_HepG2	4	0.36566	0.34775	-0.017907	-4.8971
rc10_cluster5	spearman	BUD13_HepG2	4	0.31616	0.32149	0.0053346	1.6873
rc10_cluster5	spearman	BUD13_K562	4	0.3367	0.34085	0.0041454	1.2312
rc10_cluster5	spearman	CDC40_HepG2	2	0.2523	0.26479	0.012486	4.949
rc10_cluster5	spearman	CPEB4_K562	1	0.22117	0.2454	0.024233	10.957
rc10_cluster5	spearman	CPSF6_K562	2	0.26515	0.27657	0.011417	4.3058
rc10_cluster5	spearman	CSTF2T_HepG2	3	0.28587	0.28902	0.0031531	1.103
rc10_cluster5	spearman	CSTF2T_K562	3	0.27804	0.28425	0.006205	2.2317
rc10_cluster5	spearman	CSTF2_HepG2	1	0.24171	0.25626	0.014551	6.0201
rc10_cluster5	spearman	DDX21_K562	1	0.21366	0.2489	0.035245	16.496
rc10_cluster5	spearman	DDX24_K562	4	0.30485	0.31506	0.010205	3.3477
rc10_cluster5	spearman	DDX3X_HepG2	3	0.28393	0.3101	0.026174	9.2183
rc10_cluster5	spearman	DDX3X_K562	3	0.29707	0.31816	0.021088	7.0988
rc10_cluster5	spearman	DDX42_K562	2	0.25619	0.26259	0.0063983	2.4975
rc10_cluster5	spearman	DDX51_K562	1	0.23098	0.25041	0.019428	8.4109
rc10_cluster5	spearman	DDX52_HepG2	3	0.27858	0.29319	0.014608	5.2438
rc10_cluster5	spearman	DDX52_K562	1	0.23683	0.25419	0.017356	7.3283
rc10_cluster5	spearman	DDX55_HepG2	2	0.26771	0.29777	0.030061	11.229
rc10_cluster5	spearman	DDX55_K562	3	0.28302	0.30273	0.019716	6.9664
rc10_cluster5	spearman	DDX59_HepG2	1	0.24687	0.26556	0.018682	7.5674
rc10_cluster5	spearman	DDX6_HepG2	1	0.24187	0.28261	0.040735	16.841
rc10_cluster5	spearman	DDX6_K562	2	0.27218	0.29088	0.018696	6.8691
rc10_cluster5	spearman	DGCR8_HepG2	3	0.27918	0.28967	0.010492	3.758
rc10_cluster5	spearman	DGCR8_K562	2	0.26761	0.28185	0.014236	5.3198
rc10_cluster5	spearman	DHX30_HepG2	1	0.24813	0.27605	0.027926	11.254
rc10_cluster5	spearman	DHX30_K562	1	0.22248	0.24917	0.026696	11.999
rc10_cluster5	spearman	DKC1_HepG2	1	0.2392	0.29312	0.053918	22.541
rc10_cluster5	spearman	DROSHA_HepG2	2	0.25734	0.26533	0.0079905	3.105
rc10_cluster5	spearman	DROSHA_K562	2	0.26206	0.26935	0.0072889	2.7813
rc10_cluster5	spearman	EFTUD2_HepG2	2	0.27571	0.28566	0.0099525	3.6098
rc10_cluster5	spearman	EFTUD2_K562	2	0.26908	0.27995	0.010872	4.0403
rc10_cluster5	spearman	EIF3D_HepG2	3	0.29152	0.29755	0.0060259	2.0671
rc10_cluster5	spearman	EIF3G_K562	1	0.21332	0.25119	0.03787	17.753
rc10_cluster5	spearman	EIF3H_HepG2	3	0.29337	0.299	0.0056367	1.9214
rc10_cluster5	spearman	EIF4G2_K562	3	0.28245	0.29494	0.012493	4.4232
rc10_cluster5	spearman	EWSR1_K562	4	0.30576	0.31053	0.0047766	1.5622
rc10_cluster5	spearman	EXOSC5_HepG2	1	0.21461	0.2623	0.047688	22.22
rc10_cluster5	spearman	EXOSC5_K562	4	0.30705	0.31442	0.0073733	2.4013
rc10_cluster5	spearman	FAM120A_HepG2	4	0.31637	0.32131	0.0049388	1.5611
rc10_cluster5	spearman	FAM120A_K562	3	0.28105	0.30159	0.020546	7.3107
rc10_cluster5	spearman	FASTKD2_HepG2	3	0.29865	0.30864	0.0099896	3.345
rc10_cluster5	spearman	FASTKD2_K562	1	0.245	0.26243	0.01743	7.1142
rc10_cluster5	spearman	FKBP4_HepG2	2	0.25212	0.26625	0.014132	5.6055
rc10_cluster5	spearman	FMR1_K562	4	0.30143	0.31327	0.011842	3.9287
rc10_cluster5	spearman	FTO_HepG2	1	0.24537	0.29598	0.050617	20.629
rc10_cluster5	spearman	FTO_K562	2	0.24985	0.26719	0.01734	6.9403
rc10_cluster5	spearman	FUBP3_HepG2	3	0.29279	0.30528	0.01249	4.2658
rc10_cluster5	spearman	FUS_HepG2	3	0.30052	0.30467	0.0041454	1.3794
rc10_cluster5	spearman	FUS_K562	2	0.26844	0.2703	0.0018637	0.69428
rc10_cluster5	spearman	FXR1_K562	4	0.32796	0.32981	0.0018544	0.56543
rc10_cluster5	spearman	FXR2_HepG2	4	0.32105	0.3338	0.012753	3.9724
rc10_cluster5	spearman	FXR2_K562	4	0.31794	0.32453	0.0065908	2.073
rc10_cluster5	spearman	G3BP1_HepG2	4	0.34958	0.35256	0.0029824	0.85316
rc10_cluster5	spearman	GEMIN5_K562	1	0.23561	0.2566	0.020994	8.9104
rc10_cluster5	spearman	GNL3_K562	1	0.22501	0.25494	0.029923	13.298
rc10_cluster5	spearman	GPKOW_K562	2	0.25923	0.26989	0.010667	4.1151
rc10_cluster5	spearman	GRSF1_HepG2	1	0.24459	0.27676	0.032169	13.152
rc10_cluster5	spearman	GRWD1_HepG2	4	0.36533	0.3676	0.0022684	0.62092
rc10_cluster5	spearman	GRWD1_K562	4	0.35368	0.35632	0.0026383	0.74595
rc10_cluster5	spearman	GTF2F1_HepG2	2	0.2743	0.28774	0.013435	4.8981
rc10_cluster5	spearman	GTF2F1_K562	2	0.27294	0.28406	0.01112	4.0741
rc10_cluster5	spearman	HLTF_HepG2	4	0.30597	0.31045	0.0044841	1.4655
rc10_cluster5	spearman	HLTF_K562	4	0.31632	0.32168	0.0053584	1.694
rc10_cluster5	spearman	HNRNPA1_HepG2	4	0.31328	0.31018	-0.0031074	-0.99188
rc10_cluster5	spearman	HNRNPA1_K562	3	0.28747	0.28583	-0.0016412	-0.57092
rc10_cluster5	spearman	HNRNPC_HepG2	4	0.31056	0.30963	-0.00092688	-0.29845
rc10_cluster5	spearman	HNRNPC_K562	2	0.26259	0.2624	-0.00018957	-0.072193
rc10_cluster5	spearman	HNRNPK_HepG2	4	0.30065	0.2989	-0.0017484	-0.58155
rc10_cluster5	spearman	HNRNPK_K562	3	0.29065	0.29169	0.0010423	0.35861
rc10_cluster5	spearman	HNRNPL_HepG2	4	0.30571	0.30648	0.00077513	0.25355
rc10_cluster5	spearman	HNRNPL_K562	4	0.31372	0.31326	-0.00045615	-0.1454
rc10_cluster5	spearman	HNRNPM_HepG2	4	0.31261	0.31107	-0.0015367	-0.49157
rc10_cluster5	spearman	HNRNPM_K562	3	0.2972	0.29893	0.0017259	0.58073
rc10_cluster5	spearman	HNRNPUL1_HepG2	2	0.25446	0.26189	0.0074336	2.9213
rc10_cluster5	spearman	HNRNPUL1_K562	2	0.256	0.26102	0.0050245	1.9627
rc10_cluster5	spearman	HNRNPU_HepG2	2	0.26567	0.27135	0.0056744	2.1358
rc10_cluster5	spearman	HNRNPU_K562	3	0.29648	0.30657	0.010093	3.4042
rc10_cluster5	spearman	IGF2BP1_HepG2	4	0.30277	0.31505	0.012273	4.0535
rc10_cluster5	spearman	IGF2BP1_K562	4	0.32451	0.3328	0.0082875	2.5538
rc10_cluster5	spearman	IGF2BP2_K562	4	0.30554	0.31655	0.011007	3.6024
rc10_cluster5	spearman	IGF2BP3_HepG2	4	0.30988	0.31815	0.0082701	2.6688
rc10_cluster5	spearman	ILF3_HepG2	3	0.29365	0.28826	-0.0053894	-1.8353
rc10_cluster5	spearman	ILF3_K562	3	0.28666	0.29047	0.0038122	1.3299
rc10_cluster5	spearman	KHDRBS1_K562	4	0.32689	0.32693	4.524e-05	0.01384
rc10_cluster5	spearman	KHSRP_HepG2	4	0.30531	0.30804	0.0027248	0.89247
rc10_cluster5	spearman	KHSRP_K562	4	0.35767	0.35783	0.0001561	0.043644
rc10_cluster5	spearman	LARP4_HepG2	2	0.27032	0.29159	0.021271	7.8687
rc10_cluster5	spearman	LARP4_K562	2	0.25112	0.26747	0.016357	6.5136
rc10_cluster5	spearman	LARP7_HepG2	1	0.2023	0.27329	0.070993	35.093
rc10_cluster5	spearman	LARP7_K562	1	0.23162	0.23929	0.0076644	3.309
rc10_cluster5	spearman	LIN28B_HepG2	3	0.2889	0.30388	0.014983	5.1863
rc10_cluster5	spearman	LIN28B_K562	2	0.26845	0.28099	0.012536	4.6696
rc10_cluster5	spearman	LSM11_HepG2	4	0.301	0.31009	0.0090925	3.0208
rc10_cluster5	spearman	LSM11_K562	2	0.26734	0.27774	0.010399	3.8899
rc10_cluster5	spearman	MATR3_HepG2	3	0.28649	0.28735	0.00085258	0.29759
rc10_cluster5	spearman	MATR3_K562	3	0.30018	0.30229	0.0021113	0.70334
rc10_cluster5	spearman	METAP2_K562	3	0.28847	0.30504	0.01657	5.7444
rc10_cluster5	spearman	MTPAP_K562	3	0.27902	0.28834	0.0093194	3.3401
rc10_cluster5	spearman	NCBP2_HepG2	2	0.26659	0.27638	0.0097879	3.6715
rc10_cluster5	spearman	NCBP2_K562	1	0.23422	0.25582	0.021605	9.2242
rc10_cluster5	spearman	NIP7_HepG2	1	0.23778	0.31192	0.074134	31.177
rc10_cluster5	spearman	NIPBL_K562	2	0.2615	0.27433	0.012831	4.9068
rc10_cluster5	spearman	NKRF_HepG2	3	0.2873	0.29609	0.0087905	3.0597
rc10_cluster5	spearman	NOL12_HepG2	2	0.24977	0.28638	0.036612	14.659
rc10_cluster5	spearman	NOLC1_HepG2	1	0.24495	0.31293	0.06798	27.752
rc10_cluster5	spearman	NOLC1_K562	2	0.2559	0.27582	0.01992	7.7844
rc10_cluster5	spearman	NONO_K562	4	0.31979	0.31942	-0.00036237	-0.11332
rc10_cluster5	spearman	NPM1_K562	1	0.19693	0.22812	0.031188	15.837
rc10_cluster5	spearman	NSUN2_K562	1	0.16629	0.18548	0.019189	11.539
rc10_cluster5	spearman	PABPC4_K562	3	0.28315	0.31255	0.029405	10.385
rc10_cluster5	spearman	PABPN1_HepG2	4	0.30564	0.317	0.011367	3.7191
rc10_cluster5	spearman	PCBP1_HepG2	1	0.23228	0.30059	0.068304	29.405
rc10_cluster5	spearman	PCBP1_K562	2	0.25338	0.27745	0.024063	9.4967
rc10_cluster5	spearman	PCBP2_HepG2	4	0.31104	0.31561	0.0045633	1.4671
rc10_cluster5	spearman	PHF6_K562	1	0.21339	0.24545	0.032061	15.025
rc10_cluster5	spearman	POLR2G_HepG2	2	0.25566	0.26428	0.0086249	3.3736
rc10_cluster5	spearman	PPIG_HepG2	4	0.35991	0.36036	0.0004499	0.125
rc10_cluster5	spearman	PPIL4_K562	3	0.27765	0.29351	0.015857	5.711
rc10_cluster5	spearman	PRPF4_HepG2	4	0.32002	0.32319	0.0031689	0.99021
rc10_cluster5	spearman	PRPF8_HepG2	4	0.32246	0.32444	0.0019744	0.61229
rc10_cluster5	spearman	PRPF8_K562	4	0.31986	0.3227	0.0028417	0.8884
rc10_cluster5	spearman	PTBP1_HepG2	4	0.30359	0.31329	0.0096979	3.1944
rc10_cluster5	spearman	PTBP1_K562	3	0.29848	0.30664	0.0081622	2.7346
rc10_cluster5	spearman	PUM1_K562	4	0.3153	0.31986	0.0045604	1.4464
rc10_cluster5	spearman	PUM2_K562	3	0.27913	0.28283	0.0037009	1.3259
rc10_cluster5	spearman	PUS1_K562	1	0.23416	0.25916	0.025	10.676
rc10_cluster5	spearman	QKI_HepG2	4	0.31614	0.31534	-0.00079688	-0.25207
rc10_cluster5	spearman	QKI_K562	3	0.29	0.2941	0.0040982	1.4132
rc10_cluster5	spearman	RBFOX2_HepG2	3	0.29694	0.29789	0.00095835	0.32275
rc10_cluster5	spearman	RBFOX2_K562	3	0.27824	0.28099	0.0027533	0.98955
rc10_cluster5	spearman	RBM15_HepG2	3	0.28002	0.2863	0.0062878	2.2455
rc10_cluster5	spearman	RBM15_K562	4	0.31236	0.31802	0.005657	1.8111
rc10_cluster5	spearman	RBM22_HepG2	2	0.26592	0.27112	0.0051995	1.9553
rc10_cluster5	spearman	RBM22_K562	1	0.21672	0.22505	0.0083319	3.8446
rc10_cluster5	spearman	RBM5_HepG2	2	0.27742	0.28183	0.0044116	1.5902
rc10_cluster5	spearman	RPS11_K562	1	0.21411	0.23918	0.025069	11.709
rc10_cluster5	spearman	RPS3_HepG2	4	0.30991	0.33848	0.028572	9.2193
rc10_cluster5	spearman	RPS3_K562	2	0.25382	0.29037	0.036552	14.401
rc10_cluster5	spearman	SAFB2_K562	3	0.28036	0.28703	0.0066673	2.3781
rc10_cluster5	spearman	SAFB_HepG2	2	0.273	0.28075	0.0077423	2.836
rc10_cluster5	spearman	SAFB_K562	3	0.28303	0.29021	0.0071874	2.5395
rc10_cluster5	spearman	SBDS_K562	1	0.20147	0.23159	0.030117	14.949
rc10_cluster5	spearman	SDAD1_HepG2	2	0.25947	0.29601	0.036533	14.08
rc10_cluster5	spearman	SDAD1_K562	1	0.18983	0.21567	0.025845	13.615
rc10_cluster5	spearman	SF3A3_HepG2	1	0.24965	0.26158	0.011928	4.778
rc10_cluster5	spearman	SF3B1_K562	1	0.168	0.18284	0.014844	8.8359
rc10_cluster5	spearman	SF3B4_HepG2	3	0.29913	0.3005	0.0013706	0.4582
rc10_cluster5	spearman	SF3B4_K562	3	0.28407	0.28761	0.0035412	1.2466
rc10_cluster5	spearman	SFPQ_HepG2	3	0.28789	0.28485	-0.0030359	-1.0546
rc10_cluster5	spearman	SLTM_HepG2	3	0.27888	0.28512	0.0062437	2.2389
rc10_cluster5	spearman	SLTM_K562	3	0.28799	0.29115	0.0031604	1.0974
rc10_cluster5	spearman	SMNDC1_HepG2	1	0.23418	0.25759	0.023411	9.9969
rc10_cluster5	spearman	SMNDC1_K562	2	0.27045	0.2882	0.017751	6.5634
rc10_cluster5	spearman	SND1_HepG2	4	0.33541	0.35024	0.014832	4.422
rc10_cluster5	spearman	SND1_K562	3	0.29603	0.30232	0.0062914	2.1252
rc10_cluster5	spearman	SRSF1_HepG2	4	0.31179	0.31331	0.0015251	0.48915
rc10_cluster5	spearman	SRSF1_K562	3	0.28886	0.29257	0.0037176	1.287
rc10_cluster5	spearman	SRSF7_HepG2	1	0.23475	0.27587	0.041122	17.517
rc10_cluster5	spearman	SRSF7_K562	2	0.25526	0.29068	0.035423	13.877
rc10_cluster5	spearman	SRSF9_HepG2	3	0.28281	0.28913	0.006327	2.2372
rc10_cluster5	spearman	SSB_HepG2	2	0.25705	0.2754	0.018349	7.1385
rc10_cluster5	spearman	SSB_K562	1	0.19437	0.21062	0.016256	8.3637
rc10_cluster5	spearman	STAU2_HepG2	3	0.29786	0.30406	0.0062023	2.0823
rc10_cluster5	spearman	SUB1_HepG2	1	0.24904	0.27461	0.025566	10.266
rc10_cluster5	spearman	SUGP2_HepG2	4	0.33699	0.3382	0.0012124	0.35978
rc10_cluster5	spearman	SUPV3L1_HepG2	1	0.24293	0.25943	0.016497	6.7907
rc10_cluster5	spearman	TAF15_HepG2	4	0.31158	0.30394	-0.0076449	-2.4536
rc10_cluster5	spearman	TAF15_K562	3	0.28183	0.28701	0.0051817	1.8386
rc10_cluster5	spearman	TARDBP_K562	4	0.31589	0.31659	0.00069338	0.2195
rc10_cluster5	spearman	TBRG4_HepG2	1	0.13468	0.17402	0.039334	29.205
rc10_cluster5	spearman	TBRG4_K562	1	0.23863	0.25554	0.016915	7.0884
rc10_cluster5	spearman	TIA1_HepG2	3	0.29459	0.29499	0.00039509	0.13411
rc10_cluster5	spearman	TIA1_K562	4	0.3013	0.30135	4.3809e-05	0.01454
rc10_cluster5	spearman	TIAL1_HepG2	3	0.27816	0.28284	0.0046804	1.6826
rc10_cluster5	spearman	TRA2A_HepG2	2	0.2635	0.28258	0.01908	7.2409
rc10_cluster5	spearman	TRA2A_K562	3	0.27772	0.30571	0.027982	10.076
rc10_cluster5	spearman	TROVE2_HepG2	2	0.2684	0.27998	0.011581	4.3147
rc10_cluster5	spearman	TROVE2_K562	2	0.25773	0.27066	0.012928	5.0161
rc10_cluster5	spearman	U2AF1_HepG2	3	0.29248	0.29619	0.0037136	1.2697
rc10_cluster5	spearman	U2AF1_K562	2	0.26655	0.27471	0.0081686	3.0646
rc10_cluster5	spearman	U2AF2_HepG2	3	0.28564	0.28748	0.0018406	0.64438
rc10_cluster5	spearman	U2AF2_K562	4	0.30302	0.30633	0.0033107	1.0926
rc10_cluster5	spearman	UCHL5_HepG2	4	0.34154	0.34368	0.0021371	0.62571
rc10_cluster5	spearman	UCHL5_K562	4	0.33853	0.34169	0.0031609	0.93371
rc10_cluster5	spearman	UPF1_HepG2	2	0.26149	0.31568	0.054187	20.722
rc10_cluster5	spearman	UPF1_K562	3	0.29604	0.32151	0.025467	8.6024
rc10_cluster5	spearman	UTP18_HepG2	1	0.21831	0.27033	0.052017	23.827
rc10_cluster5	spearman	UTP18_K562	1	0.2124	0.23709	0.024693	11.626
rc10_cluster5	spearman	UTP3_K562	1	0.1065	0.1238	0.017305	16.249
rc10_cluster5	spearman	WDR3_K562	1	0.18857	0.20445	0.015877	8.4196
rc10_cluster5	spearman	WDR43_HepG2	1	0.23147	0.2728	0.041325	17.853
rc10_cluster5	spearman	WDR43_K562	1	0.21813	0.23855	0.020423	9.363
rc10_cluster5	spearman	WRN_K562	1	0.21656	0.23988	0.02332	10.768
rc10_cluster5	spearman	XPO5_HepG2	1	0.23103	0.23944	0.0084166	3.6431
rc10_cluster5	spearman	XRCC6_HepG2	1	0.23474	0.24839	0.013651	5.8151
rc10_cluster5	spearman	XRCC6_K562	2	0.26488	0.2744	0.0095229	3.5952
rc10_cluster5	spearman	XRN2_HepG2	3	0.28983	0.28754	-0.0022838	-0.78798
rc10_cluster5	spearman	XRN2_K562	2	0.26094	0.26841	0.0074708	2.863
rc10_cluster5	spearman	YBX3_HepG2	2	0.26185	0.34577	0.083917	32.047
rc10_cluster5	spearman	YBX3_K562	4	0.36288	0.36593	0.0030509	0.84075
rc10_cluster5	spearman	YWHAG_K562	2	0.25707	0.27522	0.01815	7.0602
rc10_cluster5	spearman	ZC3H11A_HepG2	3	0.28542	0.29487	0.0094517	3.3115
rc10_cluster5	spearman	ZC3H11A_K562	2	0.25244	0.27482	0.022379	8.8651
rc10_cluster5	spearman	ZC3H8_K562	1	0.19357	0.22451	0.030935	15.981
rc10_cluster5	spearman	ZNF622_K562	4	0.36184	0.36268	0.00083265	0.23011
rc10_cluster5	spearman	ZNF800_HepG2	4	0.31275	0.32289	0.010143	3.2432
rc10_cluster5	spearman	ZNF800_K562	4	0.30612	0.32055	0.014433	4.7147
rc10_cluster5	spearman	ZRANB2_K562	1	0.23431	0.24774	0.013435	5.7339
rc10_peak	pearson	AARS_K562	1	0.17965	0.19603	0.016379	9.1173
rc10_peak	pearson	AATF_K562	2	0.23541	0.25331	0.017896	7.6022
rc10_peak	pearson	ABCF1_K562	1	0.14797	0.20393	0.055955	37.814
rc10_peak	pearson	AGGF1_HepG2	2	0.2384	0.27374	0.035343	14.825
rc10_peak	pearson	AGGF1_K562	2	0.25699	0.26801	0.011024	4.2895
rc10_peak	pearson	AKAP1_HepG2	1	0.20547	0.2393	0.033825	16.462
rc10_peak	pearson	AKAP1_K562	1	0.15595	0.17832	0.022374	14.347
rc10_peak	pearson	AKAP8L_K562	2	0.2276	0.23928	0.011682	5.1328
rc10_peak	pearson	APOBEC3C_K562	2	0.22882	0.27468	0.045861	20.042
rc10_peak	pearson	AQR_HepG2	4	0.37828	0.43386	0.055584	14.694
rc10_peak	pearson	AQR_K562	4	0.50302	0.5022	-0.0008204	-0.16309
rc10_peak	pearson	BCCIP_HepG2	4	0.32242	0.33475	0.01233	3.8242
rc10_peak	pearson	BCLAF1_HepG2	4	0.4158	0.35641	-0.059393	-14.284
rc10_peak	pearson	BUD13_HepG2	3	0.31922	0.32907	0.0098513	3.086
rc10_peak	pearson	BUD13_K562	4	0.35307	0.36112	0.008053	2.2809
rc10_peak	pearson	CDC40_HepG2	1	0.20452	0.21497	0.010452	5.1104
rc10_peak	pearson	CPEB4_K562	1	0.15336	0.17035	0.016996	11.083
rc10_peak	pearson	CPSF6_K562	2	0.23154	0.24904	0.017508	7.5618
rc10_peak	pearson	CSTF2T_HepG2	3	0.27792	0.2828	0.0048784	1.7553
rc10_peak	pearson	CSTF2T_K562	2	0.25199	0.2538	0.0018068	0.717
rc10_peak	pearson	CSTF2_HepG2	1	0.17869	0.20708	0.028384	15.884
rc10_peak	pearson	DDX21_K562	1	0.15847	0.2009	0.042434	26.778
rc10_peak	pearson	DDX24_K562	4	0.32971	0.34994	0.020227	6.1346
rc10_peak	pearson	DDX3X_HepG2	2	0.23844	0.26324	0.024797	10.399
rc10_peak	pearson	DDX3X_K562	3	0.26576	0.30033	0.034572	13.009
rc10_peak	pearson	DDX42_K562	3	0.26924	0.28224	0.013001	4.8288
rc10_peak	pearson	DDX51_K562	1	0.17968	0.19929	0.019617	10.918
rc10_peak	pearson	DDX52_HepG2	2	0.25502	0.267	0.011976	4.696
rc10_peak	pearson	DDX52_K562	2	0.2341	0.24762	0.013527	5.7783
rc10_peak	pearson	DDX55_HepG2	2	0.22262	0.25153	0.028915	12.989
rc10_peak	pearson	DDX55_K562	3	0.26069	0.28223	0.021538	8.2617
rc10_peak	pearson	DDX59_HepG2	1	0.21035	0.22523	0.014881	7.0743
rc10_peak	pearson	DDX6_HepG2	1	0.17021	0.19897	0.02876	16.897
rc10_peak	pearson	DDX6_K562	2	0.23171	0.2516	0.019885	8.5818
rc10_peak	pearson	DGCR8_HepG2	2	0.24527	0.255	0.0097328	3.9682
rc10_peak	pearson	DGCR8_K562	1	0.2028	0.21919	0.016388	8.0805
rc10_peak	pearson	DHX30_HepG2	1	0.20677	0.22272	0.015954	7.7158
rc10_peak	pearson	DHX30_K562	1	0.18249	0.19929	0.016802	9.2072
rc10_peak	pearson	DKC1_HepG2	1	0.20407	0.27522	0.07115	34.866
rc10_peak	pearson	DROSHA_HepG2	1	0.19947	0.20464	0.0051675	2.5906
rc10_peak	pearson	DROSHA_K562	3	0.26969	0.27774	0.0080471	2.9838
rc10_peak	pearson	EFTUD2_HepG2	2	0.22167	0.23404	0.012368	5.5792
rc10_peak	pearson	EFTUD2_K562	2	0.23621	0.24881	0.012603	5.3356
rc10_peak	pearson	EIF3D_HepG2	3	0.26897	0.27433	0.0053549	1.9909
rc10_peak	pearson	EIF3G_K562	1	0.21246	0.24716	0.034701	16.333
rc10_peak	pearson	EIF3H_HepG2	3	0.27463	0.27244	-0.0021937	-0.79878
rc10_peak	pearson	EIF4G2_K562	3	0.26456	0.28313	0.018575	7.0211
rc10_peak	pearson	EWSR1_K562	2	0.25613	0.26407	0.0079342	3.0977
rc10_peak	pearson	EXOSC5_HepG2	1	0.17554	0.23149	0.055956	31.877
rc10_peak	pearson	EXOSC5_K562	4	0.33182	0.34484	0.013025	3.9254
rc10_peak	pearson	FAM120A_HepG2	4	0.33473	0.34423	0.0094995	2.838
rc10_peak	pearson	FAM120A_K562	2	0.2343	0.26207	0.027764	11.85
rc10_peak	pearson	FASTKD2_HepG2	3	0.27201	0.28607	0.014067	5.1717
rc10_peak	pearson	FASTKD2_K562	2	0.2314	0.24875	0.01735	7.4979
rc10_peak	pearson	FKBP4_HepG2	2	0.23299	0.25392	0.020935	8.9856
rc10_peak	pearson	FMR1_K562	4	0.3911	0.41038	0.019275	4.9283
rc10_peak	pearson	FTO_HepG2	2	0.21369	0.27895	0.065252	30.535
rc10_peak	pearson	FTO_K562	2	0.25165	0.26538	0.013731	5.4565
rc10_peak	pearson	FUBP3_HepG2	2	0.25601	0.26847	0.012455	4.8652
rc10_peak	pearson	FUS_HepG2	3	0.27457	0.27634	0.0017743	0.64621
rc10_peak	pearson	FUS_K562	2	0.24054	0.24114	0.00059862	0.24887
rc10_peak	pearson	FXR1_K562	4	0.32202	0.32333	0.0013076	0.40606
rc10_peak	pearson	FXR2_HepG2	3	0.28874	0.31006	0.021313	7.3814
rc10_peak	pearson	FXR2_K562	4	0.38939	0.40662	0.017224	4.4234
rc10_peak	pearson	G3BP1_HepG2	4	0.34488	0.3549	0.010022	2.9059
rc10_peak	pearson	GEMIN5_K562	1	0.19129	0.21137	0.020079	10.497
rc10_peak	pearson	GNL3_K562	1	0.20679	0.24658	0.039789	19.241
rc10_peak	pearson	GPKOW_K562	3	0.28539	0.29768	0.01229	4.3065
rc10_peak	pearson	GRSF1_HepG2	1	0.19267	0.21662	0.023946	12.428
rc10_peak	pearson	GRWD1_HepG2	4	0.39035	0.39655	0.0062029	1.5891
rc10_peak	pearson	GRWD1_K562	4	0.38144	0.38822	0.0067834	1.7784
rc10_peak	pearson	GTF2F1_HepG2	2	0.24838	0.26126	0.012876	5.1841
rc10_peak	pearson	GTF2F1_K562	2	0.25491	0.26969	0.014779	5.7979
rc10_peak	pearson	HLTF_HepG2	3	0.27661	0.28124	0.0046355	1.6759
rc10_peak	pearson	HLTF_K562	3	0.28596	0.29559	0.0096266	3.3664
rc10_peak	pearson	HNRNPA1_HepG2	4	0.36667	0.35669	-0.0099744	-2.7203
rc10_peak	pearson	HNRNPA1_K562	4	0.32339	0.31574	-0.0076442	-2.3638
rc10_peak	pearson	HNRNPC_HepG2	4	0.48321	0.48013	-0.0030767	-0.63673
rc10_peak	pearson	HNRNPC_K562	4	0.4646	0.46238	-0.0022145	-0.47666
rc10_peak	pearson	HNRNPK_HepG2	4	0.35714	0.34698	-0.010165	-2.8464
rc10_peak	pearson	HNRNPK_K562	3	0.29064	0.28648	-0.0041607	-1.4316
rc10_peak	pearson	HNRNPL_HepG2	3	0.29083	0.29165	0.00081617	0.28063
rc10_peak	pearson	HNRNPL_K562	4	0.32501	0.32118	-0.0038325	-1.1792
rc10_peak	pearson	HNRNPM_HepG2	4	0.34982	0.3442	-0.005624	-1.6077
rc10_peak	pearson	HNRNPM_K562	4	0.35652	0.35603	-0.00049251	-0.13814
rc10_peak	pearson	HNRNPUL1_HepG2	1	0.19063	0.19926	0.0086374	4.5311
rc10_peak	pearson	HNRNPUL1_K562	2	0.2219	0.22516	0.0032602	1.4692
rc10_peak	pearson	HNRNPU_HepG2	2	0.21788	0.22552	0.0076444	3.5086
rc10_peak	pearson	HNRNPU_K562	3	0.28948	0.30618	0.016703	5.77
rc10_peak	pearson	IGF2BP1_HepG2	4	0.3344	0.35474	0.020347	6.0847
rc10_peak	pearson	IGF2BP1_K562	4	0.35176	0.36836	0.016599	4.7189
rc10_peak	pearson	IGF2BP2_K562	4	0.35522	0.37474	0.019526	5.497
rc10_peak	pearson	IGF2BP3_HepG2	4	0.33561	0.34713	0.011525	3.4339
rc10_peak	pearson	ILF3_HepG2	4	0.31958	0.3017	-0.01788	-5.5949
rc10_peak	pearson	ILF3_K562	3	0.30196	0.30527	0.0033148	1.0978
rc10_peak	pearson	KHDRBS1_K562	4	0.35709	0.35179	-0.0053028	-1.485
rc10_peak	pearson	KHSRP_HepG2	3	0.28818	0.28917	0.00098941	0.34333
rc10_peak	pearson	KHSRP_K562	4	0.38372	0.38289	-0.00082803	-0.21579
rc10_peak	pearson	LARP4_HepG2	2	0.23008	0.24435	0.014266	6.2006
rc10_peak	pearson	LARP4_K562	2	0.22692	0.24155	0.01463	6.4475
rc10_peak	pearson	LARP7_HepG2	1	0.1292	0.19604	0.066842	51.736
rc10_peak	pearson	LARP7_K562	1	0.16898	0.20793	0.038954	23.053
rc10_peak	pearson	LIN28B_HepG2	3	0.29172	0.31434	0.022618	7.7533
rc10_peak	pearson	LIN28B_K562	3	0.30222	0.3137	0.011481	3.7989
rc10_peak	pearson	LSM11_HepG2	3	0.27025	0.28132	0.01107	4.0961
rc10_peak	pearson	LSM11_K562	2	0.26028	0.27547	0.015191	5.8366
rc10_peak	pearson	MATR3_HepG2	3	0.26396	0.26539	0.0014297	0.54163
rc10_peak	pearson	MATR3_K562	3	0.29722	0.30238	0.0051596	1.7359
rc10_peak	pearson	METAP2_K562	3	0.26754	0.28404	0.016506	6.1698
rc10_peak	pearson	MTPAP_K562	2	0.25393	0.26507	0.01114	4.3872
rc10_peak	pearson	NCBP2_HepG2	2	0.23478	0.24523	0.010449	4.4505
rc10_peak	pearson	NCBP2_K562	1	0.20879	0.24092	0.032133	15.39
rc10_peak	pearson	NIP7_HepG2	1	0.15307	0.24556	0.092493	60.426
rc10_peak	pearson	NIPBL_K562	2	0.22689	0.24309	0.016198	7.1393
rc10_peak	pearson	NKRF_HepG2	3	0.28492	0.29476	0.0098389	3.4532
rc10_peak	pearson	NOL12_HepG2	2	0.23064	0.27926	0.048627	21.084
rc10_peak	pearson	NOLC1_HepG2	1	0.18484	0.26171	0.076863	41.582
rc10_peak	pearson	NOLC1_K562	2	0.24611	0.26756	0.021457	8.7186
rc10_peak	pearson	NONO_K562	3	0.30502	0.30298	-0.0020395	-0.66866
rc10_peak	pearson	NPM1_K562	1	0.20311	0.24825	0.045141	22.225
rc10_peak	pearson	NSUN2_K562	2	0.21597	0.24902	0.033057	15.307
rc10_peak	pearson	PABPC4_K562	3	0.27827	0.32175	0.043475	15.623
rc10_peak	pearson	PABPN1_HepG2	2	0.25447	0.27236	0.017884	7.0279
rc10_peak	pearson	PCBP1_HepG2	1	0.18308	0.2469	0.063821	34.86
rc10_peak	pearson	PCBP1_K562	1	0.20462	0.24647	0.041851	20.453
rc10_peak	pearson	PCBP2_HepG2	4	0.32856	0.33115	0.0025928	0.78913
rc10_peak	pearson	PHF6_K562	1	0.17415	0.20649	0.032336	18.568
rc10_peak	pearson	POLR2G_HepG2	3	0.28179	0.29239	0.010608	3.7645
rc10_peak	pearson	PPIG_HepG2	4	0.42477	0.42731	0.0025434	0.59878
rc10_peak	pearson	PPIL4_K562	3	0.27245	0.29269	0.020238	7.428
rc10_peak	pearson	PRPF4_HepG2	4	0.34554	0.34895	0.0034088	0.98653
rc10_peak	pearson	PRPF8_HepG2	4	0.49141	0.48816	-0.0032473	-0.66082
rc10_peak	pearson	PRPF8_K562	4	0.36757	0.37003	0.002461	0.66951
rc10_peak	pearson	PTBP1_HepG2	3	0.30125	0.31572	0.014464	4.8013
rc10_peak	pearson	PTBP1_K562	3	0.31605	0.33513	0.019076	6.0358
rc10_peak	pearson	PUM1_K562	3	0.31002	0.32235	0.012333	3.9782
rc10_peak	pearson	PUM2_K562	3	0.26163	0.25237	-0.0092663	-3.5417
rc10_peak	pearson	PUS1_K562	2	0.21764	0.24401	0.026366	12.115
rc10_peak	pearson	QKI_HepG2	4	0.3244	0.31731	-0.0070923	-2.1863
rc10_peak	pearson	QKI_K562	2	0.2532	0.25106	-0.0021337	-0.84271
rc10_peak	pearson	RBFOX2_HepG2	4	0.35167	0.3507	-0.0009712	-0.27617
rc10_peak	pearson	RBFOX2_K562	3	0.27649	0.27986	0.00337	1.2188
rc10_peak	pearson	RBM15_HepG2	2	0.24855	0.25631	0.0077594	3.1218
rc10_peak	pearson	RBM15_K562	4	0.37058	0.37984	0.0092639	2.4998
rc10_peak	pearson	RBM22_HepG2	2	0.25692	0.25916	0.0022391	0.87154
rc10_peak	pearson	RBM22_K562	4	0.39299	0.3889	-0.0040904	-1.0408
rc10_peak	pearson	RBM5_HepG2	3	0.26994	0.2741	0.0041592	1.5408
rc10_peak	pearson	RPS11_K562	1	0.1689	0.23255	0.063645	37.681
rc10_peak	pearson	RPS3_HepG2	3	0.28919	0.33064	0.041451	14.334
rc10_peak	pearson	RPS3_K562	2	0.23204	0.2811	0.049059	21.142
rc10_peak	pearson	SAFB2_K562	2	0.24175	0.25017	0.008427	3.4859
rc10_peak	pearson	SAFB_HepG2	3	0.26151	0.27178	0.010269	3.9268
rc10_peak	pearson	SAFB_K562	3	0.30365	0.31209	0.008437	2.7785
rc10_peak	pearson	SBDS_K562	1	0.19063	0.27964	0.089011	46.693
rc10_peak	pearson	SDAD1_HepG2	2	0.23868	0.28712	0.048437	20.294
rc10_peak	pearson	SDAD1_K562	1	0.13509	0.17809	0.042995	31.826
rc10_peak	pearson	SERBP1_K562	1	0.13814	0.17982	0.04168	30.172
rc10_peak	pearson	SF3A3_HepG2	3	0.26362	0.2726	0.0089867	3.409
rc10_peak	pearson	SF3B1_K562	1	0.16113	0.17148	0.010349	6.423
rc10_peak	pearson	SF3B4_HepG2	4	0.41524	0.40616	-0.0090839	-2.1876
rc10_peak	pearson	SF3B4_K562	4	0.35971	0.359	-0.00071102	-0.19766
rc10_peak	pearson	SFPQ_HepG2	2	0.23643	0.22701	-0.0094223	-3.9852
rc10_peak	pearson	SLBP_K562	1	0.12943	0.16507	0.035637	27.534
rc10_peak	pearson	SLTM_HepG2	2	0.25842	0.26705	0.0086232	3.3368
rc10_peak	pearson	SLTM_K562	3	0.2959	0.30316	0.0072619	2.4541
rc10_peak	pearson	SMNDC1_HepG2	1	0.19013	0.22811	0.037977	19.974
rc10_peak	pearson	SMNDC1_K562	2	0.25791	0.28294	0.025033	9.706
rc10_peak	pearson	SND1_HepG2	4	0.32279	0.35353	0.030733	9.5208
rc10_peak	pearson	SND1_K562	3	0.28827	0.29094	0.0026742	0.92769
rc10_peak	pearson	SRSF1_HepG2	4	0.35113	0.34912	-0.002005	-0.57103
rc10_peak	pearson	SRSF1_K562	3	0.28448	0.28661	0.0021294	0.74853
rc10_peak	pearson	SRSF7_HepG2	2	0.22145	0.32237	0.10092	45.575
rc10_peak	pearson	SRSF7_K562	2	0.21705	0.31274	0.095689	44.085
rc10_peak	pearson	SRSF9_HepG2	3	0.30868	0.31423	0.0055527	1.7989
rc10_peak	pearson	SSB_HepG2	2	0.22858	0.24109	0.012512	5.4738
rc10_peak	pearson	SSB_K562	1	0.12176	0.15668	0.034923	28.681
rc10_peak	pearson	STAU2_HepG2	4	0.34042	0.346	0.0055787	1.6387
rc10_peak	pearson	SUB1_HepG2	1	0.20481	0.22561	0.020802	10.157
rc10_peak	pearson	SUGP2_HepG2	4	0.32975	0.33243	0.0026834	0.81379
rc10_peak	pearson	SUPV3L1_HepG2	1	0.19508	0.21484	0.019756	10.127
rc10_peak	pearson	SUPV3L1_K562	1	0.15989	0.17669	0.016799	10.506
rc10_peak	pearson	TAF15_HepG2	3	0.28232	0.26628	-0.016042	-5.6823
rc10_peak	pearson	TAF15_K562	2	0.25913	0.26548	0.006346	2.4489
rc10_peak	pearson	TARDBP_K562	4	0.49131	0.48356	-0.0077487	-1.5771
rc10_peak	pearson	TBRG4_HepG2	1	0.1078	0.12283	0.015033	13.946
rc10_peak	pearson	TBRG4_K562	1	0.21063	0.22502	0.014385	6.8294
rc10_peak	pearson	TIA1_HepG2	4	0.36729	0.36271	-0.0045868	-1.2488
rc10_peak	pearson	TIA1_K562	4	0.34197	0.33859	-0.0033828	-0.98919
rc10_peak	pearson	TIAL1_HepG2	4	0.31986	0.32495	0.0050883	1.5908
rc10_peak	pearson	TRA2A_HepG2	2	0.24129	0.27921	0.037926	15.718
rc10_peak	pearson	TRA2A_K562	3	0.26605	0.32496	0.058907	22.141
rc10_peak	pearson	TROVE2_HepG2	3	0.28008	0.28996	0.0098753	3.5259
rc10_peak	pearson	TROVE2_K562	3	0.28442	0.29268	0.0082648	2.9058
rc10_peak	pearson	U2AF1_HepG2	4	0.34603	0.35009	0.0040579	1.1727
rc10_peak	pearson	U2AF1_K562	4	0.37849	0.39636	0.017875	4.7228
rc10_peak	pearson	U2AF2_HepG2	4	0.36824	0.36541	-0.0028237	-0.7668
rc10_peak	pearson	U2AF2_K562	4	0.44864	0.45305	0.0044125	0.98353
rc10_peak	pearson	UCHL5_HepG2	4	0.34165	0.34596	0.0043141	1.2627
rc10_peak	pearson	UCHL5_K562	4	0.32757	0.33317	0.0055958	1.7083
rc10_peak	pearson	UPF1_HepG2	2	0.23716	0.29418	0.057022	24.044
rc10_peak	pearson	UPF1_K562	3	0.26346	0.2936	0.030147	11.443
rc10_peak	pearson	UTP18_HepG2	1	0.17317	0.20904	0.035873	20.716
rc10_peak	pearson	UTP18_K562	1	0.16009	0.19638	0.03629	22.669
rc10_peak	pearson	UTP3_K562	1	0.10217	0.12354	0.021378	20.925
rc10_peak	pearson	WDR3_K562	1	0.15704	0.17563	0.018596	11.842
rc10_peak	pearson	WDR43_HepG2	1	0.18814	0.22931	0.041176	21.886
rc10_peak	pearson	WDR43_K562	1	0.16758	0.20028	0.032699	19.513
rc10_peak	pearson	WRN_K562	1	0.20669	0.22254	0.015846	7.6667
rc10_peak	pearson	XPO5_HepG2	1	0.19432	0.1994	0.0050798	2.6141
rc10_peak	pearson	XRCC6_HepG2	2	0.22378	0.23939	0.015614	6.9775
rc10_peak	pearson	XRCC6_K562	3	0.29883	0.31096	0.012121	4.0563
rc10_peak	pearson	XRN2_HepG2	3	0.31676	0.30768	-0.0090838	-2.8677
rc10_peak	pearson	XRN2_K562	3	0.27002	0.2845	0.014488	5.3657
rc10_peak	pearson	YBX3_HepG2	1	0.20949	0.35897	0.14948	71.355
rc10_peak	pearson	YBX3_K562	4	0.44984	0.45955	0.0097087	2.1583
rc10_peak	pearson	YWHAG_K562	2	0.23124	0.26207	0.030826	13.331
rc10_peak	pearson	ZC3H11A_HepG2	2	0.2391	0.24278	0.0036826	1.5402
rc10_peak	pearson	ZC3H11A_K562	1	0.20395	0.21836	0.014405	7.063
rc10_peak	pearson	ZC3H8_K562	1	0.13814	0.16066	0.02252	16.302
rc10_peak	pearson	ZNF622_K562	4	0.37569	0.38003	0.004339	1.1549
rc10_peak	pearson	ZNF800_HepG2	3	0.31422	0.33479	0.020571	6.5467
rc10_peak	pearson	ZNF800_K562	3	0.27074	0.2961	0.025353	9.3644
rc10_peak	pearson	ZRANB2_K562	1	0.20454	0.21598	0.011444	5.5948
rc10_peak	spearman	AARS_K562	1	0.14009	0.14676	0.0066701	4.7613
rc10_peak	spearman	AATF_K562	1	0.16011	0.16657	0.00646	4.0346
rc10_peak	spearman	ABCF1_K562	1	0.12537	0.1596	0.034236	27.308
rc10_peak	spearman	AGGF1_HepG2	2	0.18484	0.2006	0.015765	8.5291
rc10_peak	spearman	AGGF1_K562	2	0.18802	0.19332	0.0053019	2.8199
rc10_peak	spearman	AKAP1_HepG2	2	0.16435	0.18178	0.017433	10.607
rc10_peak	spearman	AKAP1_K562	1	0.12341	0.13765	0.014242	11.54
rc10_peak	spearman	AKAP8L_K562	2	0.16664	0.1722	0.005564	3.339
rc10_peak	spearman	APOBEC3C_K562	2	0.17064	0.18905	0.018408	10.787
rc10_peak	spearman	AQR_HepG2	3	0.19898	0.22978	0.030792	15.474
rc10_peak	spearman	AQR_K562	2	0.18717	0.18994	0.0027665	1.478
rc10_peak	spearman	BCCIP_HepG2	3	0.20827	0.2135	0.0052243	2.5084
rc10_peak	spearman	BCLAF1_HepG2	4	0.28574	0.27098	-0.014763	-5.1664
rc10_peak	spearman	BUD13_HepG2	4	0.23359	0.23774	0.0041543	1.7785
rc10_peak	spearman	BUD13_K562	4	0.24992	0.25346	0.0035416	1.4171
rc10_peak	spearman	CDC40_HepG2	1	0.15908	0.16399	0.0049053	3.0835
rc10_peak	spearman	CPEB4_K562	1	0.12268	0.13195	0.009263	7.5502
rc10_peak	spearman	CPSF6_K562	2	0.17378	0.18115	0.0073662	4.2388
rc10_peak	spearman	CSTF2T_HepG2	3	0.21067	0.21233	0.0016608	0.78833
rc10_peak	spearman	CSTF2T_K562	3	0.19063	0.19352	0.0028958	1.5191
rc10_peak	spearman	CSTF2_HepG2	2	0.16968	0.17721	0.0075324	4.4392
rc10_peak	spearman	DDX21_K562	1	0.13312	0.15666	0.02354	17.684
rc10_peak	spearman	DDX24_K562	4	0.23103	0.2397	0.0086706	3.753
rc10_peak	spearman	DDX3X_HepG2	2	0.18374	0.19574	0.012001	6.5314
rc10_peak	spearman	DDX3X_K562	3	0.19883	0.2116	0.012763	6.4192
rc10_peak	spearman	DDX42_K562	2	0.18109	0.18554	0.0044496	2.4572
rc10_peak	spearman	DDX51_K562	1	0.14289	0.15137	0.0084753	5.9313
rc10_peak	spearman	DDX52_HepG2	2	0.18338	0.18863	0.0052475	2.8616
rc10_peak	spearman	DDX52_K562	1	0.15738	0.16579	0.0084128	5.3455
rc10_peak	spearman	DDX55_HepG2	2	0.17123	0.18497	0.013748	8.0294
rc10_peak	spearman	DDX55_K562	2	0.18287	0.1923	0.0094311	5.1574
rc10_peak	spearman	DDX59_HepG2	1	0.16025	0.16796	0.0077129	4.813
rc10_peak	spearman	DDX6_HepG2	1	0.14158	0.15702	0.015436	10.903
rc10_peak	spearman	DDX6_K562	2	0.17167	0.1799	0.0082257	4.7915
rc10_peak	spearman	DGCR8_HepG2	3	0.18811	0.19307	0.0049671	2.6406
rc10_peak	spearman	DGCR8_K562	1	0.16263	0.16877	0.0061424	3.7769
rc10_peak	spearman	DHX30_HepG2	1	0.15888	0.16683	0.0079493	5.0034
rc10_peak	spearman	DHX30_K562	1	0.14351	0.15269	0.0091803	6.3971
rc10_peak	spearman	DKC1_HepG2	1	0.1589	0.1921	0.033194	20.89
rc10_peak	spearman	DROSHA_HepG2	1	0.15977	0.16238	0.0026062	1.6312
rc10_peak	spearman	DROSHA_K562	2	0.17627	0.17972	0.0034545	1.9598
rc10_peak	spearman	EFTUD2_HepG2	2	0.17824	0.18398	0.0057403	3.2205
rc10_peak	spearman	EFTUD2_K562	2	0.17396	0.17999	0.0060297	3.4662
rc10_peak	spearman	EIF3D_HepG2	3	0.19875	0.20133	0.002572	1.2941
rc10_peak	spearman	EIF3G_K562	1	0.15073	0.16692	0.016192	10.742
rc10_peak	spearman	EIF3H_HepG2	3	0.19707	0.19951	0.0024403	1.2383
rc10_peak	spearman	EIF4G2_K562	3	0.1884	0.19605	0.0076441	4.0574
rc10_peak	spearman	EWSR1_K562	3	0.19595	0.19935	0.0033978	1.734
rc10_peak	spearman	EXOSC5_HepG2	1	0.14713	0.17659	0.029459	20.022
rc10_peak	spearman	EXOSC5_K562	4	0.21971	0.22612	0.0064076	2.9164
rc10_peak	spearman	FAM120A_HepG2	4	0.23179	0.23539	0.0036019	1.5539
rc10_peak	spearman	FAM120A_K562	3	0.19056	0.20346	0.012903	6.7713
rc10_peak	spearman	FASTKD2_HepG2	3	0.20076	0.20684	0.0060738	3.0254
rc10_peak	spearman	FASTKD2_K562	2	0.16659	0.17468	0.008089	4.8555
rc10_peak	spearman	FKBP4_HepG2	2	0.1709	0.17852	0.0076179	4.4575
rc10_peak	spearman	FMR1_K562	4	0.25226	0.26161	0.0093589	3.7101
rc10_peak	spearman	FTO_HepG2	2	0.16766	0.19909	0.031427	18.745
rc10_peak	spearman	FTO_K562	2	0.16874	0.17556	0.0068162	4.0395
rc10_peak	spearman	FUBP3_HepG2	2	0.18167	0.18614	0.0044704	2.4608
rc10_peak	spearman	FUS_HepG2	3	0.20599	0.20741	0.0014182	0.68846
rc10_peak	spearman	FUS_K562	3	0.1894	0.18978	0.00037852	0.19985
rc10_peak	spearman	FXR1_K562	4	0.2181	0.21846	0.00035957	0.16486
rc10_peak	spearman	FXR2_HepG2	4	0.21966	0.23	0.010338	4.7064
rc10_peak	spearman	FXR2_K562	4	0.25527	0.26111	0.0058444	2.2895
rc10_peak	spearman	G3BP1_HepG2	4	0.25374	0.25753	0.0037879	1.4928
rc10_peak	spearman	GEMIN5_K562	1	0.14998	0.15845	0.0084664	5.645
rc10_peak	spearman	GNL3_K562	1	0.15704	0.17167	0.01463	9.3161
rc10_peak	spearman	GPKOW_K562	2	0.18074	0.18681	0.0060689	3.3578
rc10_peak	spearman	GRSF1_HepG2	1	0.15647	0.16855	0.012087	7.7251
rc10_peak	spearman	GRWD1_HepG2	4	0.2824	0.2844	0.0019986	0.70773
rc10_peak	spearman	GRWD1_K562	4	0.27284	0.27571	0.0028708	1.0522
rc10_peak	spearman	GTF2F1_HepG2	2	0.18578	0.19265	0.0068715	3.6988
rc10_peak	spearman	GTF2F1_K562	2	0.18136	0.18789	0.0065309	3.601
rc10_peak	spearman	HLTF_HepG2	3	0.20521	0.20759	0.0023853	1.1624
rc10_peak	spearman	HLTF_K562	3	0.21234	0.21665	0.0043042	2.027
rc10_peak	spearman	HNRNPA1_HepG2	4	0.22888	0.2264	-0.0024811	-1.084
rc10_peak	spearman	HNRNPA1_K562	3	0.20463	0.20309	-0.001543	-0.75405
rc10_peak	spearman	HNRNPC_HepG2	4	0.24717	0.24636	-0.00080702	-0.3265
rc10_peak	spearman	HNRNPC_K562	4	0.24545	0.24427	-0.0011788	-0.48026
rc10_peak	spearman	HNRNPK_HepG2	4	0.2234	0.22201	-0.0013929	-0.62349
rc10_peak	spearman	HNRNPK_K562	3	0.20046	0.20107	0.00060472	0.30166
rc10_peak	spearman	HNRNPL_HepG2	3	0.20517	0.20564	0.00047354	0.2308
rc10_peak	spearman	HNRNPL_K562	4	0.22173	0.22127	-0.00046094	-0.20788
rc10_peak	spearman	HNRNPM_HepG2	4	0.2401	0.23904	-0.0010613	-0.44202
rc10_peak	spearman	HNRNPM_K562	4	0.22833	0.23003	0.0016941	0.74194
rc10_peak	spearman	HNRNPUL1_HepG2	2	0.16818	0.17298	0.0048033	2.8561
rc10_peak	spearman	HNRNPUL1_K562	2	0.1701	0.17168	0.001583	0.93067
rc10_peak	spearman	HNRNPU_HepG2	2	0.18416	0.18769	0.0035337	1.9189
rc10_peak	spearman	HNRNPU_K562	4	0.22122	0.2282	0.0069894	3.1596
rc10_peak	spearman	IGF2BP1_HepG2	4	0.23161	0.23889	0.0072774	3.1421
rc10_peak	spearman	IGF2BP1_K562	4	0.25046	0.2575	0.0070427	2.8119
rc10_peak	spearman	IGF2BP2_K562	4	0.23915	0.24699	0.0078447	3.2803
rc10_peak	spearman	IGF2BP3_HepG2	4	0.23413	0.23887	0.0047403	2.0247
rc10_peak	spearman	ILF3_HepG2	4	0.21586	0.21202	-0.0038444	-1.7809
rc10_peak	spearman	ILF3_K562	3	0.20195	0.2039	0.0019498	0.96545
rc10_peak	spearman	KHDRBS1_K562	4	0.22894	0.22878	-0.00015499	-0.067698
rc10_peak	spearman	KHSRP_HepG2	3	0.20983	0.21096	0.0011324	0.53969
rc10_peak	spearman	KHSRP_K562	4	0.27181	0.27166	-0.00015581	-0.057321
rc10_peak	spearman	LARP4_HepG2	2	0.17203	0.17855	0.0065182	3.789
rc10_peak	spearman	LARP4_K562	2	0.16521	0.1721	0.0068918	4.1715
rc10_peak	spearman	LARP7_HepG2	1	0.12001	0.15693	0.036915	30.76
rc10_peak	spearman	LARP7_K562	1	0.13749	0.15576	0.018273	13.29
rc10_peak	spearman	LIN28B_HepG2	3	0.20629	0.21692	0.010633	5.1546
rc10_peak	spearman	LIN28B_K562	3	0.20121	0.20831	0.0070954	3.5263
rc10_peak	spearman	LSM11_HepG2	3	0.19941	0.20463	0.005224	2.6198
rc10_peak	spearman	LSM11_K562	2	0.18365	0.19007	0.0064262	3.4992
rc10_peak	spearman	MATR3_HepG2	3	0.19925	0.20021	0.00095841	0.48101
rc10_peak	spearman	MATR3_K562	3	0.20848	0.21044	0.0019639	0.94202
rc10_peak	spearman	METAP2_K562	3	0.19138	0.19898	0.0076031	3.9728
rc10_peak	spearman	MTPAP_K562	2	0.18585	0.19097	0.005116	2.7528
rc10_peak	spearman	NCBP2_HepG2	2	0.17693	0.18161	0.0046874	2.6493
rc10_peak	spearman	NCBP2_K562	1	0.15913	0.17373	0.014599	9.1744
rc10_peak	spearman	NIP7_HepG2	1	0.14179	0.19643	0.054634	38.531
rc10_peak	spearman	NIPBL_K562	2	0.16936	0.17663	0.0072651	4.2896
rc10_peak	spearman	NKRF_HepG2	3	0.19897	0.20363	0.0046666	2.3454
rc10_peak	spearman	NOL12_HepG2	2	0.17348	0.19469	0.021217	12.231
rc10_peak	spearman	NOLC1_HepG2	1	0.15424	0.19793	0.04369	28.326
rc10_peak	spearman	NOLC1_K562	2	0.18016	0.19026	0.0101	5.6063
rc10_peak	spearman	NONO_K562	4	0.22502	0.2248	-0.00022009	-0.09781
rc10_peak	spearman	NPM1_K562	1	0.14993	0.16761	0.017684	11.795
rc10_peak	spearman	NSUN2_K562	1	0.14109	0.15481	0.013717	9.7219
rc10_peak	spearman	PABPC4_K562	3	0.20947	0.22862	0.019151	9.1427
rc10_peak	spearman	PABPN1_HepG2	3	0.19402	0.2024	0.0083832	4.3209
rc10_peak	spearman	PCBP1_HepG2	1	0.14734	0.18777	0.040429	27.439
rc10_peak	spearman	PCBP1_K562	1	0.15734	0.1783	0.020961	13.322
rc10_peak	spearman	PCBP2_HepG2	4	0.22159	0.22322	0.0016299	0.73556
rc10_peak	spearman	PHF6_K562	1	0.13879	0.15621	0.017423	12.554
rc10_peak	spearman	POLR2G_HepG2	2	0.17837	0.18315	0.0047773	2.6783
rc10_peak	spearman	PPIG_HepG2	4	0.28796	0.28878	0.00082228	0.28555
rc10_peak	spearman	PPIL4_K562	3	0.19087	0.19964	0.0087689	4.5942
rc10_peak	spearman	PRPF4_HepG2	4	0.24672	0.24861	0.00189	0.76606
rc10_peak	spearman	PRPF8_HepG2	4	0.26121	0.26312	0.0019078	0.73037
rc10_peak	spearman	PRPF8_K562	4	0.24125	0.24284	0.0015863	0.65753
rc10_peak	spearman	PTBP1_HepG2	3	0.20905	0.21604	0.00699	3.3437
rc10_peak	spearman	PTBP1_K562	3	0.20334	0.21245	0.0091159	4.4832
rc10_peak	spearman	PUM1_K562	4	0.21957	0.22516	0.005587	2.5445
rc10_peak	spearman	PUM2_K562	2	0.18206	0.17855	-0.0035111	-1.9285
rc10_peak	spearman	PUS1_K562	1	0.15133	0.16301	0.011677	7.7162
rc10_peak	spearman	QKI_HepG2	3	0.21088	0.21008	-0.00079872	-0.37875
rc10_peak	spearman	QKI_K562	2	0.16881	0.17021	0.0013963	0.8271
rc10_peak	spearman	RBFOX2_HepG2	4	0.21771	0.21818	0.00046812	0.21502
rc10_peak	spearman	RBFOX2_K562	3	0.19336	0.19499	0.0016398	0.84809
rc10_peak	spearman	RBM15_HepG2	2	0.17862	0.18256	0.0039431	2.2076
rc10_peak	spearman	RBM15_K562	4	0.22516	0.22975	0.0045887	2.0379
rc10_peak	spearman	RBM22_HepG2	2	0.18327	0.18606	0.0027912	1.523
rc10_peak	spearman	RBM22_K562	1	0.15872	0.16444	0.0057219	3.6051
rc10_peak	spearman	RBM5_HepG2	3	0.19025	0.19213	0.0018738	0.98489
rc10_peak	spearman	RPS11_K562	1	0.13747	0.16808	0.030606	22.263
rc10_peak	spearman	RPS3_HepG2	4	0.21698	0.23629	0.019309	8.8989
rc10_peak	spearman	RPS3_K562	2	0.17593	0.19855	0.022617	12.855
rc10_peak	spearman	SAFB2_K562	3	0.18966	0.194	0.0043412	2.2889
rc10_peak	spearman	SAFB_HepG2	3	0.19231	0.19657	0.0042645	2.2175
rc10_peak	spearman	SAFB_K562	3	0.20444	0.20828	0.0038329	1.8748
rc10_peak	spearman	SBDS_K562	1	0.15181	0.18391	0.032096	21.142
rc10_peak	spearman	SDAD1_HepG2	2	0.1813	0.20492	0.023618	13.027
rc10_peak	spearman	SDAD1_K562	1	0.12063	0.14278	0.022151	18.363
rc10_peak	spearman	SERBP1_K562	1	0.11962	0.1445	0.024878	20.798
rc10_peak	spearman	SF3A3_HepG2	2	0.18185	0.18941	0.0075654	4.1603
rc10_peak	spearman	SF3B1_K562	1	0.11936	0.12409	0.0047232	3.957
rc10_peak	spearman	SF3B4_HepG2	4	0.24163	0.24213	0.00049731	0.20582
rc10_peak	spearman	SF3B4_K562	4	0.21279	0.21532	0.0025294	1.1887
rc10_peak	spearman	SFPQ_HepG2	2	0.18657	0.18438	-0.002181	-1.169
rc10_peak	spearman	SLBP_K562	1	0.12288	0.12802	0.0051429	4.1853
rc10_peak	spearman	SLTM_HepG2	3	0.18983	0.19307	0.0032438	1.7088
rc10_peak	spearman	SLTM_K562	3	0.20628	0.20877	0.0024912	1.2077
rc10_peak	spearman	SMNDC1_HepG2	1	0.15614	0.17266	0.016525	10.584
rc10_peak	spearman	SMNDC1_K562	3	0.19021	0.20078	0.010563	5.5531
rc10_peak	spearman	SND1_HepG2	4	0.2291	0.24015	0.011051	4.8235
rc10_peak	spearman	SND1_K562	3	0.19298	0.19428	0.0012921	0.66952
rc10_peak	spearman	SRSF1_HepG2	4	0.23575	0.23621	0.00046554	0.19747
rc10_peak	spearman	SRSF1_K562	3	0.19773	0.20031	0.0025764	1.303
rc10_peak	spearman	SRSF7_HepG2	2	0.16454	0.19452	0.029979	18.22
rc10_peak	spearman	SRSF7_K562	2	0.17522	0.2061	0.030878	17.622
rc10_peak	spearman	SRSF9_HepG2	3	0.20804	0.21201	0.0039622	1.9045
rc10_peak	spearman	SSB_HepG2	2	0.16768	0.17505	0.0073775	4.3998
rc10_peak	spearman	SSB_K562	1	0.10233	0.1233	0.020976	20.498
rc10_peak	spearman	STAU2_HepG2	4	0.21673	0.2196	0.0028649	1.3218
rc10_peak	spearman	SUB1_HepG2	2	0.16338	0.17413	0.010745	6.5765
rc10_peak	spearman	SUGP2_HepG2	4	0.24219	0.24334	0.0011523	0.47577
rc10_peak	spearman	SUPV3L1_HepG2	1	0.14775	0.15566	0.0079027	5.3486
rc10_peak	spearman	SUPV3L1_K562	1	0.13195	0.1413	0.0093508	7.0866
rc10_peak	spearman	TAF15_HepG2	4	0.2129	0.20774	-0.0051581	-2.4228
rc10_peak	spearman	TAF15_K562	2	0.18687	0.18948	0.0026091	1.3962
rc10_peak	spearman	TARDBP_K562	4	0.25463	0.25611	0.0014777	0.58034
rc10_peak	spearman	TBRG4_HepG2	1	0.091745	0.10017	0.0084209	9.1785
rc10_peak	spearman	TBRG4_K562	1	0.15319	0.16006	0.0068693	4.4842
rc10_peak	spearman	TIA1_HepG2	4	0.22135	0.22087	-0.00048777	-0.22036
rc10_peak	spearman	TIA1_K562	4	0.22283	0.22187	-0.00096299	-0.43215
rc10_peak	spearman	TIAL1_HepG2	3	0.20012	0.20271	0.0025965	1.2975
rc10_peak	spearman	TRA2A_HepG2	2	0.1797	0.19528	0.015581	8.6707
rc10_peak	spearman	TRA2A_K562	3	0.19994	0.22145	0.021502	10.754
rc10_peak	spearman	TROVE2_HepG2	2	0.18714	0.19153	0.0043908	2.3463
rc10_peak	spearman	TROVE2_K562	2	0.18016	0.18498	0.0048243	2.6779
rc10_peak	spearman	U2AF1_HepG2	4	0.218	0.22062	0.0026273	1.2052
rc10_peak	spearman	U2AF1_K562	3	0.20919	0.21578	0.0065964	3.1534
rc10_peak	spearman	U2AF2_HepG2	3	0.21264	0.2136	0.00096545	0.45404
rc10_peak	spearman	U2AF2_K562	4	0.24316	0.24584	0.0026726	1.0991
rc10_peak	spearman	UCHL5_HepG2	4	0.24508	0.24711	0.0020296	0.82811
rc10_peak	spearman	UCHL5_K562	4	0.23494	0.23725	0.0023154	0.98553
rc10_peak	spearman	UPF1_HepG2	3	0.1893	0.22305	0.033749	17.828
rc10_peak	spearman	UPF1_K562	3	0.19301	0.20689	0.013882	7.1923
rc10_peak	spearman	UTP18_HepG2	1	0.13937	0.15868	0.019315	13.859
rc10_peak	spearman	UTP18_K562	1	0.1328	0.15003	0.017229	12.974
rc10_peak	spearman	UTP3_K562	1	0.090255	0.10188	0.011621	12.876
rc10_peak	spearman	WDR3_K562	1	0.12249	0.12919	0.0067055	5.4745
rc10_peak	spearman	WDR43_HepG2	1	0.14934	0.17207	0.022728	15.219
rc10_peak	spearman	WDR43_K562	1	0.13567	0.15096	0.015284	11.265
rc10_peak	spearman	WRN_K562	1	0.14712	0.15289	0.0057774	3.9271
rc10_peak	spearman	XPO5_HepG2	1	0.15335	0.15677	0.0034242	2.233
rc10_peak	spearman	XRCC6_HepG2	2	0.16322	0.17025	0.0070311	4.3078
rc10_peak	spearman	XRCC6_K562	3	0.18806	0.1936	0.0055346	2.9429
rc10_peak	spearman	XRN2_HepG2	4	0.21552	0.21327	-0.0022561	-1.0468
rc10_peak	spearman	XRN2_K562	3	0.1893	0.194	0.0047018	2.4838
rc10_peak	spearman	YBX3_HepG2	3	0.19564	0.26567	0.070029	35.794
rc10_peak	spearman	YBX3_K562	4	0.29627	0.30021	0.0039363	1.3286
rc10_peak	spearman	YWHAG_K562	2	0.17237	0.184	0.011636	6.7504
rc10_peak	spearman	ZC3H11A_HepG2	2	0.18699	0.18933	0.0023472	1.2553
rc10_peak	spearman	ZC3H11A_K562	1	0.15774	0.16548	0.0077378	4.9054
rc10_peak	spearman	ZC3H8_K562	1	0.11992	0.13115	0.011235	9.3688
rc10_peak	spearman	ZNF622_K562	4	0.26886	0.2705	0.0016397	0.60987
rc10_peak	spearman	ZNF800_HepG2	4	0.2208	0.22949	0.008696	3.9385
rc10_peak	spearman	ZNF800_K562	3	0.21013	0.22224	0.012103	5.7598
rc10_peak	spearman	ZRANB2_K562	1	0.15559	0.16195	0.0063534	4.0833
orig_mask	pearson	AARS_K562	1	0.29872	0.34002	0.041307	13.828
orig_mask	pearson	AATF_K562	1	0.33533	0.35603	0.020692	6.1706
orig_mask	pearson	AGGF1_HepG2	2	0.40113	0.47428	0.073157	18.238
orig_mask	pearson	AGGF1_K562	3	0.46662	0.48665	0.020035	4.2936
orig_mask	pearson	AKAP1_HepG2	2	0.40847	0.50027	0.091803	22.475
orig_mask	pearson	AKAP1_K562	1	0.32523	0.40134	0.076113	23.403
orig_mask	pearson	AKAP8L_K562	2	0.38754	0.41019	0.022653	5.8455
orig_mask	pearson	APOBEC3C_K562	2	0.3907	0.48688	0.096181	24.618
orig_mask	pearson	AQR_HepG2	3	0.49541	0.56933	0.073919	14.921
orig_mask	pearson	AQR_K562	4	0.64403	0.64374	-0.00029081	-0.045155
orig_mask	pearson	BCCIP_HepG2	3	0.47633	0.49779	0.021461	4.5056
orig_mask	pearson	BCLAF1_HepG2	4	0.59342	0.50677	-0.086646	-14.601
orig_mask	pearson	BUD13_HepG2	3	0.48053	0.49056	0.010031	2.0874
orig_mask	pearson	BUD13_K562	4	0.51591	0.52364	0.0077302	1.4984
orig_mask	pearson	CDC40_HepG2	1	0.35489	0.38096	0.02606	7.3431
orig_mask	pearson	CPEB4_K562	1	0.3221	0.40753	0.085432	26.523
orig_mask	pearson	CPSF6_K562	2	0.43213	0.45973	0.027597	6.3864
orig_mask	pearson	CSTF2T_HepG2	2	0.43714	0.44626	0.0091213	2.0866
orig_mask	pearson	CSTF2T_K562	2	0.42752	0.44062	0.013099	3.0639
orig_mask	pearson	CSTF2_HepG2	1	0.28524	0.34836	0.06312	22.128
orig_mask	pearson	DDX21_K562	1	0.29738	0.36937	0.071985	24.206
orig_mask	pearson	DDX24_K562	3	0.48103	0.50443	0.023401	4.8647
orig_mask	pearson	DDX3X_HepG2	3	0.45714	0.51743	0.060292	13.189
orig_mask	pearson	DDX3X_K562	3	0.47048	0.52686	0.056384	11.984
orig_mask	pearson	DDX42_K562	3	0.48003	0.50264	0.022604	4.7089
orig_mask	pearson	DDX51_K562	1	0.32249	0.3853	0.06281	19.477
orig_mask	pearson	DDX52_HepG2	2	0.4244	0.46741	0.043002	10.132
orig_mask	pearson	DDX52_K562	2	0.38863	0.43327	0.044634	11.485
orig_mask	pearson	DDX55_HepG2	2	0.3822	0.44817	0.065966	17.259
orig_mask	pearson	DDX55_K562	2	0.44283	0.50121	0.058378	13.183
orig_mask	pearson	DDX59_HepG2	1	0.36642	0.4011	0.034686	9.4663
orig_mask	pearson	DDX6_HepG2	1	0.3318	0.40931	0.077503	23.358
orig_mask	pearson	DDX6_K562	2	0.4155	0.46811	0.052609	12.662
orig_mask	pearson	DGCR8_HepG2	2	0.42282	0.44607	0.023245	5.4976
orig_mask	pearson	DGCR8_K562	1	0.37954	0.41446	0.034916	9.1995
orig_mask	pearson	DHX30_HepG2	1	0.36817	0.43558	0.067409	18.309
orig_mask	pearson	DHX30_K562	1	0.32301	0.36551	0.042506	13.16
orig_mask	pearson	DKC1_HepG2	1	0.36703	0.48398	0.11696	31.866
orig_mask	pearson	DROSHA_HepG2	1	0.36259	0.37826	0.015672	4.3222
orig_mask	pearson	DROSHA_K562	3	0.45127	0.4738	0.022532	4.9929
orig_mask	pearson	EFTUD2_HepG2	1	0.36121	0.37987	0.018653	5.164
orig_mask	pearson	EFTUD2_K562	2	0.39335	0.41703	0.023677	6.0195
orig_mask	pearson	EIF3D_HepG2	3	0.4525	0.46712	0.014618	3.2306
orig_mask	pearson	EIF3G_K562	1	0.34287	0.42577	0.082902	24.179
orig_mask	pearson	EIF3H_HepG2	2	0.4358	0.43151	-0.004295	-0.98553
orig_mask	pearson	EIF4G2_K562	3	0.49034	0.51735	0.027013	5.509
orig_mask	pearson	EWSR1_K562	2	0.44596	0.45613	0.010171	2.2808
orig_mask	pearson	EXOSC5_HepG2	1	0.3129	0.39788	0.084977	27.158
orig_mask	pearson	EXOSC5_K562	4	0.51763	0.52949	0.011855	2.2903
orig_mask	pearson	FAM120A_HepG2	4	0.51034	0.52283	0.012489	2.4471
orig_mask	pearson	FAM120A_K562	2	0.40653	0.44344	0.03691	9.0792
orig_mask	pearson	FASTKD2_HepG2	3	0.45842	0.48772	0.029303	6.3923
orig_mask	pearson	FASTKD2_K562	2	0.39658	0.44761	0.051023	12.866
orig_mask	pearson	FKBP4_HepG2	1	0.38015	0.42558	0.045424	11.949
orig_mask	pearson	FMR1_K562	4	0.53399	0.56086	0.02687	5.032
orig_mask	pearson	FTO_HepG2	1	0.37925	0.47848	0.099225	26.163
orig_mask	pearson	FTO_K562	2	0.39615	0.44927	0.05312	13.409
orig_mask	pearson	FUBP3_HepG2	4	0.52563	0.56702	0.041392	7.8748
orig_mask	pearson	FUS_HepG2	3	0.46971	0.48006	0.010349	2.2032
orig_mask	pearson	FUS_K562	2	0.39175	0.39329	0.0015481	0.39519
orig_mask	pearson	FXR1_K562	4	0.52317	0.53092	0.0077412	1.4797
orig_mask	pearson	FXR2_HepG2	3	0.48677	0.51883	0.032054	6.5851
orig_mask	pearson	FXR2_K562	4	0.55156	0.57356	0.021996	3.988
orig_mask	pearson	G3BP1_HepG2	4	0.54363	0.55389	0.010252	1.8858
orig_mask	pearson	GEMIN5_K562	1	0.37677	0.42728	0.050508	13.406
orig_mask	pearson	GNL3_K562	1	0.33436	0.42571	0.091351	27.321
orig_mask	pearson	GPKOW_K562	3	0.46563	0.49099	0.025357	5.4456
orig_mask	pearson	GRSF1_HepG2	1	0.33539	0.40197	0.06658	19.851
orig_mask	pearson	GRWD1_HepG2	4	0.57259	0.57998	0.0073866	1.29
orig_mask	pearson	GRWD1_K562	4	0.55007	0.55871	0.0086396	1.5706
orig_mask	pearson	GTF2F1_HepG2	2	0.43945	0.47004	0.03059	6.9609
orig_mask	pearson	GTF2F1_K562	3	0.46909	0.4929	0.023812	5.0761
orig_mask	pearson	HLTF_HepG2	3	0.46455	0.47199	0.0074407	1.6017
orig_mask	pearson	HLTF_K562	3	0.50756	0.51722	0.0096589	1.903
orig_mask	pearson	HNRNPA1_HepG2	4	0.57381	0.55807	-0.015744	-2.7438
orig_mask	pearson	HNRNPA1_K562	4	0.5309	0.52148	-0.0094176	-1.7739
orig_mask	pearson	HNRNPC_HepG2	4	0.69659	0.69191	-0.0046763	-0.67132
orig_mask	pearson	HNRNPC_K562	4	0.55872	0.55882	0.00010782	0.019299
orig_mask	pearson	HNRNPK_HepG2	4	0.5889	0.57501	-0.013893	-2.3591
orig_mask	pearson	HNRNPK_K562	3	0.50401	0.49856	-0.005451	-1.0815
orig_mask	pearson	HNRNPL_HepG2	4	0.52242	0.52449	0.0020739	0.39699
orig_mask	pearson	HNRNPL_K562	4	0.52573	0.5197	-0.0060278	-1.1466
orig_mask	pearson	HNRNPM_HepG2	4	0.54033	0.53254	-0.0077894	-1.4416
orig_mask	pearson	HNRNPM_K562	4	0.55464	0.55084	-0.0037962	-0.68444
orig_mask	pearson	HNRNPUL1_HepG2	1	0.33289	0.3498	0.016917	5.082
orig_mask	pearson	HNRNPUL1_K562	2	0.38386	0.39722	0.013363	3.4813
orig_mask	pearson	HNRNPU_HepG2	1	0.36324	0.37432	0.011076	3.0492
orig_mask	pearson	HNRNPU_K562	2	0.43613	0.46244	0.026317	6.0343
orig_mask	pearson	IGF2BP1_HepG2	4	0.51757	0.55218	0.03461	6.687
orig_mask	pearson	IGF2BP1_K562	3	0.49256	0.5092	0.016637	3.3777
orig_mask	pearson	IGF2BP2_K562	4	0.52119	0.54868	0.027498	5.2759
orig_mask	pearson	IGF2BP3_HepG2	3	0.49324	0.51842	0.025177	5.1045
orig_mask	pearson	ILF3_HepG2	3	0.50997	0.48008	-0.029884	-5.8599
orig_mask	pearson	ILF3_K562	3	0.49423	0.50155	0.0073131	1.4797
orig_mask	pearson	KHDRBS1_K562	4	0.56787	0.55879	-0.0090774	-1.5985
orig_mask	pearson	KHSRP_HepG2	3	0.49274	0.49676	0.0040232	0.81649
orig_mask	pearson	KHSRP_K562	4	0.57288	0.57126	-0.0016211	-0.28297
orig_mask	pearson	LARP4_HepG2	2	0.41292	0.46556	0.05264	12.748
orig_mask	pearson	LARP4_K562	1	0.37437	0.40994	0.035563	9.4994
orig_mask	pearson	LARP7_HepG2	1	0.23139	0.3584	0.12701	54.89
orig_mask	pearson	LIN28B_HepG2	3	0.47399	0.50437	0.030387	6.411
orig_mask	pearson	LIN28B_K562	2	0.44369	0.46055	0.016851	3.7979
orig_mask	pearson	LSM11_HepG2	3	0.46234	0.48115	0.018817	4.07
orig_mask	pearson	LSM11_K562	2	0.42376	0.45583	0.032068	7.5675
orig_mask	pearson	MATR3_HepG2	3	0.45476	0.45524	0.00047246	0.10389
orig_mask	pearson	MATR3_K562	3	0.50261	0.50883	0.0062204	1.2376
orig_mask	pearson	METAP2_K562	3	0.45528	0.48973	0.034449	7.5666
orig_mask	pearson	MTPAP_K562	2	0.41919	0.44094	0.021755	5.1899
orig_mask	pearson	NCBP2_HepG2	2	0.38678	0.41194	0.025163	6.5058
orig_mask	pearson	NCBP2_K562	1	0.36429	0.42289	0.0586	16.086
orig_mask	pearson	NIP7_HepG2	1	0.31654	0.44252	0.12597	39.797
orig_mask	pearson	NIPBL_K562	2	0.41173	0.44171	0.029984	7.2824
orig_mask	pearson	NKRF_HepG2	3	0.44778	0.46824	0.020462	4.5698
orig_mask	pearson	NOL12_HepG2	2	0.39792	0.47595	0.078027	19.609
orig_mask	pearson	NOLC1_HepG2	1	0.34174	0.46519	0.12344	36.121
orig_mask	pearson	NOLC1_K562	2	0.40288	0.44855	0.045665	11.334
orig_mask	pearson	NONO_K562	3	0.47835	0.47394	-0.0044108	-0.92208
orig_mask	pearson	NPM1_K562	1	0.2607	0.35899	0.098294	37.704
orig_mask	pearson	PABPC4_K562	2	0.41586	0.48481	0.068948	16.58
orig_mask	pearson	PABPN1_HepG2	3	0.48093	0.5155	0.034578	7.1898
orig_mask	pearson	PCBP1_HepG2	1	0.32507	0.48209	0.15702	48.303
orig_mask	pearson	PCBP1_K562	2	0.41616	0.45487	0.038716	9.3031
orig_mask	pearson	PCBP2_HepG2	4	0.56493	0.58118	0.016249	2.8763
orig_mask	pearson	PHF6_K562	1	0.30296	0.35307	0.050108	16.54
orig_mask	pearson	POLR2G_HepG2	3	0.48622	0.51015	0.023928	4.9212
orig_mask	pearson	PPIG_HepG2	4	0.59	0.59011	0.00011027	0.01869
orig_mask	pearson	PPIL4_K562	2	0.44651	0.47932	0.032811	7.3482
orig_mask	pearson	PRPF4_HepG2	3	0.49579	0.50503	0.0092374	1.8632
orig_mask	pearson	PRPF8_HepG2	4	0.65241	0.64616	-0.0062499	-0.95797
orig_mask	pearson	PRPF8_K562	4	0.52527	0.52988	0.0046129	0.8782
orig_mask	pearson	PTBP1_HepG2	4	0.5612	0.58156	0.020354	3.6269
orig_mask	pearson	PTBP1_K562	4	0.59698	0.60596	0.0089812	1.5044
orig_mask	pearson	PUM1_K562	3	0.50057	0.51614	0.015568	3.1102
orig_mask	pearson	PUM2_K562	3	0.49799	0.48244	-0.015553	-3.1231
orig_mask	pearson	PUS1_K562	1	0.36191	0.43636	0.074451	20.572
orig_mask	pearson	QKI_HepG2	4	0.58242	0.56999	-0.012429	-2.134
orig_mask	pearson	QKI_K562	4	0.56129	0.55137	-0.0099185	-1.7671
orig_mask	pearson	RBFOX2_HepG2	4	0.53438	0.5379	0.0035189	0.65851
orig_mask	pearson	RBFOX2_K562	3	0.45235	0.45986	0.0075157	1.6615
orig_mask	pearson	RBM15_HepG2	2	0.43121	0.44685	0.015644	3.6278
orig_mask	pearson	RBM15_K562	4	0.56779	0.57757	0.0097778	1.7221
orig_mask	pearson	RBM22_HepG2	2	0.42808	0.42846	0.00037849	0.088416
orig_mask	pearson	RBM22_K562	4	0.5394	0.5321	-0.007295	-1.3524
orig_mask	pearson	RBM5_HepG2	2	0.43897	0.44569	0.0067259	1.5322
orig_mask	pearson	RPS3_HepG2	3	0.49322	0.55103	0.057804	11.72
orig_mask	pearson	RPS3_K562	2	0.38298	0.45632	0.073344	19.151
orig_mask	pearson	SAFB2_K562	2	0.41526	0.42687	0.011611	2.796
orig_mask	pearson	SAFB_HepG2	2	0.42893	0.44778	0.018848	4.3942
orig_mask	pearson	SAFB_K562	3	0.49071	0.50749	0.01678	3.4196
orig_mask	pearson	SDAD1_HepG2	2	0.40427	0.48739	0.083128	20.563
orig_mask	pearson	SF3A3_HepG2	2	0.42139	0.4226	0.0012164	0.28867
orig_mask	pearson	SF3B4_HepG2	4	0.55281	0.53764	-0.015169	-2.744
orig_mask	pearson	SF3B4_K562	4	0.51966	0.52248	0.0028145	0.54161
orig_mask	pearson	SFPQ_HepG2	2	0.42131	0.40429	-0.017023	-4.0405
orig_mask	pearson	SLTM_HepG2	2	0.44469	0.46519	0.020499	4.6096
orig_mask	pearson	SLTM_K562	3	0.45854	0.46534	0.0067938	1.4816
orig_mask	pearson	SMNDC1_HepG2	1	0.32498	0.36893	0.043948	13.523
orig_mask	pearson	SMNDC1_K562	2	0.39576	0.43902	0.043259	10.931
orig_mask	pearson	SND1_HepG2	4	0.58619	0.62859	0.042401	7.2333
orig_mask	pearson	SND1_K562	3	0.50731	0.53117	0.023856	4.7025
orig_mask	pearson	SRSF1_HepG2	4	0.51908	0.51972	0.00064135	0.12355
orig_mask	pearson	SRSF1_K562	3	0.46921	0.4763	0.007088	1.5106
orig_mask	pearson	SRSF7_HepG2	1	0.35879	0.51629	0.1575	43.896
orig_mask	pearson	SRSF7_K562	1	0.36465	0.50929	0.14464	39.665
orig_mask	pearson	SRSF9_HepG2	3	0.48517	0.49776	0.01259	2.595
orig_mask	pearson	SSB_HepG2	2	0.39974	0.43828	0.038539	9.641
orig_mask	pearson	SSB_K562	1	0.30059	0.29238	-0.0082052	-2.7297
orig_mask	pearson	STAU2_HepG2	4	0.51997	0.53202	0.012046	2.3167
orig_mask	pearson	SUB1_HepG2	1	0.34132	0.40791	0.066589	19.509
orig_mask	pearson	SUGP2_HepG2	3	0.50793	0.51039	0.0024557	0.48347
orig_mask	pearson	SUPV3L1_HepG2	1	0.35441	0.39251	0.038098	10.75
orig_mask	pearson	TAF15_HepG2	3	0.48268	0.45436	-0.028321	-5.8674
orig_mask	pearson	TAF15_K562	3	0.45963	0.47304	0.013414	2.9183
orig_mask	pearson	TARDBP_K562	4	0.71226	0.69654	-0.015725	-2.2077
orig_mask	pearson	TBRG4_HepG2	1	0.21184	0.31478	0.10295	48.597
orig_mask	pearson	TBRG4_K562	1	0.3506	0.39296	0.042355	12.081
orig_mask	pearson	TIA1_HepG2	4	0.58316	0.58376	0.00060099	0.10306
orig_mask	pearson	TIA1_K562	4	0.52402	0.52499	0.00096977	0.18506
orig_mask	pearson	TIAL1_HepG2	4	0.54206	0.56218	0.020118	3.7113
orig_mask	pearson	TRA2A_HepG2	2	0.41865	0.47341	0.054761	13.08
orig_mask	pearson	TRA2A_K562	3	0.4477	0.52042	0.072718	16.243
orig_mask	pearson	TROVE2_HepG2	2	0.44616	0.46944	0.023278	5.2174
orig_mask	pearson	TROVE2_K562	2	0.44129	0.46819	0.026899	6.0956
orig_mask	pearson	U2AF1_HepG2	4	0.53839	0.54661	0.0082237	1.5275
orig_mask	pearson	U2AF1_K562	4	0.58808	0.61941	0.031328	5.3272
orig_mask	pearson	U2AF2_HepG2	4	0.60512	0.60122	-0.0038946	-0.64362
orig_mask	pearson	U2AF2_K562	4	0.65628	0.66303	0.006749	1.0284
orig_mask	pearson	UCHL5_HepG2	4	0.53651	0.54228	0.0057734	1.0761
orig_mask	pearson	UCHL5_K562	4	0.51386	0.52297	0.0091164	1.7741
orig_mask	pearson	UPF1_HepG2	2	0.40759	0.49844	0.090857	22.292
orig_mask	pearson	UPF1_K562	3	0.4571	0.49575	0.038649	8.4553
orig_mask	pearson	UTP18_HepG2	1	0.33175	0.47551	0.14376	43.335
orig_mask	pearson	UTP18_K562	1	0.31242	0.34716	0.034742	11.12
orig_mask	pearson	WDR43_HepG2	1	0.32329	0.41381	0.090522	28.001
orig_mask	pearson	WDR43_K562	1	0.29726	0.33984	0.04258	14.324
orig_mask	pearson	WRN_K562	1	0.31057	0.3583	0.047732	15.369
orig_mask	pearson	XPO5_HepG2	1	0.30561	0.32845	0.022837	7.4727
orig_mask	pearson	XRCC6_HepG2	1	0.36781	0.40512	0.037316	10.146
orig_mask	pearson	XRCC6_K562	3	0.44985	0.47884	0.028989	6.444
orig_mask	pearson	XRN2_HepG2	3	0.48754	0.47396	-0.013571	-2.7837
orig_mask	pearson	XRN2_K562	2	0.42423	0.44812	0.023896	5.6327
orig_mask	pearson	YBX3_HepG2	1	0.32982	0.54194	0.21212	64.313
orig_mask	pearson	YBX3_K562	4	0.57994	0.58941	0.0094756	1.6339
orig_mask	pearson	YWHAG_K562	2	0.40302	0.44329	0.040269	9.9918
orig_mask	pearson	ZC3H11A_HepG2	2	0.41482	0.43148	0.01666	4.0163
orig_mask	pearson	ZC3H11A_K562	1	0.38112	0.43176	0.050637	13.286
orig_mask	pearson	ZC3H8_K562	1	0.24628	0.31942	0.073136	29.696
orig_mask	pearson	ZNF622_K562	4	0.54533	0.55014	0.0048066	0.8814
orig_mask	pearson	ZNF800_HepG2	3	0.50436	0.53413	0.029763	5.9011
orig_mask	pearson	ZNF800_K562	3	0.47279	0.50724	0.034453	7.2872
orig_mask	pearson	ZRANB2_K562	1	0.34339	0.35936	0.01597	4.6508
orig_mask	spearman	AARS_K562	1	0.24954	0.27371	0.024171	9.6862
orig_mask	spearman	AATF_K562	1	0.27692	0.27982	0.0028976	1.0464
orig_mask	spearman	AGGF1_HepG2	2	0.33077	0.36829	0.037516	11.342
orig_mask	spearman	AGGF1_K562	3	0.35852	0.36855	0.010031	2.798
orig_mask	spearman	AKAP1_HepG2	2	0.33128	0.38555	0.054266	16.38
orig_mask	spearman	AKAP1_K562	1	0.27463	0.31358	0.038951	14.183
orig_mask	spearman	AKAP8L_K562	1	0.29722	0.30848	0.011258	3.7878
orig_mask	spearman	APOBEC3C_K562	2	0.33103	0.37185	0.040813	12.329
orig_mask	spearman	AQR_HepG2	2	0.31923	0.37055	0.051324	16.078
orig_mask	spearman	AQR_K562	1	0.2937	0.29915	0.0054486	1.8552
orig_mask	spearman	BCCIP_HepG2	3	0.35547	0.36693	0.011459	3.2236
orig_mask	spearman	BCLAF1_HepG2	4	0.42813	0.40485	-0.023282	-5.4381
orig_mask	spearman	BUD13_HepG2	3	0.37248	0.37826	0.0057779	1.5512
orig_mask	spearman	BUD13_K562	4	0.39298	0.3979	0.004924	1.253
orig_mask	spearman	CDC40_HepG2	1	0.28792	0.30289	0.014965	5.1977
orig_mask	spearman	CPEB4_K562	1	0.26777	0.31588	0.048106	17.965
orig_mask	spearman	CPSF6_K562	3	0.34309	0.35388	0.01079	3.1451
orig_mask	spearman	CSTF2T_HepG2	3	0.35224	0.35644	0.0041988	1.192
orig_mask	spearman	CSTF2T_K562	2	0.33588	0.34364	0.0077665	2.3123
orig_mask	spearman	CSTF2_HepG2	1	0.29017	0.30779	0.017618	6.0714
orig_mask	spearman	DDX21_K562	1	0.26535	0.31027	0.044917	16.927
orig_mask	spearman	DDX24_K562	3	0.36376	0.37688	0.013117	3.6059
orig_mask	spearman	DDX3X_HepG2	3	0.35601	0.39554	0.039523	11.102
orig_mask	spearman	DDX3X_K562	3	0.36447	0.3902	0.025734	7.0606
orig_mask	spearman	DDX42_K562	3	0.34492	0.35707	0.01215	3.5224
orig_mask	spearman	DDX51_K562	1	0.27015	0.28834	0.018194	6.735
orig_mask	spearman	DDX52_HepG2	2	0.3265	0.34815	0.02165	6.6309
orig_mask	spearman	DDX52_K562	1	0.30247	0.32152	0.019046	6.2968
orig_mask	spearman	DDX55_HepG2	2	0.30705	0.34414	0.037094	12.081
orig_mask	spearman	DDX55_K562	3	0.3409	0.36979	0.028893	8.4757
orig_mask	spearman	DDX59_HepG2	1	0.29703	0.32009	0.023064	7.7648
orig_mask	spearman	DDX6_HepG2	1	0.27341	0.32249	0.04909	17.955
orig_mask	spearman	DDX6_K562	2	0.32612	0.34851	0.022385	6.864
orig_mask	spearman	DGCR8_HepG2	3	0.34178	0.35527	0.013492	3.9475
orig_mask	spearman	DGCR8_K562	2	0.33891	0.35704	0.018129	5.3492
orig_mask	spearman	DHX30_HepG2	1	0.29743	0.33806	0.040624	13.658
orig_mask	spearman	DHX30_K562	1	0.27277	0.2964	0.023629	8.6626
orig_mask	spearman	DKC1_HepG2	1	0.28703	0.35955	0.07252	25.266
orig_mask	spearman	DROSHA_HepG2	1	0.29543	0.30489	0.0094599	3.2021
orig_mask	spearman	DROSHA_K562	2	0.32272	0.33278	0.010064	3.1186
orig_mask	spearman	EFTUD2_HepG2	1	0.29907	0.30969	0.010615	3.5493
orig_mask	spearman	EFTUD2_K562	1	0.30041	0.31139	0.01098	3.6551
orig_mask	spearman	EIF3D_HepG2	3	0.34843	0.35686	0.0084331	2.4203
orig_mask	spearman	EIF3G_K562	1	0.26996	0.3004	0.03044	11.276
orig_mask	spearman	EIF3H_HepG2	2	0.33313	0.33938	0.0062465	1.8751
orig_mask	spearman	EIF4G2_K562	3	0.36879	0.38321	0.014412	3.9079
orig_mask	spearman	EWSR1_K562	3	0.35771	0.36217	0.0044603	1.2469
orig_mask	spearman	EXOSC5_HepG2	1	0.26807	0.32452	0.056451	21.058
orig_mask	spearman	EXOSC5_K562	3	0.3664	0.37506	0.0086627	2.3643
orig_mask	spearman	FAM120A_HepG2	4	0.39291	0.39833	0.0054245	1.3806
orig_mask	spearman	FAM120A_K562	2	0.33733	0.35825	0.020922	6.2023
orig_mask	spearman	FASTKD2_HepG2	3	0.35566	0.36959	0.013925	3.9153
orig_mask	spearman	FASTKD2_K562	1	0.30573	0.32629	0.020554	6.7227
orig_mask	spearman	FKBP4_HepG2	2	0.30749	0.33205	0.02456	7.9873
orig_mask	spearman	FMR1_K562	4	0.38175	0.39925	0.017494	4.5826
orig_mask	spearman	FTO_HepG2	2	0.3107	0.38192	0.07122	22.922
orig_mask	spearman	FTO_K562	1	0.30083	0.32975	0.028915	9.6117
orig_mask	spearman	FUBP3_HepG2	3	0.3675	0.38952	0.02202	5.9919
orig_mask	spearman	FUS_HepG2	3	0.36416	0.37032	0.0061576	1.6909
orig_mask	spearman	FUS_K562	2	0.31207	0.31377	0.0017015	0.54522
orig_mask	spearman	FXR1_K562	4	0.39704	0.39801	0.00097615	0.24586
orig_mask	spearman	FXR2_HepG2	4	0.39334	0.41041	0.01707	4.3398
orig_mask	spearman	FXR2_K562	4	0.40489	0.41578	0.010893	2.6903
orig_mask	spearman	G3BP1_HepG2	4	0.4326	0.43535	0.0027483	0.6353
orig_mask	spearman	GEMIN5_K562	1	0.30237	0.32814	0.025768	8.522
orig_mask	spearman	GNL3_K562	1	0.27521	0.30857	0.03336	12.122
orig_mask	spearman	GPKOW_K562	2	0.32455	0.33593	0.011381	3.5066
orig_mask	spearman	GRSF1_HepG2	1	0.29059	0.33354	0.042943	14.778
orig_mask	spearman	GRWD1_HepG2	4	0.42726	0.43034	0.0030884	0.72286
orig_mask	spearman	GRWD1_K562	4	0.41318	0.41648	0.0033009	0.79891
orig_mask	spearman	GTF2F1_HepG2	3	0.34179	0.36081	0.019022	5.5653
orig_mask	spearman	GTF2F1_K562	3	0.33919	0.35148	0.01229	3.6232
orig_mask	spearman	HLTF_HepG2	3	0.35554	0.36031	0.0047645	1.3401
orig_mask	spearman	HLTF_K562	4	0.39181	0.39656	0.0047491	1.2121
orig_mask	spearman	HNRNPA1_HepG2	4	0.38766	0.38358	-0.0040728	-1.0506
orig_mask	spearman	HNRNPA1_K562	3	0.36471	0.36375	-0.00096193	-0.26375
orig_mask	spearman	HNRNPC_HepG2	4	0.3835	0.38222	-0.0012801	-0.3338
orig_mask	spearman	HNRNPC_K562	2	0.31781	0.31753	-0.00028393	-0.089339
orig_mask	spearman	HNRNPK_HepG2	4	0.39714	0.39533	-0.0018029	-0.45397
orig_mask	spearman	HNRNPK_K562	3	0.36749	0.37203	0.0045373	1.2347
orig_mask	spearman	HNRNPL_HepG2	4	0.37588	0.3776	0.0017149	0.45623
orig_mask	spearman	HNRNPL_K562	4	0.37873	0.3782	-0.0005278	-0.13936
orig_mask	spearman	HNRNPM_HepG2	4	0.3974	0.39558	-0.0018222	-0.45852
orig_mask	spearman	HNRNPM_K562	4	0.38123	0.38275	0.0015261	0.4003
orig_mask	spearman	HNRNPUL1_HepG2	2	0.30717	0.31632	0.0091508	2.9791
orig_mask	spearman	HNRNPUL1_K562	2	0.31562	0.32253	0.0069118	2.19
orig_mask	spearman	HNRNPU_HepG2	2	0.31861	0.32417	0.0055591	1.7448
orig_mask	spearman	HNRNPU_K562	3	0.34822	0.36066	0.012442	3.573
orig_mask	spearman	IGF2BP1_HepG2	4	0.38858	0.40677	0.018193	4.6818
orig_mask	spearman	IGF2BP1_K562	4	0.38938	0.39914	0.0097626	2.5072
orig_mask	spearman	IGF2BP2_K562	4	0.39021	0.40548	0.015273	3.9141
orig_mask	spearman	IGF2BP3_HepG2	4	0.37944	0.39176	0.012313	3.2451
orig_mask	spearman	ILF3_HepG2	3	0.36049	0.3525	-0.0079913	-2.2168
orig_mask	spearman	ILF3_K562	3	0.3513	0.35671	0.0054182	1.5423
orig_mask	spearman	KHDRBS1_K562	4	0.3897	0.38955	-0.00014788	-0.037947
orig_mask	spearman	KHSRP_HepG2	3	0.3719	0.37535	0.0034477	0.92705
orig_mask	spearman	KHSRP_K562	4	0.42299	0.42305	6.2972e-05	0.014887
orig_mask	spearman	LARP4_HepG2	2	0.32695	0.35772	0.030777	9.4134
orig_mask	spearman	LARP4_K562	1	0.29927	0.31867	0.0194	6.4826
orig_mask	spearman	LARP7_HepG2	1	0.2169	0.29396	0.077063	35.53
orig_mask	spearman	LIN28B_HepG2	4	0.37372	0.39329	0.019566	5.2354
orig_mask	spearman	LIN28B_K562	3	0.35084	0.3678	0.016964	4.8354
orig_mask	spearman	LSM11_HepG2	3	0.35628	0.36885	0.012565	3.5265
orig_mask	spearman	LSM11_K562	2	0.3272	0.33769	0.010485	3.2044
orig_mask	spearman	MATR3_HepG2	3	0.35347	0.35438	0.00090742	0.25672
orig_mask	spearman	MATR3_K562	3	0.37259	0.37423	0.0016376	0.43951
orig_mask	spearman	METAP2_K562	2	0.33887	0.35907	0.020199	5.9605
orig_mask	spearman	MTPAP_K562	2	0.33078	0.34149	0.010708	3.2372
orig_mask	spearman	NCBP2_HepG2	2	0.31315	0.3266	0.013457	4.2975
orig_mask	spearman	NCBP2_K562	1	0.29243	0.31491	0.02248	7.6872
orig_mask	spearman	NIP7_HepG2	1	0.29508	0.39106	0.095982	32.527
orig_mask	spearman	NIPBL_K562	2	0.31677	0.32797	0.011202	3.5364
orig_mask	spearman	NKRF_HepG2	3	0.3442	0.35539	0.011191	3.2514
orig_mask	spearman	NOL12_HepG2	2	0.31381	0.3676	0.053786	17.14
orig_mask	spearman	NOLC1_HepG2	1	0.28886	0.37506	0.086204	29.843
orig_mask	spearman	NOLC1_K562	2	0.31298	0.33824	0.025265	8.0724
orig_mask	spearman	NONO_K562	4	0.37641	0.3755	-0.0009056	-0.24059
orig_mask	spearman	NPM1_K562	1	0.23529	0.27549	0.040198	17.084
orig_mask	spearman	PABPC4_K562	3	0.34176	0.38171	0.039945	11.688
orig_mask	spearman	PABPN1_HepG2	4	0.3865	0.40309	0.016591	4.2927
orig_mask	spearman	PCBP1_HepG2	1	0.27691	0.39231	0.1154	41.674
orig_mask	spearman	PCBP1_K562	2	0.32967	0.34422	0.014551	4.4137
orig_mask	spearman	PCBP2_HepG2	4	0.39987	0.40798	0.0081039	2.0266
orig_mask	spearman	PHF6_K562	1	0.25644	0.28101	0.024574	9.5828
orig_mask	spearman	POLR2G_HepG2	2	0.33044	0.34742	0.01698	5.1387
orig_mask	spearman	PPIG_HepG2	4	0.42621	0.426	-0.00020853	-0.048926
orig_mask	spearman	PPIL4_K562	2	0.33405	0.35188	0.017828	5.3369
orig_mask	spearman	PRPF4_HepG2	4	0.3781	0.38371	0.0056106	1.4839
orig_mask	spearman	PRPF8_HepG2	4	0.38415	0.38621	0.0020592	0.53602
orig_mask	spearman	PRPF8_K562	3	0.36829	0.37162	0.0033203	0.90153
orig_mask	spearman	PTBP1_HepG2	4	0.38576	0.3978	0.01204	3.1213
orig_mask	spearman	PTBP1_K562	4	0.38489	0.39284	0.0079556	2.067
orig_mask	spearman	PUM1_K562	4	0.37981	0.38574	0.0059327	1.562
orig_mask	spearman	PUM2_K562	3	0.33968	0.34211	0.0024362	0.71721
orig_mask	spearman	PUS1_K562	1	0.296	0.31798	0.021982	7.4265
orig_mask	spearman	QKI_HepG2	4	0.38427	0.38341	-0.00085491	-0.22248
orig_mask	spearman	QKI_K562	3	0.36197	0.36433	0.0023538	0.65028
orig_mask	spearman	RBFOX2_HepG2	4	0.3757	0.37775	0.0020509	0.54589
orig_mask	spearman	RBFOX2_K562	2	0.33422	0.33881	0.0045828	1.3712
orig_mask	spearman	RBM15_HepG2	2	0.30969	0.31809	0.0084006	2.7126
orig_mask	spearman	RBM15_K562	3	0.36295	0.36892	0.0059778	1.647
orig_mask	spearman	RBM22_HepG2	2	0.3194	0.32418	0.0047787	1.4962
orig_mask	spearman	RBM22_K562	1	0.28504	0.28591	0.00087154	0.30576
orig_mask	spearman	RBM5_HepG2	3	0.34206	0.34737	0.0053085	1.5519
orig_mask	spearman	RPS3_HepG2	4	0.38781	0.42462	0.036802	9.4896
orig_mask	spearman	RPS3_K562	2	0.31971	0.36339	0.043683	13.664
orig_mask	spearman	SAFB2_K562	2	0.33694	0.34347	0.0065317	1.9386
orig_mask	spearman	SAFB_HepG2	2	0.33	0.33934	0.0093315	2.8277
orig_mask	spearman	SAFB_K562	3	0.34903	0.35789	0.0088555	2.5371
orig_mask	spearman	SDAD1_HepG2	2	0.32246	0.37369	0.051234	15.889
orig_mask	spearman	SF3A3_HepG2	2	0.31702	0.33155	0.014528	4.5827
orig_mask	spearman	SF3B4_HepG2	3	0.36932	0.36985	0.00053817	0.14572
orig_mask	spearman	SF3B4_K562	2	0.33348	0.33795	0.0044724	1.3411
orig_mask	spearman	SFPQ_HepG2	2	0.33772	0.33384	-0.003874	-1.1471
orig_mask	spearman	SLTM_HepG2	3	0.3496	0.35913	0.0095361	2.7278
orig_mask	spearman	SLTM_K562	3	0.35641	0.35964	0.0032272	0.90549
orig_mask	spearman	SMNDC1_HepG2	1	0.28934	0.31053	0.021193	7.3245
orig_mask	spearman	SMNDC1_K562	2	0.3206	0.3405	0.019902	6.2078
orig_mask	spearman	SND1_HepG2	4	0.44043	0.46106	0.020624	4.6827
orig_mask	spearman	SND1_K562	4	0.38012	0.39128	0.01116	2.9358
orig_mask	spearman	SRSF1_HepG2	4	0.38004	0.38239	0.0023546	0.61958
orig_mask	spearman	SRSF1_K562	3	0.34993	0.3544	0.0044669	1.2765
orig_mask	spearman	SRSF7_HepG2	1	0.29035	0.35214	0.061791	21.282
orig_mask	spearman	SRSF7_K562	2	0.32307	0.37249	0.049421	15.297
orig_mask	spearman	SRSF9_HepG2	3	0.35974	0.36893	0.0091866	2.5536
orig_mask	spearman	SSB_HepG2	2	0.32088	0.34704	0.02616	8.1525
orig_mask	spearman	SSB_K562	1	0.25494	0.23703	-0.01791	-7.0252
orig_mask	spearman	STAU2_HepG2	3	0.35887	0.36627	0.0073939	2.0603
orig_mask	spearman	SUB1_HepG2	1	0.28272	0.31951	0.036797	13.016
orig_mask	spearman	SUGP2_HepG2	4	0.39165	0.39295	0.0012954	0.33075
orig_mask	spearman	SUPV3L1_HepG2	1	0.26499	0.28432	0.01933	7.2947
orig_mask	spearman	TAF15_HepG2	4	0.37676	0.36645	-0.010301	-2.7342
orig_mask	spearman	TAF15_K562	3	0.34657	0.35191	0.0053472	1.5429
orig_mask	spearman	TARDBP_K562	4	0.39144	0.39013	-0.0013082	-0.33421
orig_mask	spearman	TBRG4_HepG2	1	0.19218	0.25783	0.065646	34.158
orig_mask	spearman	TBRG4_K562	1	0.28699	0.30475	0.017758	6.1877
orig_mask	spearman	TIA1_HepG2	4	0.37822	0.37972	0.0015084	0.39882
orig_mask	spearman	TIA1_K562	3	0.3685	0.36871	0.0002099	0.05696
orig_mask	spearman	TIAL1_HepG2	3	0.35569	0.36532	0.0096276	2.7067
orig_mask	spearman	TRA2A_HepG2	2	0.33544	0.36391	0.028463	8.4853
orig_mask	spearman	TRA2A_K562	3	0.35771	0.38753	0.029816	8.3352
orig_mask	spearman	TROVE2_HepG2	2	0.33144	0.34871	0.017269	5.2102
orig_mask	spearman	TROVE2_K562	2	0.32	0.33933	0.019327	6.0398
orig_mask	spearman	U2AF1_HepG2	4	0.37473	0.38059	0.0058594	1.5636
orig_mask	spearman	U2AF1_K562	3	0.35984	0.37292	0.013081	3.6352
orig_mask	spearman	U2AF2_HepG2	4	0.37281	0.37554	0.0027265	0.73135
orig_mask	spearman	U2AF2_K562	4	0.38898	0.39379	0.0048172	1.2384
orig_mask	spearman	UCHL5_HepG2	4	0.40236	0.40519	0.0028259	0.70234
orig_mask	spearman	UCHL5_K562	4	0.38753	0.39172	0.0041848	1.0798
orig_mask	spearman	UPF1_HepG2	2	0.32796	0.38987	0.061908	18.877
orig_mask	spearman	UPF1_K562	3	0.34898	0.37218	0.0232	6.6481
orig_mask	spearman	UTP18_HepG2	1	0.27742	0.37148	0.094065	33.907
orig_mask	spearman	UTP18_K562	1	0.2743	0.28938	0.015081	5.498
orig_mask	spearman	WDR43_HepG2	1	0.27977	0.34352	0.063755	22.788
orig_mask	spearman	WDR43_K562	1	0.25085	0.27018	0.019336	7.7083
orig_mask	spearman	WRN_K562	1	0.25853	0.28346	0.024937	9.6457
orig_mask	spearman	XPO5_HepG2	1	0.26384	0.27572	0.011881	4.5031
orig_mask	spearman	XRCC6_HepG2	1	0.29547	0.31745	0.021977	7.438
orig_mask	spearman	XRCC6_K562	2	0.33028	0.34252	0.012243	3.707
orig_mask	spearman	XRN2_HepG2	3	0.37259	0.36818	-0.0044096	-1.1835
orig_mask	spearman	XRN2_K562	2	0.33245	0.34413	0.011682	3.5138
orig_mask	spearman	YBX3_HepG2	2	0.31802	0.42292	0.1049	32.986
orig_mask	spearman	YBX3_K562	4	0.42208	0.42632	0.0042454	1.0058
orig_mask	spearman	YWHAG_K562	2	0.31289	0.3298	0.016913	5.4055
orig_mask	spearman	ZC3H11A_HepG2	2	0.33255	0.34399	0.011433	3.438
orig_mask	spearman	ZC3H11A_K562	1	0.301	0.323	0.021998	7.3082
orig_mask	spearman	ZC3H8_K562	1	0.21943	0.24947	0.030039	13.69
orig_mask	spearman	ZNF622_K562	4	0.41203	0.41358	0.0015486	0.37585
orig_mask	spearman	ZNF800_HepG2	4	0.37894	0.39253	0.013591	3.5867
orig_mask	spearman	ZNF800_K562	4	0.39309	0.40921	0.01612	4.1008
orig_mask	spearman	ZRANB2_K562	1	0.27592	0.28968	0.013761	4.9875
